# MagicaVoxel @ Ephtracy

# group
o 

# material
mtllib planet.mtl
usemtl palette

# normals
vn -1 0 0
vn 1 0 0
vn 0 0 1
vn 0 0 -1
vn 0 -1 0
vn 0 1 0

# texcoords
vt 0.00195312 0.5
vt 0.00585938 0.5
vt 0.00976562 0.5
vt 0.0136719 0.5
vt 0.0175781 0.5
vt 0.0214844 0.5
vt 0.0253906 0.5
vt 0.0292969 0.5
vt 0.0332031 0.5
vt 0.0371094 0.5
vt 0.0410156 0.5
vt 0.0449219 0.5
vt 0.0488281 0.5
vt 0.0527344 0.5
vt 0.0566406 0.5
vt 0.0605469 0.5
vt 0.0644531 0.5
vt 0.0683594 0.5
vt 0.0722656 0.5
vt 0.0761719 0.5
vt 0.0800781 0.5
vt 0.0839844 0.5
vt 0.0878906 0.5
vt 0.0917969 0.5
vt 0.0957031 0.5
vt 0.0996094 0.5
vt 0.103516 0.5
vt 0.107422 0.5
vt 0.111328 0.5
vt 0.115234 0.5
vt 0.119141 0.5
vt 0.123047 0.5
vt 0.126953 0.5
vt 0.130859 0.5
vt 0.134766 0.5
vt 0.138672 0.5
vt 0.142578 0.5
vt 0.146484 0.5
vt 0.150391 0.5
vt 0.154297 0.5
vt 0.158203 0.5
vt 0.162109 0.5
vt 0.166016 0.5
vt 0.169922 0.5
vt 0.173828 0.5
vt 0.177734 0.5
vt 0.181641 0.5
vt 0.185547 0.5
vt 0.189453 0.5
vt 0.193359 0.5
vt 0.197266 0.5
vt 0.201172 0.5
vt 0.205078 0.5
vt 0.208984 0.5
vt 0.212891 0.5
vt 0.216797 0.5
vt 0.220703 0.5
vt 0.224609 0.5
vt 0.228516 0.5
vt 0.232422 0.5
vt 0.236328 0.5
vt 0.240234 0.5
vt 0.244141 0.5
vt 0.248047 0.5
vt 0.251953 0.5
vt 0.255859 0.5
vt 0.259766 0.5
vt 0.263672 0.5
vt 0.267578 0.5
vt 0.271484 0.5
vt 0.275391 0.5
vt 0.279297 0.5
vt 0.283203 0.5
vt 0.287109 0.5
vt 0.291016 0.5
vt 0.294922 0.5
vt 0.298828 0.5
vt 0.302734 0.5
vt 0.306641 0.5
vt 0.310547 0.5
vt 0.314453 0.5
vt 0.318359 0.5
vt 0.322266 0.5
vt 0.326172 0.5
vt 0.330078 0.5
vt 0.333984 0.5
vt 0.337891 0.5
vt 0.341797 0.5
vt 0.345703 0.5
vt 0.349609 0.5
vt 0.353516 0.5
vt 0.357422 0.5
vt 0.361328 0.5
vt 0.365234 0.5
vt 0.369141 0.5
vt 0.373047 0.5
vt 0.376953 0.5
vt 0.380859 0.5
vt 0.384766 0.5
vt 0.388672 0.5
vt 0.392578 0.5
vt 0.396484 0.5
vt 0.400391 0.5
vt 0.404297 0.5
vt 0.408203 0.5
vt 0.412109 0.5
vt 0.416016 0.5
vt 0.419922 0.5
vt 0.423828 0.5
vt 0.427734 0.5
vt 0.431641 0.5
vt 0.435547 0.5
vt 0.439453 0.5
vt 0.443359 0.5
vt 0.447266 0.5
vt 0.451172 0.5
vt 0.455078 0.5
vt 0.458984 0.5
vt 0.462891 0.5
vt 0.466797 0.5
vt 0.470703 0.5
vt 0.474609 0.5
vt 0.478516 0.5
vt 0.482422 0.5
vt 0.486328 0.5
vt 0.490234 0.5
vt 0.494141 0.5
vt 0.498047 0.5
vt 0.501953 0.5
vt 0.505859 0.5
vt 0.509766 0.5
vt 0.513672 0.5
vt 0.517578 0.5
vt 0.521484 0.5
vt 0.525391 0.5
vt 0.529297 0.5
vt 0.533203 0.5
vt 0.537109 0.5
vt 0.541016 0.5
vt 0.544922 0.5
vt 0.548828 0.5
vt 0.552734 0.5
vt 0.556641 0.5
vt 0.560547 0.5
vt 0.564453 0.5
vt 0.568359 0.5
vt 0.572266 0.5
vt 0.576172 0.5
vt 0.580078 0.5
vt 0.583984 0.5
vt 0.587891 0.5
vt 0.591797 0.5
vt 0.595703 0.5
vt 0.599609 0.5
vt 0.603516 0.5
vt 0.607422 0.5
vt 0.611328 0.5
vt 0.615234 0.5
vt 0.619141 0.5
vt 0.623047 0.5
vt 0.626953 0.5
vt 0.630859 0.5
vt 0.634766 0.5
vt 0.638672 0.5
vt 0.642578 0.5
vt 0.646484 0.5
vt 0.650391 0.5
vt 0.654297 0.5
vt 0.658203 0.5
vt 0.662109 0.5
vt 0.666016 0.5
vt 0.669922 0.5
vt 0.673828 0.5
vt 0.677734 0.5
vt 0.681641 0.5
vt 0.685547 0.5
vt 0.689453 0.5
vt 0.693359 0.5
vt 0.697266 0.5
vt 0.701172 0.5
vt 0.705078 0.5
vt 0.708984 0.5
vt 0.712891 0.5
vt 0.716797 0.5
vt 0.720703 0.5
vt 0.724609 0.5
vt 0.728516 0.5
vt 0.732422 0.5
vt 0.736328 0.5
vt 0.740234 0.5
vt 0.744141 0.5
vt 0.748047 0.5
vt 0.751953 0.5
vt 0.755859 0.5
vt 0.759766 0.5
vt 0.763672 0.5
vt 0.767578 0.5
vt 0.771484 0.5
vt 0.775391 0.5
vt 0.779297 0.5
vt 0.783203 0.5
vt 0.787109 0.5
vt 0.791016 0.5
vt 0.794922 0.5
vt 0.798828 0.5
vt 0.802734 0.5
vt 0.806641 0.5
vt 0.810547 0.5
vt 0.814453 0.5
vt 0.818359 0.5
vt 0.822266 0.5
vt 0.826172 0.5
vt 0.830078 0.5
vt 0.833984 0.5
vt 0.837891 0.5
vt 0.841797 0.5
vt 0.845703 0.5
vt 0.849609 0.5
vt 0.853516 0.5
vt 0.857422 0.5
vt 0.861328 0.5
vt 0.865234 0.5
vt 0.869141 0.5
vt 0.873047 0.5
vt 0.876953 0.5
vt 0.880859 0.5
vt 0.884766 0.5
vt 0.888672 0.5
vt 0.892578 0.5
vt 0.896484 0.5
vt 0.900391 0.5
vt 0.904297 0.5
vt 0.908203 0.5
vt 0.912109 0.5
vt 0.916016 0.5
vt 0.919922 0.5
vt 0.923828 0.5
vt 0.927734 0.5
vt 0.931641 0.5
vt 0.935547 0.5
vt 0.939453 0.5
vt 0.943359 0.5
vt 0.947266 0.5
vt 0.951172 0.5
vt 0.955078 0.5
vt 0.958984 0.5
vt 0.962891 0.5
vt 0.966797 0.5
vt 0.970703 0.5
vt 0.974609 0.5
vt 0.978516 0.5
vt 0.982422 0.5
vt 0.986328 0.5
vt 0.990234 0.5
vt 0.994141 0.5

# verts
v -0.8 -5.9 0.3
v -0.8 -5.9 0.2
v -0.8 -5.9 0.0999998
v -0.8 -5.9 -1.78814e-07
v -0.8 -5.9 -0.1
v -0.8 -5.8 0.4
v -0.8 -5.8 0.3
v -0.8 -5.8 0.2
v -0.8 -5.8 0.0999998
v -0.8 -5.8 -1.78814e-07
v -0.8 -5.8 -0.1
v -0.8 -5.8 -0.2
v -0.8 -5.7 0.4
v -0.8 -5.7 0.3
v -0.8 -5.7 0.2
v -0.8 -5.7 0.0999998
v -0.8 -5.7 -1.78814e-07
v -0.8 -5.7 -0.1
v -0.8 -5.7 -0.2
v -0.8 -5.6 0.4
v -0.8 -5.6 0.3
v -0.8 -5.6 0.2
v -0.8 -5.6 0.0999998
v -0.8 -5.6 -1.78814e-07
v -0.8 -5.6 -0.1
v -0.8 -5.6 -0.2
v -0.8 -5.6 -0.3
v -0.8 -5.5 0.4
v -0.8 -5.5 0.3
v -0.8 -5.5 0.2
v -0.8 -5.5 0.0999998
v -0.8 -5.5 -1.78814e-07
v -0.8 -5.5 -0.1
v -0.8 -5.5 -0.2
v -0.8 -5.5 -0.3
v -0.8 -5.4 0.4
v -0.8 -5.4 0.3
v -0.8 -5.4 0.2
v -0.8 -5.4 0.0999998
v -0.8 -5.4 -1.78814e-07
v -0.8 -5.4 -0.1
v -0.8 -5.4 -0.2
v -0.8 -5.3 0.3
v -0.8 -5.3 0.2
v -0.8 -5.3 0.0999998
v -0.8 -5.3 -1.78814e-07
v -0.8 -5.3 -0.1
v -0.8 -5.3 -0.2
v -0.8 -5.2 0.0999998
v -0.8 -5.2 -1.78814e-07
v -0.7 -6.1 0.2
v -0.7 -6.1 0.0999998
v -0.7 -6.1 -1.78814e-07
v -0.7 -6 0.4
v -0.7 -6 0.3
v -0.7 -6 0.2
v -0.7 -6 0.0999998
v -0.7 -6 -1.78814e-07
v -0.7 -6 -0.1
v -0.7 -6 -0.2
v -0.7 -5.9 0.5
v -0.7 -5.9 0.4
v -0.7 -5.9 0.3
v -0.7 -5.9 0.2
v -0.7 -5.9 0.0999998
v -0.7 -5.9 -1.78814e-07
v -0.7 -5.9 -0.1
v -0.7 -5.9 -0.2
v -0.7 -5.9 -0.3
v -0.7 -5.8 0.5
v -0.7 -5.8 0.4
v -0.7 -5.8 0.3
v -0.7 -5.8 -0.1
v -0.7 -5.8 -0.2
v -0.7 -5.8 -0.3
v -0.7 -5.8 -0.4
v -0.7 -5.7 0.6
v -0.7 -5.7 0.5
v -0.7 -5.7 0.4
v -0.7 -5.7 -0.2
v -0.7 -5.7 -0.3
v -0.7 -5.7 -0.4
v -0.7 -5.6 0.6
v -0.7 -5.6 0.5
v -0.7 -5.6 0.4
v -0.7 -5.6 -0.2
v -0.7 -5.6 -0.3
v -0.7 -5.6 -0.4
v -0.7 -5.5 0.6
v -0.7 -5.5 0.5
v -0.7 -5.5 0.4
v -0.7 -5.5 -0.2
v -0.7 -5.5 -0.3
v -0.7 -5.5 -0.4
v -0.7 -5.4 0.5
v -0.7 -5.4 0.4
v -0.7 -5.4 0.3
v -0.7 -5.4 -0.2
v -0.7 -5.4 -0.3
v -0.7 -5.4 -0.4
v -0.7 -5.3 0.5
v -0.7 -5.3 0.4
v -0.7 -5.3 0.3
v -0.7 -5.3 0.2
v -0.7 -5.3 0.0999998
v -0.7 -5.3 -1.78814e-07
v -0.7 -5.3 -0.1
v -0.7 -5.3 -0.2
v -0.7 -5.3 -0.3
v -0.7 -5.3 -0.4
v -0.7 -5.2 0.4
v -0.7 -5.2 0.3
v -0.7 -5.2 0.2
v -0.7 -5.2 0.0999998
v -0.7 -5.2 -1.78814e-07
v -0.7 -5.2 -0.1
v -0.7 -5.2 -0.2
v -0.7 -5.2 -0.3
v -0.7 -5.1 0.3
v -0.7 -5.1 0.2
v -0.7 -5.1 0.0999998
v -0.7 -5.1 -1.78814e-07
v -0.7 -5.1 -0.1
v -0.7 -5.1 -0.2
v -0.6 -6.2 0.2
v -0.6 -6.2 0.0999998
v -0.6 -6.2 -1.78814e-07
v -0.6 -6.1 0.4
v -0.6 -6.1 0.3
v -0.6 -6.1 0.2
v -0.6 -6.1 0.0999998
v -0.6 -6.1 -1.78814e-07
v -0.6 -6.1 -0.1
v -0.6 -6.1 -0.2
v -0.6 -6.1 -0.3
v -0.6 -6 0.5
v -0.6 -6 0.4
v -0.6 -6 0.3
v -0.6 -6 0.2
v -0.6 -6 -1.78814e-07
v -0.6 -6 -0.1
v -0.6 -6 -0.2
v -0.6 -6 -0.3
v -0.6 -6 -0.4
v -0.6 -5.9 0.6
v -0.6 -5.9 0.5
v -0.6 -5.9 0.4
v -0.6 -5.9 -0.2
v -0.6 -5.9 -0.3
v -0.6 -5.9 -0.4
v -0.6 -5.8 0.6
v -0.6 -5.8 0.5
v -0.6 -5.8 -0.3
v -0.6 -5.8 -0.4
v -0.6 -5.8 -0.5
v -0.6 -5.7 0.7
v -0.6 -5.7 0.6
v -0.6 -5.7 0.5
v -0.6 -5.7 -0.4
v -0.6 -5.7 -0.5
v -0.6 -5.6 0.7
v -0.6 -5.6 0.6
v -0.6 -5.6 -0.4
v -0.6 -5.6 -0.5
v -0.6 -5.5 0.7
v -0.6 -5.5 0.6
v -0.6 -5.5 0.5
v -0.6 -5.5 -0.4
v -0.6 -5.5 -0.5
v -0.6 -5.4 0.6
v -0.6 -5.4 0.5
v -0.6 -5.4 -0.4
v -0.6 -5.4 -0.5
v -0.6 -5.3 0.6
v -0.6 -5.3 0.5
v -0.6 -5.3 0.4
v -0.6 -5.3 -0.3
v -0.6 -5.3 -0.4
v -0.6 -5.3 -0.5
v -0.6 -5.2 0.6
v -0.6 -5.2 0.5
v -0.6 -5.2 0.4
v -0.6 -5.2 0.3
v -0.6 -5.2 -0.2
v -0.6 -5.2 -0.3
v -0.6 -5.2 -0.4
v -0.6 -5.1 0.5
v -0.6 -5.1 0.4
v -0.6 -5.1 0.3
v -0.6 -5.1 0.2
v -0.6 -5.1 0.0999998
v -0.6 -5.1 -1.78814e-07
v -0.6 -5.1 -0.1
v -0.6 -5.1 -0.2
v -0.6 -5.1 -0.3
v -0.6 -5 0.3
v -0.6 -5 0.2
v -0.6 -5 0.0999998
v -0.6 -5 -1.78814e-07
v -0.6 -5 -0.1
v -0.6 -5 -0.2
v -0.5 -6.2 0.4
v -0.5 -6.2 0.3
v -0.5 -6.2 0.2
v -0.5 -6.2 -1.78814e-07
v -0.5 -6.2 -0.1
v -0.5 -6.2 -0.2
v -0.5 -6.1 0.5
v -0.5 -6.1 0.4
v -0.5 -6.1 0.3
v -0.5 -6.1 0.2
v -0.5 -6.1 -1.78814e-07
v -0.5 -6.1 -0.1
v -0.5 -6.1 -0.2
v -0.5 -6.1 -0.3
v -0.5 -6.1 -0.4
v -0.5 -6 0.6
v -0.5 -6 0.5
v -0.5 -6 0.4
v -0.5 -6 -0.3
v -0.5 -6 -0.4
v -0.5 -6 -0.5
v -0.5 -5.9 0.7
v -0.5 -5.9 0.6
v -0.5 -5.9 0.5
v -0.5 -5.9 -0.4
v -0.5 -5.9 -0.5
v -0.5 -5.8 0.7
v -0.5 -5.8 0.6
v -0.5 -5.8 -0.4
v -0.5 -5.8 -0.5
v -0.5 -5.8 -0.6
v -0.5 -5.7 0.7
v -0.5 -5.7 0.6
v -0.5 -5.7 -0.5
v -0.5 -5.7 -0.6
v -0.5 -5.6 -0.5
v -0.5 -5.6 -0.6
v -0.5 -5.5 0.7
v -0.5 -5.5 0.6
v -0.5 -5.5 -0.5
v -0.5 -5.5 -0.6
v -0.5 -5.4 0.7
v -0.5 -5.4 0.6
v -0.5 -5.4 -0.5
v -0.5 -5.4 -0.6
v -0.5 -5.3 0.7
v -0.5 -5.3 0.6
v -0.5 -5.3 -0.4
v -0.5 -5.3 -0.5
v -0.5 -5.2 0.6
v -0.5 -5.2 0.5
v -0.5 -5.2 -0.3
v -0.5 -5.2 -0.4
v -0.5 -5.2 -0.5
v -0.5 -5.1 0.6
v -0.5 -5.1 0.5
v -0.5 -5.1 0.4
v -0.5 -5.1 0.3
v -0.5 -5.1 -0.2
v -0.5 -5.1 -0.3
v -0.5 -5.1 -0.4
v -0.5 -5 0.5
v -0.5 -5 0.4
v -0.5 -5 0.3
v -0.5 -5 0.2
v -0.5 -5 0.0999998
v -0.5 -5 -1.78814e-07
v -0.5 -5 -0.1
v -0.5 -5 -0.2
v -0.5 -5 -0.3
v -0.5 -4.9 0.3
v -0.5 -4.9 0.2
v -0.5 -4.9 0.0999998
v -0.5 -4.9 -1.78814e-07
v -0.5 -4.9 -0.1
v -0.4 -6.3 0.3
v -0.4 -6.3 0.2
v -0.4 -6.3 0.0999998
v -0.4 -6.3 -1.78814e-07
v -0.4 -6.3 -0.1
v -0.4 -6.2 0.5
v -0.4 -6.2 0.4
v -0.4 -6.2 0.3
v -0.4 -6.2 0.2
v -0.4 -6.2 0.0999998
v -0.4 -6.2 -1.78814e-07
v -0.4 -6.2 -0.1
v -0.4 -6.2 -0.2
v -0.4 -6.2 -0.3
v -0.4 -6.1 0.6
v -0.4 -6.1 0.5
v -0.4 -6.1 0.4
v -0.4 -6.1 -0.2
v -0.4 -6.1 -0.3
v -0.4 -6 0.7
v -0.4 -6 0.6
v -0.4 -6 0.5
v -0.4 -5.9 0.7
v -0.4 -5.9 0.6
v -0.4 -5.9 -0.5
v -0.4 -5.9 -0.6
v -0.4 -5.8 0.8
v -0.4 -5.8 0.7
v -0.4 -5.8 -0.5
v -0.4 -5.8 -0.6
v -0.4 -5.7 0.8
v -0.4 -5.7 0.7
v -0.4 -5.6 0.8
v -0.4 -5.6 0.7
v -0.4 -5.5 0.8
v -0.4 -5.5 0.7
v -0.4 -5.4 0.8
v -0.4 -5.4 0.7
v -0.4 -5.4 -0.5
v -0.4 -5.4 -0.6
v -0.4 -5.3 0.7
v -0.4 -5.3 0.6
v -0.4 -5.3 -0.5
v -0.4 -5.3 -0.6
v -0.4 -5.2 0.7
v -0.4 -5.2 0.6
v -0.4 -5.2 -0.4
v -0.4 -5.2 -0.5
v -0.4 -5.1 -0.3
v -0.4 -5.1 -0.4
v -0.4 -5.1 -0.5
v -0.4 -5 0.4
v -0.4 -5 0.3
v -0.4 -5 -0.1
v -0.4 -5 -0.2
v -0.4 -5 -0.3
v -0.4 -5 -0.4
v -0.4 -4.9 0.4
v -0.4 -4.9 0.3
v -0.4 -4.9 -0.1
v -0.4 -4.9 -0.2
v -0.3 -6.3 0.4
v -0.3 -6.3 0.3
v -0.3 -6.3 -0.1
v -0.3 -6.3 -0.2
v -0.3 -6.2 0.4
v -0.3 -6.2 0.3
v -0.3 -6.2 -0.1
v -0.3 -6.2 -0.2
v -0.3 -6.2 -0.3
v -0.3 -6.2 -0.4
v -0.3 -6.1 -0.3
v -0.3 -6.1 -0.4
v -0.3 -6.1 -0.5
v -0.3 -6 -0.4
v -0.3 -6 -0.5
v -0.3 -6 -0.6
v -0.3 -5.9 0.8
v -0.3 -5.9 0.7
v -0.3 -5.9 -0.5
v -0.3 -5.9 -0.6
v -0.3 -5.8 0.8
v -0.3 -5.8 0.7
v -0.3 -5.7 -0.6
v -0.3 -5.7 -0.7
v -0.3 -5.6 -0.6
v -0.3 -5.6 -0.7
v -0.3 -5.5 -0.6
v -0.3 -5.5 -0.7
v -0.3 -5.4 0.8
v -0.3 -5.4 0.7
v -0.3 -5.3 0.8
v -0.3 -5.3 0.7
v -0.3 -5.3 -0.5
v -0.3 -5.3 -0.6
v -0.3 -5.2 0.7
v -0.3 -5.2 0.6
v -0.3 -5.2 -0.5
v -0.3 -5.2 -0.6
v -0.3 -5.1 0.7
v -0.3 -5.1 0.6
v -0.3 -5.1 0.5
v -0.3 -5 0.6
v -0.3 -5 0.5
v -0.3 -5 0.4
v -0.3 -5 -0.2
v -0.3 -5 -0.3
v -0.3 -4.9 0.5
v -0.3 -4.9 0.4
v -0.3 -4.9 0.2
v -0.3 -4.9 0.0999998
v -0.3 -4.9 -1.78814e-07
v -0.3 -4.9 -0.2
v -0.3 -4.9 -0.3
v -0.3 -4.8 0.2
v -0.3 -4.8 0.0999998
v -0.3 -4.8 -1.78814e-07
v -0.2 -6.2 0.6
v -0.2 -6.2 0.5
v -0.2 -6.1 0.7
v -0.2 -6.1 0.6
v -0.2 -6.1 0.5
v -0.2 -6 0.7
v -0.2 -6 0.6
v -0.2 -5.8 -0.6
v -0.2 -5.8 -0.7
v -0.2 -5.7 -0.6
v -0.2 -5.7 -0.7
v -0.2 -5.5 -0.6
v -0.2 -5.5 -0.7
v -0.2 -5.4 -0.6
v -0.2 -5.4 -0.7
v -0.2 -5.1 -0.4
v -0.2 -5.1 -0.5
v -0.2 -5 -0.4
v -0.2 -5 -0.5
v -0.2 -4.9 0.3
v -0.2 -4.9 0.2
v -0.2 -4.9 -1.78814e-07
v -0.2 -4.9 -0.1
v -0.2 -4.8 0.3
v -0.2 -4.8 0.2
v -0.2 -4.8 -1.78814e-07
v -0.2 -4.8 -0.1
v -0.0999998 -6.3 -0.2
v -0.0999998 -6.3 -0.3
v -0.0999998 -6.2 -0.2
v -0.0999998 -6.2 -0.3
v -0.0999998 -5.3 0.8
v -0.0999998 -5.3 0.7
v -0.0999998 -5.2 0.8
v -0.0999998 -5.2 0.7
v 1.78814e-07 -6.3 -0.2
v 1.78814e-07 -6.3 -0.3
v 1.78814e-07 -6.2 0.6
v 1.78814e-07 -6.2 0.5
v 1.78814e-07 -6.2 -0.2
v 1.78814e-07 -6.2 -0.3
v 1.78814e-07 -6.1 0.7
v 1.78814e-07 -6.1 0.6
v 1.78814e-07 -6.1 0.5
v 1.78814e-07 -6 0.7
v 1.78814e-07 -6 0.6
v 1.78814e-07 -5.8 -0.6
v 1.78814e-07 -5.8 -0.7
v 1.78814e-07 -5.7 -0.6
v 1.78814e-07 -5.7 -0.7
v 1.78814e-07 -5.3 0.8
v 1.78814e-07 -5.3 0.7
v 1.78814e-07 -5.2 0.8
v 1.78814e-07 -5.2 0.7
v 1.78814e-07 -5.1 -0.4
v 1.78814e-07 -5.1 -0.5
v 1.78814e-07 -5 -0.4
v 1.78814e-07 -5 -0.5
v 1.78814e-07 -4.9 0.3
v 1.78814e-07 -4.9 0.2
v 1.78814e-07 -4.8 0.3
v 1.78814e-07 -4.8 0.2
v 0.1 -6.3 0.4
v 0.1 -6.3 0.3
v 0.1 -6.2 0.4
v 0.1 -6.2 0.3
v 0.1 -6 -0.5
v 0.1 -6 -0.6
v 0.1 -5.9 0.8
v 0.1 -5.9 0.7
v 0.1 -5.9 -0.5
v 0.1 -5.9 -0.6
v 0.1 -5.8 0.8
v 0.1 -5.8 0.7
v 0.1 -5.7 -0.6
v 0.1 -5.7 -0.7
v 0.1 -5.6 -0.6
v 0.1 -5.6 -0.7
v 0.1 -5.5 -0.6
v 0.1 -5.5 -0.7
v 0.1 -5.4 -0.6
v 0.1 -5.4 -0.7
v 0.1 -5 0.5
v 0.1 -5 0.4
v 0.1 -4.9 0.5
v 0.1 -4.9 0.4
v 0.1 -4.9 0.2
v 0.1 -4.9 0.0999998
v 0.1 -4.9 -1.78814e-07
v 0.1 -4.9 -0.1
v 0.1 -4.8 0.2
v 0.1 -4.8 0.0999998
v 0.1 -4.8 -1.78814e-07
v 0.1 -4.8 -0.1
v 0.2 -6.3 0.3
v 0.2 -6.3 0.2
v 0.2 -6.3 0.0999998
v 0.2 -6.3 -1.78814e-07
v 0.2 -6.3 -0.1
v 0.2 -6.3 -0.2
v 0.2 -6.2 0.5
v 0.2 -6.2 0.4
v 0.2 -6.2 0.3
v 0.2 -6.2 0.2
v 0.2 -6.2 0.0999998
v 0.2 -6.2 -1.78814e-07
v 0.2 -6.2 -0.1
v 0.2 -6.2 -0.2
v 0.2 -6.2 -0.3
v 0.2 -6.2 -0.4
v 0.2 -6.1 0.5
v 0.2 -6.1 0.4
v 0.2 -6.1 -0.3
v 0.2 -6.1 -0.4
v 0.2 -6.1 -0.5
v 0.2 -6 0.7
v 0.2 -6 0.6
v 0.2 -6 -0.4
v 0.2 -6 -0.5
v 0.2 -5.9 0.7
v 0.2 -5.9 0.6
v 0.2 -5.9 -0.5
v 0.2 -5.9 -0.6
v 0.2 -5.8 0.8
v 0.2 -5.8 0.7
v 0.2 -5.8 -0.5
v 0.2 -5.8 -0.6
v 0.2 -5.7 0.8
v 0.2 -5.7 0.7
v 0.2 -5.6 0.8
v 0.2 -5.6 0.7
v 0.2 -5.5 0.8
v 0.2 -5.5 0.7
v 0.2 -5.4 0.8
v 0.2 -5.4 0.7
v 0.2 -5.3 0.8
v 0.2 -5.3 0.7
v 0.2 -5.3 -0.5
v 0.2 -5.3 -0.6
v 0.2 -5.2 0.7
v 0.2 -5.2 0.6
v 0.2 -5.2 -0.5
v 0.2 -5.2 -0.6
v 0.2 -5.1 0.7
v 0.2 -5.1 0.6
v 0.2 -5.1 0.5
v 0.2 -5 0.6
v 0.2 -5 0.5
v 0.2 -5 0.4
v 0.2 -5 0.3
v 0.2 -5 -0.2
v 0.2 -5 -0.3
v 0.2 -4.9 0.4
v 0.2 -4.9 0.3
v 0.2 -4.9 -0.2
v 0.2 -4.9 -0.3
v 0.3 -6.3 0.0999998
v 0.3 -6.3 -1.78814e-07
v 0.3 -6.2 0.4
v 0.3 -6.2 0.3
v 0.3 -6.2 0.0999998
v 0.3 -6.2 -1.78814e-07
v 0.3 -6.2 -0.2
v 0.3 -6.2 -0.3
v 0.3 -6.1 0.6
v 0.3 -6.1 0.5
v 0.3 -6.1 0.4
v 0.3 -6.1 0.3
v 0.3 -6.1 -0.2
v 0.3 -6.1 -0.3
v 0.3 -6.1 -0.4
v 0.3 -6 0.6
v 0.3 -6 0.5
v 0.3 -6 -0.3
v 0.3 -6 -0.4
v 0.3 -6 -0.5
v 0.3 -5.9 0.7
v 0.3 -5.9 0.6
v 0.3 -5.9 -0.4
v 0.3 -5.9 -0.5
v 0.3 -5.8 0.7
v 0.3 -5.8 0.6
v 0.3 -5.8 -0.5
v 0.3 -5.8 -0.6
v 0.3 -5.7 -0.5
v 0.3 -5.7 -0.6
v 0.3 -5.6 0.8
v 0.3 -5.6 0.7
v 0.3 -5.6 -0.5
v 0.3 -5.6 -0.6
v 0.3 -5.5 0.8
v 0.3 -5.5 0.7
v 0.3 -5.5 -0.5
v 0.3 -5.5 -0.6
v 0.3 -5.4 -0.5
v 0.3 -5.4 -0.6
v 0.3 -5.3 0.7
v 0.3 -5.3 0.6
v 0.3 -5.3 -0.5
v 0.3 -5.3 -0.6
v 0.3 -5.2 0.7
v 0.3 -5.2 0.6
v 0.3 -5.2 0.5
v 0.3 -5.2 -0.4
v 0.3 -5.2 -0.5
v 0.3 -5.1 0.6
v 0.3 -5.1 0.5
v 0.3 -5.1 0.4
v 0.3 -5.1 -0.3
v 0.3 -5.1 -0.4
v 0.3 -5.1 -0.5
v 0.3 -5 0.5
v 0.3 -5 0.4
v 0.3 -5 0.3
v 0.3 -5 0.2
v 0.3 -5 0.0999998
v 0.3 -5 -1.78814e-07
v 0.3 -5 -0.1
v 0.3 -5 -0.2
v 0.3 -5 -0.3
v 0.3 -5 -0.4
v 0.3 -4.9 0.3
v 0.3 -4.9 0.2
v 0.3 -4.9 0.0999998
v 0.3 -4.9 -1.78814e-07
v 0.3 -4.9 -0.1
v 0.3 -4.9 -0.2
v 0.4 -6.2 0.3
v 0.4 -6.2 0.2
v 0.4 -6.2 0.0999998
v 0.4 -6.2 -1.78814e-07
v 0.4 -6.2 -0.1
v 0.4 -6.2 -0.2
v 0.4 -6.1 0.5
v 0.4 -6.1 0.4
v 0.4 -6.1 0.3
v 0.4 -6.1 0.2
v 0.4 -6.1 0.0999998
v 0.4 -6.1 -1.78814e-07
v 0.4 -6.1 -0.1
v 0.4 -6.1 -0.2
v 0.4 -6.1 -0.3
v 0.4 -6 0.6
v 0.4 -6 0.5
v 0.4 -6 0.4
v 0.4 -6 0.3
v 0.4 -6 -0.2
v 0.4 -6 -0.3
v 0.4 -6 -0.4
v 0.4 -5.9 0.6
v 0.4 -5.9 0.5
v 0.4 -5.9 -0.3
v 0.4 -5.9 -0.4
v 0.4 -5.9 -0.5
v 0.4 -5.8 0.7
v 0.4 -5.8 0.6
v 0.4 -5.8 0.5
v 0.4 -5.8 -0.4
v 0.4 -5.8 -0.5
v 0.4 -5.7 0.7
v 0.4 -5.7 0.6
v 0.4 -5.7 -0.4
v 0.4 -5.7 -0.5
v 0.4 -5.6 0.7
v 0.4 -5.6 0.6
v 0.4 -5.5 0.7
v 0.4 -5.5 0.6
v 0.4 -5.5 -0.4
v 0.4 -5.5 -0.5
v 0.4 -5.4 0.7
v 0.4 -5.4 0.6
v 0.4 -5.4 -0.4
v 0.4 -5.4 -0.5
v 0.4 -5.3 0.7
v 0.4 -5.3 0.6
v 0.4 -5.3 0.5
v 0.4 -5.3 -0.4
v 0.4 -5.3 -0.5
v 0.4 -5.2 0.6
v 0.4 -5.2 0.5
v 0.4 -5.2 0.4
v 0.4 -5.2 -0.3
v 0.4 -5.2 -0.4
v 0.4 -5.2 -0.5
v 0.4 -5.1 0.5
v 0.4 -5.1 0.4
v 0.4 -5.1 0.3
v 0.4 -5.1 0.2
v 0.4 -5.1 -1.78814e-07
v 0.4 -5.1 -0.1
v 0.4 -5.1 -0.2
v 0.4 -5.1 -0.3
v 0.4 -5.1 -0.4
v 0.4 -5 0.4
v 0.4 -5 0.3
v 0.4 -5 0.2
v 0.4 -5 -1.78814e-07
v 0.4 -5 -0.1
v 0.4 -5 -0.2
v 0.4 -5 -0.3
v 0.5 -6.1 0.3
v 0.5 -6.1 0.2
v 0.5 -6.1 0.0999998
v 0.5 -6.1 -1.78814e-07
v 0.5 -6.1 -0.1
v 0.5 -6.1 -0.2
v 0.5 -6 0.5
v 0.5 -6 0.4
v 0.5 -6 0.3
v 0.5 -6 0.2
v 0.5 -6 0.0999998
v 0.5 -6 -1.78814e-07
v 0.5 -6 -0.1
v 0.5 -6 -0.2
v 0.5 -6 -0.3
v 0.5 -5.9 0.5
v 0.5 -5.9 0.4
v 0.5 -5.9 0.3
v 0.5 -5.9 -0.1
v 0.5 -5.9 -0.2
v 0.5 -5.9 -0.3
v 0.5 -5.9 -0.4
v 0.5 -5.8 0.6
v 0.5 -5.8 0.5
v 0.5 -5.8 0.4
v 0.5 -5.8 -0.2
v 0.5 -5.8 -0.3
v 0.5 -5.8 -0.4
v 0.5 -5.7 0.6
v 0.5 -5.7 0.5
v 0.5 -5.7 -0.3
v 0.5 -5.7 -0.4
v 0.5 -5.7 -0.5
v 0.5 -5.6 0.6
v 0.5 -5.6 0.5
v 0.5 -5.6 -0.3
v 0.5 -5.6 -0.4
v 0.5 -5.6 -0.5
v 0.5 -5.5 0.6
v 0.5 -5.5 0.5
v 0.5 -5.5 -0.3
v 0.5 -5.5 -0.4
v 0.5 -5.5 -0.5
v 0.5 -5.4 0.6
v 0.5 -5.4 0.5
v 0.5 -5.4 0.4
v 0.5 -5.4 -0.3
v 0.5 -5.4 -0.4
v 0.5 -5.3 0.6
v 0.5 -5.3 0.5
v 0.5 -5.3 0.4
v 0.5 -5.3 0.3
v 0.5 -5.3 -0.2
v 0.5 -5.3 -0.3
v 0.5 -5.3 -0.4
v 0.5 -5.2 0.5
v 0.5 -5.2 0.4
v 0.5 -5.2 0.3
v 0.5 -5.2 0.2
v 0.5 -5.2 0.0999998
v 0.5 -5.2 -1.78814e-07
v 0.5 -5.2 -0.1
v 0.5 -5.2 -0.2
v 0.5 -5.2 -0.3
v 0.5 -5.2 -0.4
v 0.5 -5.1 0.4
v 0.5 -5.1 0.3
v 0.5 -5.1 0.2
v 0.5 -5.1 0.0999998
v 0.5 -5.1 -1.78814e-07
v 0.5 -5.1 -0.1
v 0.5 -5.1 -0.2
v 0.5 -5.1 -0.3
v 0.5 -5 0.2
v 0.5 -5 0.0999998
v 0.5 -5 -1.78814e-07
v 0.6 -6 0.3
v 0.6 -6 0.0999998
v 0.6 -6 -1.78814e-07
v 0.6 -6 -0.1
v 0.6 -5.9 0.4
v 0.6 -5.9 0.3
v 0.6 -5.9 0.2
v 0.6 -5.9 0.0999998
v 0.6 -5.9 -1.78814e-07
v 0.6 -5.9 -0.1
v 0.6 -5.9 -0.2
v 0.6 -5.8 0.5
v 0.6 -5.8 0.4
v 0.6 -5.8 0.3
v 0.6 -5.8 0.2
v 0.6 -5.8 0.0999998
v 0.6 -5.8 -1.78814e-07
v 0.6 -5.8 -0.1
v 0.6 -5.8 -0.2
v 0.6 -5.8 -0.3
v 0.6 -5.7 0.5
v 0.6 -5.7 0.4
v 0.6 -5.7 0.3
v 0.6 -5.7 0.2
v 0.6 -5.7 -1.78814e-07
v 0.6 -5.7 -0.1
v 0.6 -5.7 -0.2
v 0.6 -5.7 -0.3
v 0.6 -5.6 0.5
v 0.6 -5.6 0.4
v 0.6 -5.6 0.3
v 0.6 -5.6 -0.1
v 0.6 -5.6 -0.2
v 0.6 -5.6 -0.3
v 0.6 -5.5 0.5
v 0.6 -5.5 0.4
v 0.6 -5.5 0.3
v 0.6 -5.5 0.2
v 0.6 -5.5 -0.1
v 0.6 -5.5 -0.2
v 0.6 -5.5 -0.3
v 0.6 -5.4 0.5
v 0.6 -5.4 0.4
v 0.6 -5.4 0.3
v 0.6 -5.4 0.2
v 0.6 -5.4 0.0999998
v 0.6 -5.4 -1.78814e-07
v 0.6 -5.4 -0.1
v 0.6 -5.4 -0.2
v 0.6 -5.4 -0.3
v 0.6 -5.3 0.4
v 0.6 -5.3 0.3
v 0.6 -5.3 0.2
v 0.6 -5.3 0.0999998
v 0.6 -5.3 -1.78814e-07
v 0.6 -5.3 -0.1
v 0.6 -5.3 -0.2
v 0.6 -5.3 -0.3
v 0.6 -5.2 0.3
v 0.6 -5.2 0.2
v 0.6 -5.2 0.0999998
v 0.6 -5.2 -1.78814e-07
v 0.6 -5.2 -0.1
v 0.6 -5.2 -0.2
v 0.7 -5.8 0.2
v 0.7 -5.8 0.0999998
v 0.7 -5.8 -1.78814e-07
v 0.7 -5.7 0.3
v 0.7 -5.7 0.2
v 0.7 -5.7 0.0999998
v 0.7 -5.7 -1.78814e-07
v 0.7 -5.7 -0.1
v 0.7 -5.6 0.3
v 0.7 -5.6 0.2
v 0.7 -5.6 0.0999998
v 0.7 -5.6 -1.78814e-07
v 0.7 -5.6 -0.1
v 0.7 -5.5 0.3
v 0.7 -5.5 0.2
v 0.7 -5.5 0.0999998
v 0.7 -5.5 -1.78814e-07
v 0.7 -5.5 -0.1
v 0.7 -5.4 0.2
v 0.7 -5.4 0.0999998
v 0.7 -5.4 -1.78814e-07
v 0.7 -5.4 -0.1
v -0.4 -5.8 0.8
v -0.4 -5.7 0.8
v -0.4 -5.6 0.8
v -0.4 -5.5 0.8
v -0.4 -5.4 0.8
v -0.3 -5.9 0.8
v -0.3 -5.8 0.8
v -0.3 -5.7 0.8
v -0.3 -5.6 0.8
v -0.3 -5.5 0.8
v -0.3 -5.4 0.8
v -0.3 -5.3 0.8
v -0.2 -5.9 0.8
v -0.2 -5.8 0.8
v -0.2 -5.7 0.8
v -0.2 -5.6 0.8
v -0.2 -5.5 0.8
v -0.2 -5.4 0.8
v -0.2 -5.3 0.8
v -0.0999998 -5.9 0.8
v -0.0999998 -5.8 0.8
v -0.0999998 -5.7 0.8
v -0.0999998 -5.6 0.8
v -0.0999998 -5.5 0.8
v -0.0999998 -5.4 0.8
v -0.0999998 -5.3 0.8
v -0.0999998 -5.2 0.8
v 1.78814e-07 -5.9 0.8
v 1.78814e-07 -5.8 0.8
v 1.78814e-07 -5.7 0.8
v 1.78814e-07 -5.6 0.8
v 1.78814e-07 -5.5 0.8
v 1.78814e-07 -5.4 0.8
v 1.78814e-07 -5.3 0.8
v 1.78814e-07 -5.2 0.8
v 0.1 -5.9 0.8
v 0.1 -5.8 0.8
v 0.1 -5.7 0.8
v 0.1 -5.6 0.8
v 0.1 -5.5 0.8
v 0.1 -5.4 0.8
v 0.1 -5.3 0.8
v 0.2 -5.8 0.8
v 0.2 -5.7 0.8
v 0.2 -5.6 0.8
v 0.2 -5.5 0.8
v 0.2 -5.4 0.8
v 0.2 -5.3 0.8
v 0.3 -5.6 0.8
v 0.3 -5.5 0.8
v -0.6 -5.7 0.7
v -0.6 -5.6 0.7
v -0.6 -5.5 0.7
v -0.5 -5.9 0.7
v -0.5 -5.8 0.7
v -0.5 -5.7 0.7
v -0.5 -5.6 0.7
v -0.5 -5.5 0.7
v -0.5 -5.4 0.7
v -0.5 -5.3 0.7
v -0.4 -6 0.7
v -0.4 -5.9 0.7
v -0.4 -5.8 0.7
v -0.4 -5.7 0.7
v -0.4 -5.6 0.7
v -0.4 -5.5 0.7
v -0.4 -5.4 0.7
v -0.4 -5.3 0.7
v -0.4 -5.2 0.7
v -0.3 -6 0.7
v -0.3 -5.9 0.7
v -0.3 -5.8 0.7
v -0.3 -5.4 0.7
v -0.3 -5.3 0.7
v -0.3 -5.2 0.7
v -0.3 -5.1 0.7
v -0.2 -6.1 0.7
v -0.2 -6 0.7
v -0.2 -5.9 0.7
v -0.2 -5.3 0.7
v -0.2 -5.2 0.7
v -0.2 -5.1 0.7
v -0.0999998 -6.1 0.7
v -0.0999998 -6 0.7
v -0.0999998 -5.9 0.7
v -0.0999998 -5.3 0.7
v -0.0999998 -5.2 0.7
v -0.0999998 -5.1 0.7
v 1.78814e-07 -6.1 0.7
v 1.78814e-07 -6 0.7
v 1.78814e-07 -5.9 0.7
v 1.78814e-07 -5.3 0.7
v 1.78814e-07 -5.2 0.7
v 1.78814e-07 -5.1 0.7
v 0.1 -6 0.7
v 0.1 -5.9 0.7
v 0.1 -5.8 0.7
v 0.1 -5.3 0.7
v 0.1 -5.2 0.7
v 0.1 -5.1 0.7
v 0.2 -6 0.7
v 0.2 -5.9 0.7
v 0.2 -5.8 0.7
v 0.2 -5.7 0.7
v 0.2 -5.6 0.7
v 0.2 -5.5 0.7
v 0.2 -5.4 0.7
v 0.2 -5.3 0.7
v 0.2 -5.2 0.7
v 0.2 -5.1 0.7
v 0.3 -5.9 0.7
v 0.3 -5.8 0.7
v 0.3 -5.7 0.7
v 0.3 -5.6 0.7
v 0.3 -5.5 0.7
v 0.3 -5.4 0.7
v 0.3 -5.3 0.7
v 0.3 -5.2 0.7
v 0.4 -5.8 0.7
v 0.4 -5.7 0.7
v 0.4 -5.6 0.7
v 0.4 -5.5 0.7
v 0.4 -5.4 0.7
v 0.4 -5.3 0.7
v -0.7 -5.7 0.6
v -0.7 -5.6 0.6
v -0.7 -5.5 0.6
v -0.6 -5.9 0.6
v -0.6 -5.8 0.6
v -0.6 -5.7 0.6
v -0.6 -5.6 0.6
v -0.6 -5.5 0.6
v -0.6 -5.4 0.6
v -0.6 -5.3 0.6
v -0.6 -5.2 0.6
v -0.5 -6 0.6
v -0.5 -5.9 0.6
v -0.5 -5.8 0.6
v -0.5 -5.7 0.6
v -0.5 -5.5 0.6
v -0.5 -5.4 0.6
v -0.5 -5.3 0.6
v -0.5 -5.2 0.6
v -0.5 -5.1 0.6
v -0.4 -6.1 0.6
v -0.4 -6 0.6
v -0.4 -5.9 0.6
v -0.4 -5.3 0.6
v -0.4 -5.2 0.6
v -0.4 -5.1 0.6
v -0.3 -6.1 0.6
v -0.3 -6 0.6
v -0.3 -5.2 0.6
v -0.3 -5.1 0.6
v -0.3 -5 0.6
v -0.2 -6.2 0.6
v -0.2 -6.1 0.6
v -0.2 -6 0.6
v -0.2 -5.1 0.6
v -0.2 -5 0.6
v -0.0999998 -6.2 0.6
v -0.0999998 -6.1 0.6
v -0.0999998 -5.1 0.6
v -0.0999998 -5 0.6
v 1.78814e-07 -6.2 0.6
v 1.78814e-07 -6.1 0.6
v 1.78814e-07 -6 0.6
v 1.78814e-07 -5.1 0.6
v 1.78814e-07 -5 0.6
v 0.1 -6.1 0.6
v 0.1 -6 0.6
v 0.1 -5.1 0.6
v 0.1 -5 0.6
v 0.2 -6.1 0.6
v 0.2 -6 0.6
v 0.2 -5.9 0.6
v 0.2 -5.2 0.6
v 0.2 -5.1 0.6
v 0.2 -5 0.6
v 0.3 -6.1 0.6
v 0.3 -6 0.6
v 0.3 -5.9 0.6
v 0.3 -5.8 0.6
v 0.3 -5.3 0.6
v 0.3 -5.2 0.6
v 0.3 -5.1 0.6
v 0.4 -6 0.6
v 0.4 -5.9 0.6
v 0.4 -5.8 0.6
v 0.4 -5.7 0.6
v 0.4 -5.6 0.6
v 0.4 -5.5 0.6
v 0.4 -5.4 0.6
v 0.4 -5.3 0.6
v 0.4 -5.2 0.6
v 0.5 -5.8 0.6
v 0.5 -5.7 0.6
v 0.5 -5.6 0.6
v 0.5 -5.5 0.6
v 0.5 -5.4 0.6
v 0.5 -5.3 0.6
v -0.7 -5.9 0.5
v -0.7 -5.8 0.5
v -0.7 -5.7 0.5
v -0.7 -5.5 0.5
v -0.7 -5.4 0.5
v -0.7 -5.3 0.5
v -0.6 -6 0.5
v -0.6 -5.9 0.5
v -0.6 -5.8 0.5
v -0.6 -5.7 0.5
v -0.6 -5.5 0.5
v -0.6 -5.4 0.5
v -0.6 -5.3 0.5
v -0.6 -5.2 0.5
v -0.6 -5.1 0.5
v -0.5 -6.1 0.5
v -0.5 -6 0.5
v -0.5 -5.9 0.5
v -0.5 -5.2 0.5
v -0.5 -5.1 0.5
v -0.5 -5 0.5
v -0.4 -6.2 0.5
v -0.4 -6.1 0.5
v -0.4 -6 0.5
v -0.4 -5.1 0.5
v -0.4 -5 0.5
v -0.3 -6.2 0.5
v -0.3 -6.1 0.5
v -0.3 -5.1 0.5
v -0.3 -5 0.5
v -0.3 -4.9 0.5
v -0.2 -6.2 0.5
v -0.2 -6.1 0.5
v -0.2 -5 0.5
v -0.2 -4.9 0.5
v -0.0999998 -5 0.5
v -0.0999998 -4.9 0.5
v 1.78814e-07 -6.2 0.5
v 1.78814e-07 -6.1 0.5
v 1.78814e-07 -5 0.5
v 1.78814e-07 -4.9 0.5
v 0.1 -6.2 0.5
v 0.1 -6.1 0.5
v 0.1 -5 0.5
v 0.1 -4.9 0.5
v 0.2 -6.2 0.5
v 0.2 -6.1 0.5
v 0.2 -5.1 0.5
v 0.2 -5 0.5
v 0.3 -6.1 0.5
v 0.3 -6 0.5
v 0.3 -5.2 0.5
v 0.3 -5.1 0.5
v 0.3 -5 0.5
v 0.4 -6.1 0.5
v 0.4 -6 0.5
v 0.4 -5.9 0.5
v 0.4 -5.8 0.5
v 0.4 -5.3 0.5
v 0.4 -5.2 0.5
v 0.4 -5.1 0.5
v 0.5 -6 0.5
v 0.5 -5.9 0.5
v 0.5 -5.8 0.5
v 0.5 -5.7 0.5
v 0.5 -5.6 0.5
v 0.5 -5.5 0.5
v 0.5 -5.4 0.5
v 0.5 -5.3 0.5
v 0.5 -5.2 0.5
v 0.6 -5.8 0.5
v 0.6 -5.7 0.5
v 0.6 -5.6 0.5
v 0.6 -5.5 0.5
v 0.6 -5.4 0.5
v -0.8 -5.8 0.4
v -0.8 -5.7 0.4
v -0.8 -5.6 0.4
v -0.8 -5.5 0.4
v -0.8 -5.4 0.4
v -0.7 -6 0.4
v -0.7 -5.9 0.4
v -0.7 -5.8 0.4
v -0.7 -5.7 0.4
v -0.7 -5.6 0.4
v -0.7 -5.5 0.4
v -0.7 -5.4 0.4
v -0.7 -5.3 0.4
v -0.7 -5.2 0.4
v -0.6 -6.1 0.4
v -0.6 -6 0.4
v -0.6 -5.9 0.4
v -0.6 -5.3 0.4
v -0.6 -5.2 0.4
v -0.5 -6.2 0.4
v -0.5 -6.1 0.4
v -0.5 -6 0.4
v -0.4 -6.2 0.4
v -0.4 -6.1 0.4
v -0.4 -5 0.4
v -0.4 -4.9 0.4
v -0.3 -6.3 0.4
v -0.3 -6.2 0.4
v -0.3 -5 0.4
v -0.3 -4.9 0.4
v -0.2 -6.3 0.4
v -0.2 -6.2 0.4
v -0.0999998 -6.3 0.4
v -0.0999998 -6.2 0.4
v 1.78814e-07 -6.3 0.4
v 1.78814e-07 -6.2 0.4
v 0.1 -6.3 0.4
v 0.1 -6.2 0.4
v 0.1 -5 0.4
v 0.1 -4.9 0.4
v 0.2 -6.2 0.4
v 0.2 -6.1 0.4
v 0.2 -5 0.4
v 0.2 -4.9 0.4
v 0.3 -6.2 0.4
v 0.3 -6.1 0.4
v 0.3 -5.1 0.4
v 0.3 -5 0.4
v 0.4 -5.2 0.4
v 0.4 -5.1 0.4
v 0.4 -5 0.4
v 0.5 -5.9 0.4
v 0.5 -5.8 0.4
v 0.5 -5.4 0.4
v 0.5 -5.3 0.4
v 0.5 -5.2 0.4
v 0.5 -5.1 0.4
v 0.6 -5.9 0.4
v 0.6 -5.8 0.4
v 0.6 -5.4 0.4
v 0.6 -5.3 0.4
v -0.8 -5.9 0.3
v -0.8 -5.8 0.3
v -0.8 -5.4 0.3
v -0.8 -5.3 0.3
v -0.7 -5.9 0.3
v -0.7 -5.8 0.3
v -0.7 -5.4 0.3
v -0.7 -5.3 0.3
v -0.7 -5.2 0.3
v -0.7 -5.1 0.3
v -0.6 -5.2 0.3
v -0.6 -5.1 0.3
v -0.6 -5 0.3
v -0.5 -5.1 0.3
v -0.5 -5 0.3
v -0.5 -4.9 0.3
v -0.4 -6.3 0.3
v -0.4 -6.2 0.3
v -0.4 -5 0.3
v -0.4 -4.9 0.3
v -0.3 -6.3 0.3
v -0.3 -6.2 0.3
v -0.2 -4.9 0.3
v -0.2 -4.8 0.3
v -0.0999998 -4.9 0.3
v -0.0999998 -4.8 0.3
v 1.78814e-07 -4.9 0.3
v 1.78814e-07 -4.8 0.3
v 0.1 -6.3 0.3
v 0.1 -6.2 0.3
v 0.2 -6.3 0.3
v 0.2 -6.2 0.3
v 0.2 -5 0.3
v 0.2 -4.9 0.3
v 0.3 -6.2 0.3
v 0.3 -6.1 0.3
v 0.3 -5 0.3
v 0.3 -4.9 0.3
v 0.4 -6.2 0.3
v 0.4 -6.1 0.3
v 0.4 -6 0.3
v 0.5 -6.1 0.3
v 0.5 -6 0.3
v 0.5 -5.9 0.3
v 0.5 -5.3 0.3
v 0.5 -5.2 0.3
v 0.6 -6 0.3
v 0.6 -5.9 0.3
v 0.6 -5.7 0.3
v 0.6 -5.6 0.3
v 0.6 -5.5 0.3
v 0.6 -5.3 0.3
v 0.6 -5.2 0.3
v 0.7 -5.7 0.3
v 0.7 -5.6 0.3
v 0.7 -5.5 0.3
v -0.7 -6.1 0.2
v -0.7 -6 0.2
v -0.6 -6.2 0.2
v -0.6 -6.1 0.2
v -0.6 -6 0.2
v -0.5 -6.2 0.2
v -0.5 -6.1 0.2
v -0.3 -4.9 0.2
v -0.3 -4.8 0.2
v -0.2 -4.9 0.2
v -0.2 -4.8 0.2
v 1.78814e-07 -4.9 0.2
v 1.78814e-07 -4.8 0.2
v 0.1 -4.9 0.2
v 0.1 -4.8 0.2
v 0.4 -5.1 0.2
v 0.4 -5 0.2
v 0.5 -5.1 0.2
v 0.5 -5 0.2
v 0.6 -5.8 0.2
v 0.6 -5.7 0.2
v 0.6 -5.5 0.2
v 0.6 -5.4 0.2
v 0.7 -5.8 0.2
v 0.7 -5.7 0.2
v 0.7 -5.5 0.2
v 0.7 -5.4 0.2
v -0.8 -5.3 0.0999998
v -0.8 -5.2 0.0999998
v -0.7 -5.3 0.0999998
v -0.7 -5.2 0.0999998
v 0.2 -6.3 0.0999998
v 0.2 -6.2 0.0999998
v 0.3 -6.3 0.0999998
v 0.3 -6.2 0.0999998
v -0.8 -5.3 -1.78814e-07
v -0.8 -5.2 -1.78814e-07
v -0.7 -6.1 -1.78814e-07
v -0.7 -6 -1.78814e-07
v -0.7 -5.3 -1.78814e-07
v -0.7 -5.2 -1.78814e-07
v -0.6 -6.2 -1.78814e-07
v -0.6 -6.1 -1.78814e-07
v -0.6 -6 -1.78814e-07
v -0.5 -6.2 -1.78814e-07
v -0.5 -6.1 -1.78814e-07
v -0.3 -4.9 -1.78814e-07
v -0.3 -4.8 -1.78814e-07
v -0.2 -4.9 -1.78814e-07
v -0.2 -4.8 -1.78814e-07
v 0.2 -6.3 -1.78814e-07
v 0.2 -6.2 -1.78814e-07
v 0.3 -6.3 -1.78814e-07
v 0.3 -6.2 -1.78814e-07
v 0.4 -5.1 -1.78814e-07
v 0.4 -5 -1.78814e-07
v 0.5 -5.1 -1.78814e-07
v 0.5 -5 -1.78814e-07
v 0.6 -5.8 -1.78814e-07
v 0.6 -5.7 -1.78814e-07
v 0.7 -5.8 -1.78814e-07
v 0.7 -5.7 -1.78814e-07
v -0.8 -5.9 -0.1
v -0.8 -5.8 -0.1
v -0.7 -5.9 -0.1
v -0.7 -5.8 -0.1
v -0.5 -5 -0.1
v -0.5 -4.9 -0.1
v -0.4 -6.3 -0.1
v -0.4 -6.2 -0.1
v -0.4 -5 -0.1
v -0.4 -4.9 -0.1
v -0.3 -6.3 -0.1
v -0.3 -6.2 -0.1
v -0.2 -4.9 -0.1
v -0.2 -4.8 -0.1
v -0.0999998 -4.9 -0.1
v -0.0999998 -4.8 -0.1
v 1.78814e-07 -4.9 -0.1
v 1.78814e-07 -4.8 -0.1
v 0.1 -4.9 -0.1
v 0.1 -4.8 -0.1
v 0.5 -6 -0.1
v 0.5 -5.9 -0.1
v 0.6 -6 -0.1
v 0.6 -5.9 -0.1
v 0.6 -5.7 -0.1
v 0.6 -5.6 -0.1
v 0.6 -5.5 -0.1
v 0.6 -5.4 -0.1
v 0.7 -5.7 -0.1
v 0.7 -5.6 -0.1
v 0.7 -5.5 -0.1
v 0.7 -5.4 -0.1
v -0.8 -5.8 -0.2
v -0.8 -5.7 -0.2
v -0.8 -5.6 -0.2
v -0.8 -5.5 -0.2
v -0.8 -5.4 -0.2
v -0.8 -5.3 -0.2
v -0.7 -6 -0.2
v -0.7 -5.9 -0.2
v -0.7 -5.8 -0.2
v -0.7 -5.7 -0.2
v -0.7 -5.6 -0.2
v -0.7 -5.5 -0.2
v -0.7 -5.4 -0.2
v -0.7 -5.3 -0.2
v -0.7 -5.2 -0.2
v -0.7 -5.1 -0.2
v -0.6 -6 -0.2
v -0.6 -5.9 -0.2
v -0.6 -5.2 -0.2
v -0.6 -5.1 -0.2
v -0.6 -5 -0.2
v -0.5 -6.2 -0.2
v -0.5 -6.1 -0.2
v -0.5 -5.1 -0.2
v -0.5 -5 -0.2
v -0.4 -6.2 -0.2
v -0.4 -6.1 -0.2
v -0.4 -5 -0.2
v -0.4 -4.9 -0.2
v -0.3 -6.3 -0.2
v -0.3 -6.2 -0.2
v -0.3 -5 -0.2
v -0.3 -4.9 -0.2
v -0.2 -6.3 -0.2
v -0.2 -6.2 -0.2
v -0.0999998 -6.3 -0.2
v -0.0999998 -6.2 -0.2
v 1.78814e-07 -6.3 -0.2
v 1.78814e-07 -6.2 -0.2
v 0.1 -6.3 -0.2
v 0.1 -6.2 -0.2
v 0.2 -6.3 -0.2
v 0.2 -6.2 -0.2
v 0.2 -5 -0.2
v 0.2 -4.9 -0.2
v 0.3 -6.2 -0.2
v 0.3 -6.1 -0.2
v 0.3 -5 -0.2
v 0.3 -4.9 -0.2
v 0.4 -6.2 -0.2
v 0.4 -6.1 -0.2
v 0.4 -6 -0.2
v 0.5 -6.1 -0.2
v 0.5 -6 -0.2
v 0.5 -5.9 -0.2
v 0.5 -5.8 -0.2
v 0.5 -5.3 -0.2
v 0.5 -5.2 -0.2
v 0.6 -5.9 -0.2
v 0.6 -5.8 -0.2
v 0.6 -5.3 -0.2
v 0.6 -5.2 -0.2
v -0.8 -5.6 -0.3
v -0.8 -5.5 -0.3
v -0.7 -5.9 -0.3
v -0.7 -5.8 -0.3
v -0.7 -5.6 -0.3
v -0.7 -5.5 -0.3
v -0.7 -5.3 -0.3
v -0.7 -5.2 -0.3
v -0.6 -6.1 -0.3
v -0.6 -6 -0.3
v -0.6 -5.9 -0.3
v -0.6 -5.8 -0.3
v -0.6 -5.3 -0.3
v -0.6 -5.2 -0.3
v -0.6 -5.1 -0.3
v -0.5 -6.1 -0.3
v -0.5 -6 -0.3
v -0.5 -5.2 -0.3
v -0.5 -5.1 -0.3
v -0.5 -5 -0.3
v -0.4 -6.2 -0.3
v -0.4 -6.1 -0.3
v -0.4 -5.1 -0.3
v -0.4 -5 -0.3
v -0.3 -6.2 -0.3
v -0.3 -6.1 -0.3
v -0.3 -5 -0.3
v -0.3 -4.9 -0.3
v -0.2 -5 -0.3
v -0.2 -4.9 -0.3
v -0.0999998 -6.3 -0.3
v -0.0999998 -6.2 -0.3
v -0.0999998 -5 -0.3
v -0.0999998 -4.9 -0.3
v 1.78814e-07 -6.3 -0.3
v 1.78814e-07 -6.2 -0.3
v 1.78814e-07 -5 -0.3
v 1.78814e-07 -4.9 -0.3
v 0.1 -5 -0.3
v 0.1 -4.9 -0.3
v 0.2 -6.2 -0.3
v 0.2 -6.1 -0.3
v 0.2 -5 -0.3
v 0.2 -4.9 -0.3
v 0.3 -6.2 -0.3
v 0.3 -6.1 -0.3
v 0.3 -6 -0.3
v 0.3 -5.1 -0.3
v 0.3 -5 -0.3
v 0.4 -6.1 -0.3
v 0.4 -6 -0.3
v 0.4 -5.9 -0.3
v 0.4 -5.2 -0.3
v 0.4 -5.1 -0.3
v 0.4 -5 -0.3
v 0.5 -6 -0.3
v 0.5 -5.9 -0.3
v 0.5 -5.8 -0.3
v 0.5 -5.7 -0.3
v 0.5 -5.6 -0.3
v 0.5 -5.5 -0.3
v 0.5 -5.4 -0.3
v 0.5 -5.3 -0.3
v 0.5 -5.2 -0.3
v 0.5 -5.1 -0.3
v 0.6 -5.8 -0.3
v 0.6 -5.7 -0.3
v 0.6 -5.6 -0.3
v 0.6 -5.5 -0.3
v 0.6 -5.4 -0.3
v 0.6 -5.3 -0.3
v -0.7 -5.8 -0.4
v -0.7 -5.7 -0.4
v -0.7 -5.6 -0.4
v -0.7 -5.5 -0.4
v -0.7 -5.4 -0.4
v -0.7 -5.3 -0.4
v -0.6 -6 -0.4
v -0.6 -5.9 -0.4
v -0.6 -5.8 -0.4
v -0.6 -5.7 -0.4
v -0.6 -5.6 -0.4
v -0.6 -5.5 -0.4
v -0.6 -5.4 -0.4
v -0.6 -5.3 -0.4
v -0.6 -5.2 -0.4
v -0.5 -6.1 -0.4
v -0.5 -6 -0.4
v -0.5 -5.9 -0.4
v -0.5 -5.8 -0.4
v -0.5 -5.3 -0.4
v -0.5 -5.2 -0.4
v -0.5 -5.1 -0.4
v -0.4 -6.1 -0.4
v -0.4 -6 -0.4
v -0.4 -5.2 -0.4
v -0.4 -5.1 -0.4
v -0.4 -5 -0.4
v -0.3 -6.2 -0.4
v -0.3 -6.1 -0.4
v -0.3 -6 -0.4
v -0.3 -5.1 -0.4
v -0.3 -5 -0.4
v -0.2 -6.2 -0.4
v -0.2 -6.1 -0.4
v -0.2 -5.1 -0.4
v -0.2 -5 -0.4
v -0.0999998 -6.2 -0.4
v -0.0999998 -6.1 -0.4
v 1.78814e-07 -6.2 -0.4
v 1.78814e-07 -6.1 -0.4
v 1.78814e-07 -5.1 -0.4
v 1.78814e-07 -5 -0.4
v 0.1 -6.2 -0.4
v 0.1 -6.1 -0.4
v 0.1 -5.1 -0.4
v 0.1 -5 -0.4
v 0.2 -6.2 -0.4
v 0.2 -6.1 -0.4
v 0.2 -6 -0.4
v 0.2 -5.1 -0.4
v 0.2 -5 -0.4
v 0.3 -6.1 -0.4
v 0.3 -6 -0.4
v 0.3 -5.9 -0.4
v 0.3 -5.2 -0.4
v 0.3 -5.1 -0.4
v 0.3 -5 -0.4
v 0.4 -6 -0.4
v 0.4 -5.9 -0.4
v 0.4 -5.8 -0.4
v 0.4 -5.7 -0.4
v 0.4 -5.5 -0.4
v 0.4 -5.4 -0.4
v 0.4 -5.3 -0.4
v 0.4 -5.2 -0.4
v 0.4 -5.1 -0.4
v 0.5 -5.9 -0.4
v 0.5 -5.8 -0.4
v 0.5 -5.7 -0.4
v 0.5 -5.5 -0.4
v 0.5 -5.4 -0.4
v 0.5 -5.3 -0.4
v 0.5 -5.2 -0.4
v -0.6 -5.8 -0.5
v -0.6 -5.7 -0.5
v -0.6 -5.6 -0.5
v -0.6 -5.5 -0.5
v -0.6 -5.4 -0.5
v -0.6 -5.3 -0.5
v -0.5 -6 -0.5
v -0.5 -5.9 -0.5
v -0.5 -5.8 -0.5
v -0.5 -5.7 -0.5
v -0.5 -5.6 -0.5
v -0.5 -5.5 -0.5
v -0.5 -5.4 -0.5
v -0.5 -5.3 -0.5
v -0.5 -5.2 -0.5
v -0.4 -6 -0.5
v -0.4 -5.9 -0.5
v -0.4 -5.8 -0.5
v -0.4 -5.4 -0.5
v -0.4 -5.3 -0.5
v -0.4 -5.2 -0.5
v -0.4 -5.1 -0.5
v -0.3 -6.1 -0.5
v -0.3 -6 -0.5
v -0.3 -5.9 -0.5
v -0.3 -5.3 -0.5
v -0.3 -5.2 -0.5
v -0.3 -5.1 -0.5
v -0.2 -6.1 -0.5
v -0.2 -6 -0.5
v -0.2 -5.2 -0.5
v -0.2 -5.1 -0.5
v -0.2 -5 -0.5
v -0.0999998 -6.1 -0.5
v -0.0999998 -6 -0.5
v -0.0999998 -5.2 -0.5
v -0.0999998 -5.1 -0.5
v -0.0999998 -5 -0.5
v 1.78814e-07 -6.1 -0.5
v 1.78814e-07 -6 -0.5
v 1.78814e-07 -5.2 -0.5
v 1.78814e-07 -5.1 -0.5
v 1.78814e-07 -5 -0.5
v 0.1 -6.1 -0.5
v 0.1 -6 -0.5
v 0.1 -5.9 -0.5
v 0.1 -5.2 -0.5
v 0.1 -5.1 -0.5
v 0.2 -6.1 -0.5
v 0.2 -6 -0.5
v 0.2 -5.9 -0.5
v 0.2 -5.8 -0.5
v 0.2 -5.3 -0.5
v 0.2 -5.2 -0.5
v 0.2 -5.1 -0.5
v 0.3 -6 -0.5
v 0.3 -5.9 -0.5
v 0.3 -5.8 -0.5
v 0.3 -5.7 -0.5
v 0.3 -5.6 -0.5
v 0.3 -5.5 -0.5
v 0.3 -5.4 -0.5
v 0.3 -5.3 -0.5
v 0.3 -5.2 -0.5
v 0.3 -5.1 -0.5
v 0.4 -5.9 -0.5
v 0.4 -5.8 -0.5
v 0.4 -5.7 -0.5
v 0.4 -5.6 -0.5
v 0.4 -5.5 -0.5
v 0.4 -5.4 -0.5
v 0.4 -5.3 -0.5
v 0.4 -5.2 -0.5
v 0.5 -5.7 -0.5
v 0.5 -5.6 -0.5
v 0.5 -5.5 -0.5
v -0.5 -5.8 -0.6
v -0.5 -5.7 -0.6
v -0.5 -5.6 -0.6
v -0.5 -5.5 -0.6
v -0.5 -5.4 -0.6
v -0.4 -5.9 -0.6
v -0.4 -5.8 -0.6
v -0.4 -5.7 -0.6
v -0.4 -5.6 -0.6
v -0.4 -5.5 -0.6
v -0.4 -5.4 -0.6
v -0.4 -5.3 -0.6
v -0.3 -6 -0.6
v -0.3 -5.9 -0.6
v -0.3 -5.8 -0.6
v -0.3 -5.7 -0.6
v -0.3 -5.6 -0.6
v -0.3 -5.5 -0.6
v -0.3 -5.4 -0.6
v -0.3 -5.3 -0.6
v -0.3 -5.2 -0.6
v -0.2 -6 -0.6
v -0.2 -5.9 -0.6
v -0.2 -5.8 -0.6
v -0.2 -5.7 -0.6
v -0.2 -5.5 -0.6
v -0.2 -5.4 -0.6
v -0.2 -5.3 -0.6
v -0.2 -5.2 -0.6
v -0.0999998 -6 -0.6
v -0.0999998 -5.9 -0.6
v -0.0999998 -5.8 -0.6
v -0.0999998 -5.4 -0.6
v -0.0999998 -5.3 -0.6
v -0.0999998 -5.2 -0.6
v 1.78814e-07 -6 -0.6
v 1.78814e-07 -5.9 -0.6
v 1.78814e-07 -5.8 -0.6
v 1.78814e-07 -5.7 -0.6
v 1.78814e-07 -5.4 -0.6
v 1.78814e-07 -5.3 -0.6
v 1.78814e-07 -5.2 -0.6
v 0.1 -6 -0.6
v 0.1 -5.9 -0.6
v 0.1 -5.8 -0.6
v 0.1 -5.7 -0.6
v 0.1 -5.6 -0.6
v 0.1 -5.5 -0.6
v 0.1 -5.4 -0.6
v 0.1 -5.3 -0.6
v 0.1 -5.2 -0.6
v 0.2 -5.9 -0.6
v 0.2 -5.8 -0.6
v 0.2 -5.7 -0.6
v 0.2 -5.6 -0.6
v 0.2 -5.5 -0.6
v 0.2 -5.4 -0.6
v 0.2 -5.3 -0.6
v 0.2 -5.2 -0.6
v 0.3 -5.8 -0.6
v 0.3 -5.7 -0.6
v 0.3 -5.6 -0.6
v 0.3 -5.5 -0.6
v 0.3 -5.4 -0.6
v 0.3 -5.3 -0.6
v -0.3 -5.7 -0.7
v -0.3 -5.6 -0.7
v -0.3 -5.5 -0.7
v -0.2 -5.8 -0.7
v -0.2 -5.7 -0.7
v -0.2 -5.6 -0.7
v -0.2 -5.5 -0.7
v -0.2 -5.4 -0.7
v -0.0999998 -5.8 -0.7
v -0.0999998 -5.7 -0.7
v -0.0999998 -5.6 -0.7
v -0.0999998 -5.5 -0.7
v -0.0999998 -5.4 -0.7
v 1.78814e-07 -5.8 -0.7
v 1.78814e-07 -5.7 -0.7
v 1.78814e-07 -5.6 -0.7
v 1.78814e-07 -5.5 -0.7
v 1.78814e-07 -5.4 -0.7
v 0.1 -5.7 -0.7
v 0.1 -5.6 -0.7
v 0.1 -5.5 -0.7
v 0.1 -5.4 -0.7
v -0.3 -6.3 0.4
v -0.2 -6.3 0.4
v -0.0999998 -6.3 0.4
v 1.78814e-07 -6.3 0.4
v 0.1 -6.3 0.4
v -0.4 -6.3 0.3
v -0.3 -6.3 0.3
v -0.2 -6.3 0.3
v -0.0999998 -6.3 0.3
v 1.78814e-07 -6.3 0.3
v 0.1 -6.3 0.3
v 0.2 -6.3 0.3
v -0.4 -6.3 0.2
v -0.3 -6.3 0.2
v -0.2 -6.3 0.2
v -0.0999998 -6.3 0.2
v 1.78814e-07 -6.3 0.2
v 0.1 -6.3 0.2
v 0.2 -6.3 0.2
v -0.4 -6.3 0.0999998
v -0.3 -6.3 0.0999998
v -0.2 -6.3 0.0999998
v -0.0999998 -6.3 0.0999998
v 1.78814e-07 -6.3 0.0999998
v 0.1 -6.3 0.0999998
v 0.2 -6.3 0.0999998
v 0.3 -6.3 0.0999998
v -0.4 -6.3 -1.78814e-07
v -0.3 -6.3 -1.78814e-07
v -0.2 -6.3 -1.78814e-07
v -0.0999998 -6.3 -1.78814e-07
v 1.78814e-07 -6.3 -1.78814e-07
v 0.1 -6.3 -1.78814e-07
v 0.2 -6.3 -1.78814e-07
v 0.3 -6.3 -1.78814e-07
v -0.4 -6.3 -0.1
v -0.3 -6.3 -0.1
v -0.2 -6.3 -0.1
v -0.0999998 -6.3 -0.1
v 1.78814e-07 -6.3 -0.1
v 0.1 -6.3 -0.1
v 0.2 -6.3 -0.1
v -0.3 -6.3 -0.2
v -0.2 -6.3 -0.2
v -0.0999998 -6.3 -0.2
v 1.78814e-07 -6.3 -0.2
v 0.1 -6.3 -0.2
v 0.2 -6.3 -0.2
v -0.0999998 -6.3 -0.3
v 1.78814e-07 -6.3 -0.3
v -0.2 -6.2 0.6
v -0.0999998 -6.2 0.6
v 1.78814e-07 -6.2 0.6
v -0.4 -6.2 0.5
v -0.3 -6.2 0.5
v -0.2 -6.2 0.5
v -0.0999998 -6.2 0.5
v 1.78814e-07 -6.2 0.5
v 0.1 -6.2 0.5
v 0.2 -6.2 0.5
v -0.5 -6.2 0.4
v -0.4 -6.2 0.4
v -0.3 -6.2 0.4
v -0.2 -6.2 0.4
v -0.0999998 -6.2 0.4
v 1.78814e-07 -6.2 0.4
v 0.1 -6.2 0.4
v 0.2 -6.2 0.4
v 0.3 -6.2 0.4
v -0.5 -6.2 0.3
v -0.4 -6.2 0.3
v -0.3 -6.2 0.3
v 0.1 -6.2 0.3
v 0.2 -6.2 0.3
v 0.3 -6.2 0.3
v 0.4 -6.2 0.3
v -0.6 -6.2 0.2
v -0.5 -6.2 0.2
v -0.4 -6.2 0.2
v 0.2 -6.2 0.2
v 0.3 -6.2 0.2
v 0.4 -6.2 0.2
v -0.6 -6.2 0.0999998
v -0.5 -6.2 0.0999998
v -0.4 -6.2 0.0999998
v 0.2 -6.2 0.0999998
v 0.3 -6.2 0.0999998
v 0.4 -6.2 0.0999998
v -0.6 -6.2 -1.78814e-07
v -0.5 -6.2 -1.78814e-07
v -0.4 -6.2 -1.78814e-07
v 0.2 -6.2 -1.78814e-07
v 0.3 -6.2 -1.78814e-07
v 0.4 -6.2 -1.78814e-07
v -0.5 -6.2 -0.1
v -0.4 -6.2 -0.1
v -0.3 -6.2 -0.1
v 0.2 -6.2 -0.1
v 0.3 -6.2 -0.1
v 0.4 -6.2 -0.1
v -0.5 -6.2 -0.2
v -0.4 -6.2 -0.2
v -0.3 -6.2 -0.2
v -0.2 -6.2 -0.2
v -0.0999998 -6.2 -0.2
v 1.78814e-07 -6.2 -0.2
v 0.1 -6.2 -0.2
v 0.2 -6.2 -0.2
v 0.3 -6.2 -0.2
v 0.4 -6.2 -0.2
v -0.4 -6.2 -0.3
v -0.3 -6.2 -0.3
v -0.2 -6.2 -0.3
v -0.0999998 -6.2 -0.3
v 1.78814e-07 -6.2 -0.3
v 0.1 -6.2 -0.3
v 0.2 -6.2 -0.3
v 0.3 -6.2 -0.3
v -0.3 -6.2 -0.4
v -0.2 -6.2 -0.4
v -0.0999998 -6.2 -0.4
v 1.78814e-07 -6.2 -0.4
v 0.1 -6.2 -0.4
v 0.2 -6.2 -0.4
v -0.2 -6.1 0.7
v -0.0999998 -6.1 0.7
v 1.78814e-07 -6.1 0.7
v -0.4 -6.1 0.6
v -0.3 -6.1 0.6
v -0.2 -6.1 0.6
v -0.0999998 -6.1 0.6
v 1.78814e-07 -6.1 0.6
v 0.1 -6.1 0.6
v 0.2 -6.1 0.6
v 0.3 -6.1 0.6
v -0.5 -6.1 0.5
v -0.4 -6.1 0.5
v -0.3 -6.1 0.5
v -0.2 -6.1 0.5
v 1.78814e-07 -6.1 0.5
v 0.1 -6.1 0.5
v 0.2 -6.1 0.5
v 0.3 -6.1 0.5
v 0.4 -6.1 0.5
v -0.6 -6.1 0.4
v -0.5 -6.1 0.4
v -0.4 -6.1 0.4
v 0.2 -6.1 0.4
v 0.3 -6.1 0.4
v 0.4 -6.1 0.4
v -0.6 -6.1 0.3
v -0.5 -6.1 0.3
v 0.3 -6.1 0.3
v 0.4 -6.1 0.3
v 0.5 -6.1 0.3
v -0.7 -6.1 0.2
v -0.6 -6.1 0.2
v -0.5 -6.1 0.2
v 0.4 -6.1 0.2
v 0.5 -6.1 0.2
v -0.7 -6.1 0.0999998
v -0.6 -6.1 0.0999998
v 0.4 -6.1 0.0999998
v 0.5 -6.1 0.0999998
v -0.7 -6.1 -1.78814e-07
v -0.6 -6.1 -1.78814e-07
v -0.5 -6.1 -1.78814e-07
v 0.4 -6.1 -1.78814e-07
v 0.5 -6.1 -1.78814e-07
v -0.6 -6.1 -0.1
v -0.5 -6.1 -0.1
v 0.4 -6.1 -0.1
v 0.5 -6.1 -0.1
v -0.6 -6.1 -0.2
v -0.5 -6.1 -0.2
v -0.4 -6.1 -0.2
v 0.3 -6.1 -0.2
v 0.4 -6.1 -0.2
v 0.5 -6.1 -0.2
v -0.6 -6.1 -0.3
v -0.5 -6.1 -0.3
v -0.4 -6.1 -0.3
v -0.3 -6.1 -0.3
v 0.2 -6.1 -0.3
v 0.3 -6.1 -0.3
v 0.4 -6.1 -0.3
v -0.5 -6.1 -0.4
v -0.4 -6.1 -0.4
v -0.3 -6.1 -0.4
v -0.2 -6.1 -0.4
v -0.0999998 -6.1 -0.4
v 1.78814e-07 -6.1 -0.4
v 0.1 -6.1 -0.4
v 0.2 -6.1 -0.4
v 0.3 -6.1 -0.4
v -0.3 -6.1 -0.5
v -0.2 -6.1 -0.5
v -0.0999998 -6.1 -0.5
v 1.78814e-07 -6.1 -0.5
v 0.1 -6.1 -0.5
v 0.2 -6.1 -0.5
v -0.4 -6 0.7
v -0.3 -6 0.7
v -0.2 -6 0.7
v 1.78814e-07 -6 0.7
v 0.1 -6 0.7
v 0.2 -6 0.7
v -0.5 -6 0.6
v -0.4 -6 0.6
v -0.3 -6 0.6
v -0.2 -6 0.6
v 1.78814e-07 -6 0.6
v 0.1 -6 0.6
v 0.2 -6 0.6
v 0.3 -6 0.6
v 0.4 -6 0.6
v -0.6 -6 0.5
v -0.5 -6 0.5
v -0.4 -6 0.5
v 0.3 -6 0.5
v 0.4 -6 0.5
v 0.5 -6 0.5
v -0.7 -6 0.4
v -0.6 -6 0.4
v -0.5 -6 0.4
v 0.4 -6 0.4
v 0.5 -6 0.4
v -0.7 -6 0.3
v -0.6 -6 0.3
v 0.4 -6 0.3
v 0.5 -6 0.3
v 0.6 -6 0.3
v -0.7 -6 0.2
v -0.6 -6 0.2
v 0.5 -6 0.2
v 0.5 -6 0.0999998
v 0.6 -6 0.0999998
v -0.7 -6 -1.78814e-07
v -0.6 -6 -1.78814e-07
v 0.5 -6 -1.78814e-07
v 0.6 -6 -1.78814e-07
v -0.7 -6 -0.1
v -0.6 -6 -0.1
v 0.5 -6 -0.1
v 0.6 -6 -0.1
v -0.7 -6 -0.2
v -0.6 -6 -0.2
v 0.4 -6 -0.2
v 0.5 -6 -0.2
v -0.6 -6 -0.3
v -0.5 -6 -0.3
v 0.3 -6 -0.3
v 0.4 -6 -0.3
v 0.5 -6 -0.3
v -0.6 -6 -0.4
v -0.5 -6 -0.4
v -0.4 -6 -0.4
v -0.3 -6 -0.4
v 0.2 -6 -0.4
v 0.3 -6 -0.4
v 0.4 -6 -0.4
v -0.5 -6 -0.5
v -0.4 -6 -0.5
v -0.3 -6 -0.5
v -0.2 -6 -0.5
v -0.0999998 -6 -0.5
v 1.78814e-07 -6 -0.5
v 0.1 -6 -0.5
v 0.2 -6 -0.5
v 0.3 -6 -0.5
v -0.3 -6 -0.6
v -0.2 -6 -0.6
v -0.0999998 -6 -0.6
v 1.78814e-07 -6 -0.6
v 0.1 -6 -0.6
v -0.3 -5.9 0.8
v -0.2 -5.9 0.8
v -0.0999998 -5.9 0.8
v 1.78814e-07 -5.9 0.8
v 0.1 -5.9 0.8
v -0.5 -5.9 0.7
v -0.4 -5.9 0.7
v -0.3 -5.9 0.7
v -0.2 -5.9 0.7
v -0.0999998 -5.9 0.7
v 1.78814e-07 -5.9 0.7
v 0.1 -5.9 0.7
v 0.2 -5.9 0.7
v 0.3 -5.9 0.7
v -0.6 -5.9 0.6
v -0.5 -5.9 0.6
v -0.4 -5.9 0.6
v 0.2 -5.9 0.6
v 0.3 -5.9 0.6
v -0.7 -5.9 0.5
v -0.6 -5.9 0.5
v -0.5 -5.9 0.5
v -0.7 -5.9 0.4
v -0.6 -5.9 0.4
v 0.5 -5.9 0.4
v 0.6 -5.9 0.4
v -0.8 -5.9 0.3
v -0.7 -5.9 0.3
v 0.5 -5.9 0.3
v 0.6 -5.9 0.3
v -0.8 -5.9 0.2
v -0.7 -5.9 0.2
v -0.8 -5.9 0.0999998
v -0.7 -5.9 0.0999998
v -0.8 -5.9 -1.78814e-07
v -0.7 -5.9 -1.78814e-07
v -0.8 -5.9 -0.1
v -0.7 -5.9 -0.1
v 0.5 -5.9 -0.1
v 0.6 -5.9 -0.1
v -0.7 -5.9 -0.2
v -0.6 -5.9 -0.2
v 0.5 -5.9 -0.2
v 0.6 -5.9 -0.2
v -0.7 -5.9 -0.3
v -0.6 -5.9 -0.3
v 0.4 -5.9 -0.3
v 0.5 -5.9 -0.3
v 0.3 -5.9 -0.4
v 0.4 -5.9 -0.4
v 0.5 -5.9 -0.4
v -0.4 -5.9 -0.5
v -0.3 -5.9 -0.5
v 0.1 -5.9 -0.5
v 0.2 -5.9 -0.5
v 0.3 -5.9 -0.5
v 0.4 -5.9 -0.5
v -0.4 -5.9 -0.6
v -0.3 -5.9 -0.6
v 0.1 -5.9 -0.6
v 0.2 -5.9 -0.6
v -0.4 -5.8 0.8
v -0.3 -5.8 0.8
v 0.1 -5.8 0.8
v 0.2 -5.8 0.8
v -0.4 -5.8 0.7
v -0.3 -5.8 0.7
v 0.1 -5.8 0.7
v 0.2 -5.8 0.7
v 0.3 -5.8 0.7
v 0.4 -5.8 0.7
v 0.3 -5.8 0.6
v 0.4 -5.8 0.6
v 0.5 -5.8 0.6
v 0.4 -5.8 0.5
v 0.5 -5.8 0.5
v 0.6 -5.8 0.5
v -0.8 -5.8 0.4
v -0.7 -5.8 0.4
v 0.5 -5.8 0.4
v 0.6 -5.8 0.4
v -0.8 -5.8 0.3
v -0.7 -5.8 0.3
v 0.6 -5.8 0.2
v 0.7 -5.8 0.2
v 0.6 -5.8 0.0999998
v 0.7 -5.8 0.0999998
v 0.6 -5.8 -1.78814e-07
v 0.7 -5.8 -1.78814e-07
v -0.8 -5.8 -0.1
v -0.7 -5.8 -0.1
v -0.8 -5.8 -0.2
v -0.7 -5.8 -0.2
v 0.5 -5.8 -0.2
v 0.6 -5.8 -0.2
v -0.7 -5.8 -0.3
v -0.6 -5.8 -0.3
v 0.5 -5.8 -0.3
v 0.6 -5.8 -0.3
v -0.7 -5.8 -0.4
v -0.6 -5.8 -0.4
v -0.5 -5.8 -0.4
v -0.6 -5.8 -0.5
v -0.5 -5.8 -0.5
v -0.4 -5.8 -0.5
v 0.2 -5.8 -0.5
v 0.3 -5.8 -0.5
v -0.5 -5.8 -0.6
v -0.4 -5.8 -0.6
v -0.2 -5.8 -0.6
v -0.0999998 -5.8 -0.6
v 1.78814e-07 -5.8 -0.6
v 0.2 -5.8 -0.6
v 0.3 -5.8 -0.6
v -0.2 -5.8 -0.7
v -0.0999998 -5.8 -0.7
v 1.78814e-07 -5.8 -0.7
v -0.6 -5.7 0.7
v -0.5 -5.7 0.7
v -0.7 -5.7 0.6
v -0.6 -5.7 0.6
v -0.5 -5.7 0.6
v -0.7 -5.7 0.5
v -0.6 -5.7 0.5
v 0.6 -5.7 0.3
v 0.7 -5.7 0.3
v 0.6 -5.7 0.2
v 0.7 -5.7 0.2
v 0.6 -5.7 -1.78814e-07
v 0.7 -5.7 -1.78814e-07
v 0.6 -5.7 -0.1
v 0.7 -5.7 -0.1
v 0.4 -5.7 -0.4
v 0.5 -5.7 -0.4
v 0.4 -5.7 -0.5
v 0.5 -5.7 -0.5
v -0.3 -5.7 -0.6
v -0.2 -5.7 -0.6
v 1.78814e-07 -5.7 -0.6
v 0.1 -5.7 -0.6
v -0.3 -5.7 -0.7
v -0.2 -5.7 -0.7
v 1.78814e-07 -5.7 -0.7
v 0.1 -5.7 -0.7
v 0.2 -5.6 0.8
v 0.3 -5.6 0.8
v 0.2 -5.6 0.7
v 0.3 -5.6 0.7
v -0.8 -5.6 -0.2
v -0.7 -5.6 -0.2
v -0.8 -5.6 -0.3
v -0.7 -5.6 -0.3
v 0.2 -5.5 0.8
v 0.3 -5.5 0.8
v -0.6 -5.5 0.7
v -0.5 -5.5 0.7
v 0.2 -5.5 0.7
v 0.3 -5.5 0.7
v -0.7 -5.5 0.6
v -0.6 -5.5 0.6
v -0.5 -5.5 0.6
v -0.7 -5.5 0.5
v -0.6 -5.5 0.5
v 0.6 -5.5 0.3
v 0.7 -5.5 0.3
v 0.6 -5.5 0.2
v 0.7 -5.5 0.2
v -0.8 -5.5 -0.2
v -0.7 -5.5 -0.2
v -0.8 -5.5 -0.3
v -0.7 -5.5 -0.3
v 0.4 -5.5 -0.4
v 0.5 -5.5 -0.4
v 0.4 -5.5 -0.5
v 0.5 -5.5 -0.5
v -0.3 -5.5 -0.6
v -0.2 -5.5 -0.6
v -0.3 -5.5 -0.7
v -0.2 -5.5 -0.7
v -0.4 -5.4 0.8
v -0.3 -5.4 0.8
v -0.4 -5.4 0.7
v -0.3 -5.4 0.7
v 0.5 -5.4 0.5
v 0.6 -5.4 0.5
v -0.8 -5.4 0.4
v -0.7 -5.4 0.4
v 0.5 -5.4 0.4
v 0.6 -5.4 0.4
v -0.8 -5.4 0.3
v -0.7 -5.4 0.3
v 0.6 -5.4 0.2
v 0.7 -5.4 0.2
v 0.6 -5.4 0.0999998
v 0.7 -5.4 0.0999998
v 0.6 -5.4 -1.78814e-07
v 0.7 -5.4 -1.78814e-07
v 0.6 -5.4 -0.1
v 0.7 -5.4 -0.1
v -0.5 -5.4 -0.5
v -0.4 -5.4 -0.5
v -0.5 -5.4 -0.6
v -0.4 -5.4 -0.6
v -0.2 -5.4 -0.6
v -0.0999998 -5.4 -0.6
v 1.78814e-07 -5.4 -0.6
v 0.1 -5.4 -0.6
v -0.2 -5.4 -0.7
v -0.0999998 -5.4 -0.7
v 1.78814e-07 -5.4 -0.7
v 0.1 -5.4 -0.7
v -0.3 -5.3 0.8
v -0.2 -5.3 0.8
v -0.0999998 -5.3 0.8
v 1.78814e-07 -5.3 0.8
v 0.1 -5.3 0.8
v 0.2 -5.3 0.8
v -0.5 -5.3 0.7
v -0.4 -5.3 0.7
v -0.3 -5.3 0.7
v -0.2 -5.3 0.7
v -0.0999998 -5.3 0.7
v 1.78814e-07 -5.3 0.7
v 0.1 -5.3 0.7
v 0.2 -5.3 0.7
v 0.3 -5.3 0.7
v 0.4 -5.3 0.7
v -0.5 -5.3 0.6
v -0.4 -5.3 0.6
v 0.3 -5.3 0.6
v 0.4 -5.3 0.6
v 0.5 -5.3 0.6
v -0.7 -5.3 0.5
v -0.6 -5.3 0.5
v 0.4 -5.3 0.5
v 0.5 -5.3 0.5
v -0.7 -5.3 0.4
v -0.6 -5.3 0.4
v 0.5 -5.3 0.4
v 0.6 -5.3 0.4
v -0.8 -5.3 0.3
v -0.7 -5.3 0.3
v 0.5 -5.3 0.3
v 0.6 -5.3 0.3
v -0.8 -5.3 0.2
v -0.7 -5.3 0.2
v -0.8 -5.3 0.0999998
v -0.7 -5.3 0.0999998
v -0.8 -5.3 -1.78814e-07
v -0.7 -5.3 -1.78814e-07
v -0.8 -5.3 -0.1
v -0.7 -5.3 -0.1
v -0.8 -5.3 -0.2
v -0.7 -5.3 -0.2
v 0.5 -5.3 -0.2
v 0.6 -5.3 -0.2
v -0.7 -5.3 -0.3
v -0.6 -5.3 -0.3
v 0.5 -5.3 -0.3
v 0.6 -5.3 -0.3
v -0.7 -5.3 -0.4
v -0.6 -5.3 -0.4
v -0.5 -5.3 -0.4
v -0.6 -5.3 -0.5
v -0.5 -5.3 -0.5
v -0.4 -5.3 -0.5
v -0.3 -5.3 -0.5
v 0.2 -5.3 -0.5
v 0.3 -5.3 -0.5
v -0.4 -5.3 -0.6
v -0.3 -5.3 -0.6
v 0.2 -5.3 -0.6
v 0.3 -5.3 -0.6
v -0.0999998 -5.2 0.8
v 1.78814e-07 -5.2 0.8
v -0.4 -5.2 0.7
v -0.3 -5.2 0.7
v -0.0999998 -5.2 0.7
v 1.78814e-07 -5.2 0.7
v 0.2 -5.2 0.7
v 0.3 -5.2 0.7
v -0.6 -5.2 0.6
v -0.5 -5.2 0.6
v -0.4 -5.2 0.6
v -0.3 -5.2 0.6
v 0.2 -5.2 0.6
v 0.3 -5.2 0.6
v 0.4 -5.2 0.6
v -0.6 -5.2 0.5
v -0.5 -5.2 0.5
v 0.3 -5.2 0.5
v 0.4 -5.2 0.5
v 0.5 -5.2 0.5
v -0.7 -5.2 0.4
v -0.6 -5.2 0.4
v 0.4 -5.2 0.4
v 0.5 -5.2 0.4
v -0.7 -5.2 0.3
v -0.6 -5.2 0.3
v 0.5 -5.2 0.3
v 0.6 -5.2 0.3
v 0.5 -5.2 0.2
v 0.6 -5.2 0.2
v -0.8 -5.2 0.0999998
v -0.7 -5.2 0.0999998
v 0.5 -5.2 0.0999998
v 0.6 -5.2 0.0999998
v -0.8 -5.2 -1.78814e-07
v -0.7 -5.2 -1.78814e-07
v 0.5 -5.2 -1.78814e-07
v 0.6 -5.2 -1.78814e-07
v 0.5 -5.2 -0.1
v 0.6 -5.2 -0.1
v -0.7 -5.2 -0.2
v -0.6 -5.2 -0.2
v 0.5 -5.2 -0.2
v 0.6 -5.2 -0.2
v -0.7 -5.2 -0.3
v -0.6 -5.2 -0.3
v -0.5 -5.2 -0.3
v 0.4 -5.2 -0.3
v 0.5 -5.2 -0.3
v -0.6 -5.2 -0.4
v -0.5 -5.2 -0.4
v -0.4 -5.2 -0.4
v 0.3 -5.2 -0.4
v 0.4 -5.2 -0.4
v 0.5 -5.2 -0.4
v -0.5 -5.2 -0.5
v -0.4 -5.2 -0.5
v -0.3 -5.2 -0.5
v -0.2 -5.2 -0.5
v -0.0999998 -5.2 -0.5
v 1.78814e-07 -5.2 -0.5
v 0.1 -5.2 -0.5
v 0.2 -5.2 -0.5
v 0.3 -5.2 -0.5
v 0.4 -5.2 -0.5
v -0.3 -5.2 -0.6
v -0.2 -5.2 -0.6
v -0.0999998 -5.2 -0.6
v 1.78814e-07 -5.2 -0.6
v 0.1 -5.2 -0.6
v 0.2 -5.2 -0.6
v -0.3 -5.1 0.7
v -0.2 -5.1 0.7
v -0.0999998 -5.1 0.7
v 1.78814e-07 -5.1 0.7
v 0.1 -5.1 0.7
v 0.2 -5.1 0.7
v -0.5 -5.1 0.6
v -0.4 -5.1 0.6
v -0.3 -5.1 0.6
v -0.2 -5.1 0.6
v -0.0999998 -5.1 0.6
v 1.78814e-07 -5.1 0.6
v 0.1 -5.1 0.6
v 0.2 -5.1 0.6
v 0.3 -5.1 0.6
v -0.6 -5.1 0.5
v -0.5 -5.1 0.5
v -0.4 -5.1 0.5
v -0.3 -5.1 0.5
v 0.2 -5.1 0.5
v 0.3 -5.1 0.5
v 0.4 -5.1 0.5
v -0.6 -5.1 0.4
v -0.5 -5.1 0.4
v 0.3 -5.1 0.4
v 0.4 -5.1 0.4
v 0.5 -5.1 0.4
v -0.7 -5.1 0.3
v -0.6 -5.1 0.3
v -0.5 -5.1 0.3
v 0.4 -5.1 0.3
v 0.5 -5.1 0.3
v -0.7 -5.1 0.2
v -0.6 -5.1 0.2
v 0.4 -5.1 0.2
v 0.5 -5.1 0.2
v -0.7 -5.1 0.0999998
v -0.6 -5.1 0.0999998
v -0.7 -5.1 -1.78814e-07
v -0.6 -5.1 -1.78814e-07
v 0.4 -5.1 -1.78814e-07
v 0.5 -5.1 -1.78814e-07
v -0.7 -5.1 -0.1
v -0.6 -5.1 -0.1
v 0.4 -5.1 -0.1
v 0.5 -5.1 -0.1
v -0.7 -5.1 -0.2
v -0.6 -5.1 -0.2
v -0.5 -5.1 -0.2
v 0.4 -5.1 -0.2
v 0.5 -5.1 -0.2
v -0.6 -5.1 -0.3
v -0.5 -5.1 -0.3
v -0.4 -5.1 -0.3
v 0.3 -5.1 -0.3
v 0.4 -5.1 -0.3
v 0.5 -5.1 -0.3
v -0.5 -5.1 -0.4
v -0.4 -5.1 -0.4
v -0.3 -5.1 -0.4
v -0.2 -5.1 -0.4
v 1.78814e-07 -5.1 -0.4
v 0.1 -5.1 -0.4
v 0.2 -5.1 -0.4
v 0.3 -5.1 -0.4
v 0.4 -5.1 -0.4
v -0.4 -5.1 -0.5
v -0.3 -5.1 -0.5
v -0.2 -5.1 -0.5
v 1.78814e-07 -5.1 -0.5
v 0.1 -5.1 -0.5
v 0.2 -5.1 -0.5
v 0.3 -5.1 -0.5
v -0.3 -5 0.6
v -0.2 -5 0.6
v -0.0999998 -5 0.6
v 1.78814e-07 -5 0.6
v 0.1 -5 0.6
v 0.2 -5 0.6
v -0.5 -5 0.5
v -0.4 -5 0.5
v -0.3 -5 0.5
v -0.2 -5 0.5
v -0.0999998 -5 0.5
v 1.78814e-07 -5 0.5
v 0.1 -5 0.5
v 0.2 -5 0.5
v 0.3 -5 0.5
v -0.5 -5 0.4
v -0.4 -5 0.4
v -0.3 -5 0.4
v 0.1 -5 0.4
v 0.2 -5 0.4
v 0.3 -5 0.4
v 0.4 -5 0.4
v -0.6 -5 0.3
v -0.5 -5 0.3
v -0.4 -5 0.3
v 0.2 -5 0.3
v 0.3 -5 0.3
v 0.4 -5 0.3
v -0.6 -5 0.2
v -0.5 -5 0.2
v 0.3 -5 0.2
v 0.4 -5 0.2
v 0.5 -5 0.2
v -0.6 -5 0.0999998
v -0.5 -5 0.0999998
v 0.3 -5 0.0999998
v 0.4 -5 0.0999998
v 0.5 -5 0.0999998
v -0.6 -5 -1.78814e-07
v -0.5 -5 -1.78814e-07
v 0.3 -5 -1.78814e-07
v 0.4 -5 -1.78814e-07
v 0.5 -5 -1.78814e-07
v -0.6 -5 -0.1
v -0.5 -5 -0.1
v -0.4 -5 -0.1
v 0.3 -5 -0.1
v 0.4 -5 -0.1
v -0.6 -5 -0.2
v -0.5 -5 -0.2
v -0.4 -5 -0.2
v -0.3 -5 -0.2
v 0.2 -5 -0.2
v 0.3 -5 -0.2
v 0.4 -5 -0.2
v -0.5 -5 -0.3
v -0.4 -5 -0.3
v -0.3 -5 -0.3
v -0.2 -5 -0.3
v -0.0999998 -5 -0.3
v 1.78814e-07 -5 -0.3
v 0.1 -5 -0.3
v 0.2 -5 -0.3
v 0.3 -5 -0.3
v 0.4 -5 -0.3
v -0.4 -5 -0.4
v -0.3 -5 -0.4
v -0.2 -5 -0.4
v -0.0999998 -5 -0.4
v 1.78814e-07 -5 -0.4
v 0.1 -5 -0.4
v 0.2 -5 -0.4
v 0.3 -5 -0.4
v -0.2 -5 -0.5
v -0.0999998 -5 -0.5
v 1.78814e-07 -5 -0.5
v -0.3 -4.9 0.5
v -0.2 -4.9 0.5
v -0.0999998 -4.9 0.5
v 1.78814e-07 -4.9 0.5
v 0.1 -4.9 0.5
v -0.4 -4.9 0.4
v -0.3 -4.9 0.4
v -0.2 -4.9 0.4
v -0.0999998 -4.9 0.4
v 1.78814e-07 -4.9 0.4
v 0.1 -4.9 0.4
v 0.2 -4.9 0.4
v -0.5 -4.9 0.3
v -0.4 -4.9 0.3
v -0.3 -4.9 0.3
v -0.2 -4.9 0.3
v -0.0999998 -4.9 0.3
v 1.78814e-07 -4.9 0.3
v 0.1 -4.9 0.3
v 0.2 -4.9 0.3
v 0.3 -4.9 0.3
v -0.5 -4.9 0.2
v -0.4 -4.9 0.2
v -0.3 -4.9 0.2
v -0.2 -4.9 0.2
v 1.78814e-07 -4.9 0.2
v 0.1 -4.9 0.2
v 0.2 -4.9 0.2
v 0.3 -4.9 0.2
v -0.5 -4.9 0.0999998
v -0.4 -4.9 0.0999998
v -0.3 -4.9 0.0999998
v 0.1 -4.9 0.0999998
v 0.2 -4.9 0.0999998
v 0.3 -4.9 0.0999998
v -0.5 -4.9 -1.78814e-07
v -0.4 -4.9 -1.78814e-07
v -0.3 -4.9 -1.78814e-07
v -0.2 -4.9 -1.78814e-07
v 0.1 -4.9 -1.78814e-07
v 0.2 -4.9 -1.78814e-07
v 0.3 -4.9 -1.78814e-07
v -0.5 -4.9 -0.1
v -0.4 -4.9 -0.1
v -0.3 -4.9 -0.1
v -0.2 -4.9 -0.1
v -0.0999998 -4.9 -0.1
v 1.78814e-07 -4.9 -0.1
v 0.1 -4.9 -0.1
v 0.2 -4.9 -0.1
v 0.3 -4.9 -0.1
v -0.4 -4.9 -0.2
v -0.3 -4.9 -0.2
v -0.2 -4.9 -0.2
v -0.0999998 -4.9 -0.2
v 1.78814e-07 -4.9 -0.2
v 0.1 -4.9 -0.2
v 0.2 -4.9 -0.2
v 0.3 -4.9 -0.2
v -0.3 -4.9 -0.3
v -0.2 -4.9 -0.3
v -0.0999998 -4.9 -0.3
v 1.78814e-07 -4.9 -0.3
v 0.1 -4.9 -0.3
v 0.2 -4.9 -0.3
v -0.2 -4.8 0.3
v -0.0999998 -4.8 0.3
v 1.78814e-07 -4.8 0.3
v -0.3 -4.8 0.2
v -0.2 -4.8 0.2
v -0.0999998 -4.8 0.2
v 1.78814e-07 -4.8 0.2
v 0.1 -4.8 0.2
v -0.3 -4.8 0.0999998
v -0.2 -4.8 0.0999998
v -0.0999998 -4.8 0.0999998
v 1.78814e-07 -4.8 0.0999998
v 0.1 -4.8 0.0999998
v -0.3 -4.8 -1.78814e-07
v -0.2 -4.8 -1.78814e-07
v -0.0999998 -4.8 -1.78814e-07
v 1.78814e-07 -4.8 -1.78814e-07
v 0.1 -4.8 -1.78814e-07
v -0.2 -4.8 -0.1
v -0.0999998 -4.8 -0.1
v 1.78814e-07 -4.8 -0.1
v 0.1 -4.8 -0.1

# faces
f 7/191/1 2/191/1 1/191/1
f 8/153/1 3/153/1 2/153/1
f 8/191/1 2/191/1 7/191/1
f 9/23/1 4/23/1 3/23/1
f 9/153/1 3/153/1 8/153/1
f 10/216/1 5/216/1 4/216/1
f 10/23/1 4/23/1 9/23/1
f 11/216/1 5/216/1 10/216/1
f 13/185/1 7/185/1 6/185/1
f 14/66/1 8/66/1 7/66/1
f 14/185/1 7/185/1 13/185/1
f 15/245/1 9/245/1 8/245/1
f 15/66/1 8/66/1 14/66/1
f 16/150/1 10/150/1 9/150/1
f 16/245/1 9/245/1 15/245/1
f 17/160/1 11/160/1 10/160/1
f 17/150/1 10/150/1 16/150/1
f 18/92/1 12/92/1 11/92/1
f 18/160/1 11/160/1 17/160/1
f 19/92/1 12/92/1 18/92/1
f 20/92/1 14/92/1 13/92/1
f 21/176/1 15/176/1 14/176/1
f 21/92/1 14/92/1 20/92/1
f 22/252/1 16/252/1 15/252/1
f 22/176/1 15/176/1 21/176/1
f 23/236/1 17/236/1 16/236/1
f 23/252/1 16/252/1 22/252/1
f 24/163/1 18/163/1 17/163/1
f 24/236/1 17/236/1 23/236/1
f 25/133/1 19/133/1 18/133/1
f 25/163/1 18/163/1 24/163/1
f 26/133/1 19/133/1 25/133/1
f 28/104/1 21/104/1 20/104/1
f 29/208/1 22/208/1 21/208/1
f 29/104/1 21/104/1 28/104/1
f 30/39/1 23/39/1 22/39/1
f 30/208/1 22/208/1 29/208/1
f 31/32/1 24/32/1 23/32/1
f 31/39/1 23/39/1 30/39/1
f 32/66/1 25/66/1 24/66/1
f 32/32/1 24/32/1 31/32/1
f 33/83/1 26/83/1 25/83/1
f 33/66/1 25/66/1 32/66/1
f 34/98/1 27/98/1 26/98/1
f 34/83/1 26/83/1 33/83/1
f 35/98/1 27/98/1 34/98/1
f 36/130/1 29/130/1 28/130/1
f 37/222/1 30/222/1 29/222/1
f 37/130/1 29/130/1 36/130/1
f 38/11/1 31/11/1 30/11/1
f 38/222/1 30/222/1 37/222/1
f 39/112/1 32/112/1 31/112/1
f 39/11/1 31/11/1 38/11/1
f 40/18/1 33/18/1 32/18/1
f 40/112/1 32/112/1 39/112/1
f 41/97/1 34/97/1 33/97/1
f 41/18/1 33/18/1 40/18/1
f 42/97/1 34/97/1 41/97/1
f 43/236/1 38/236/1 37/236/1
f 44/30/1 39/30/1 38/30/1
f 44/236/1 38/236/1 43/236/1
f 45/36/1 40/36/1 39/36/1
f 45/30/1 39/30/1 44/30/1
f 46/17/1 41/17/1 40/17/1
f 46/36/1 40/36/1 45/36/1
f 47/75/1 42/75/1 41/75/1
f 47/17/1 41/17/1 46/17/1
f 48/75/1 42/75/1 47/75/1
f 49/184/1 46/184/1 45/184/1
f 50/184/1 46/184/1 49/184/1
f 56/206/1 52/206/1 51/206/1
f 57/222/1 53/222/1 52/222/1
f 57/206/1 52/206/1 56/206/1
f 58/222/1 53/222/1 57/222/1
f 62/250/1 55/250/1 54/250/1
f 63/241/1 56/241/1 55/241/1
f 63/250/1 55/250/1 62/250/1
f 64/217/1 57/217/1 56/217/1
f 64/241/1 56/241/1 63/241/1
f 65/185/1 58/185/1 57/185/1
f 65/217/1 57/217/1 64/217/1
f 66/107/1 59/107/1 58/107/1
f 66/185/1 58/185/1 65/185/1
f 67/100/1 60/100/1 59/100/1
f 67/107/1 59/107/1 66/107/1
f 68/100/1 60/100/1 67/100/1
f 70/195/1 62/195/1 61/195/1
f 71/122/1 63/122/1 62/122/1
f 71/195/1 62/195/1 70/195/1
f 72/122/1 63/122/1 71/122/1
f 73/94/1 68/94/1 67/94/1
f 74/182/1 69/182/1 68/182/1
f 74/94/1 68/94/1 73/94/1
f 75/182/1 69/182/1 74/182/1
f 78/178/1 71/178/1 70/178/1
f 79/178/1 71/178/1 78/178/1
f 80/132/1 75/132/1 74/132/1
f 81/29/1 76/29/1 75/29/1
f 81/132/1 75/132/1 80/132/1
f 82/29/1 76/29/1 81/29/1
f 83/76/1 78/76/1 77/76/1
f 84/211/1 79/211/1 78/211/1
f 84/76/1 78/76/1 83/76/1
f 85/211/1 79/211/1 84/211/1
f 86/15/1 81/15/1 80/15/1
f 87/148/1 82/148/1 81/148/1
f 87/15/1 81/15/1 86/15/1
f 88/148/1 82/148/1 87/148/1
f 89/149/1 84/149/1 83/149/1
f 90/122/1 85/122/1 84/122/1
f 90/149/1 84/149/1 89/149/1
f 91/122/1 85/122/1 90/122/1
f 93/112/1 88/112/1 87/112/1
f 94/112/1 88/112/1 93/112/1
f 95/140/1 91/140/1 90/140/1
f 96/140/1 91/140/1 95/140/1
f 98/25/1 93/25/1 92/25/1
f 99/85/1 94/85/1 93/85/1
f 99/25/1 93/25/1 98/25/1
f 100/85/1 94/85/1 99/85/1
f 101/230/1 96/230/1 95/230/1
f 102/209/1 97/209/1 96/209/1
f 102/230/1 96/230/1 101/230/1
f 103/209/1 97/209/1 102/209/1
f 108/254/1 99/254/1 98/254/1
f 109/44/1 100/44/1 99/44/1
f 109/254/1 99/254/1 108/254/1
f 110/44/1 100/44/1 109/44/1
f 111/106/1 103/106/1 102/106/1
f 112/226/1 104/226/1 103/226/1
f 112/106/1 103/106/1 111/106/1
f 113/93/1 105/93/1 104/93/1
f 113/226/1 104/226/1 112/226/1
f 114/93/1 105/93/1 113/93/1
f 115/143/1 107/143/1 106/143/1
f 116/104/1 108/104/1 107/104/1
f 116/143/1 107/143/1 115/143/1
f 117/130/1 109/130/1 108/130/1
f 117/104/1 108/104/1 116/104/1
f 118/130/1 109/130/1 117/130/1
f 119/83/1 113/83/1 112/83/1
f 120/232/1 114/232/1 113/232/1
f 120/83/1 113/83/1 119/83/1
f 121/149/1 115/149/1 114/149/1
f 121/232/1 114/232/1 120/232/1
f 122/239/1 116/239/1 115/239/1
f 122/149/1 115/149/1 121/149/1
f 123/124/1 117/124/1 116/124/1
f 123/239/1 116/239/1 122/239/1
f 124/124/1 117/124/1 123/124/1
f 130/181/1 126/181/1 125/181/1
f 131/111/1 127/111/1 126/111/1
f 131/181/1 126/181/1 130/181/1
f 132/111/1 127/111/1 131/111/1
f 137/70/1 129/70/1 128/70/1
f 138/84/1 130/84/1 129/84/1
f 138/70/1 129/70/1 137/70/1
f 139/84/1 130/84/1 138/84/1
f 140/150/1 133/150/1 132/150/1
f 141/83/1 134/83/1 133/83/1
f 141/150/1 133/150/1 140/150/1
f 142/119/1 135/119/1 134/119/1
f 142/83/1 134/83/1 141/83/1
f 143/119/1 135/119/1 142/119/1
f 146/39/1 137/39/1 136/39/1
f 147/39/1 137/39/1 146/39/1
f 148/7/1 143/7/1 142/7/1
f 149/123/1 144/123/1 143/123/1
f 149/7/1 143/7/1 148/7/1
f 150/123/1 144/123/1 149/123/1
f 151/86/1 146/86/1 145/86/1
f 152/86/1 146/86/1 151/86/1
f 153/218/1 150/218/1 149/218/1
f 154/218/1 150/218/1 153/218/1
f 157/119/1 152/119/1 151/119/1
f 158/119/1 152/119/1 157/119/1
f 159/15/1 155/15/1 154/15/1
f 160/15/1 155/15/1 159/15/1
f 161/136/1 157/136/1 156/136/1
f 162/136/1 157/136/1 161/136/1
f 163/184/1 160/184/1 159/184/1
f 164/184/1 160/184/1 163/184/1
f 165/58/1 162/58/1 161/58/1
f 166/58/1 162/58/1 165/58/1
f 168/50/1 164/50/1 163/50/1
f 169/50/1 164/50/1 168/50/1
f 170/246/1 167/246/1 166/246/1
f 171/246/1 167/246/1 170/246/1
f 172/9/1 169/9/1 168/9/1
f 173/9/1 169/9/1 172/9/1
f 174/12/1 171/12/1 170/12/1
f 175/12/1 171/12/1 174/12/1
f 178/180/1 173/180/1 172/180/1
f 179/180/1 173/180/1 178/180/1
f 180/4/1 175/4/1 174/4/1
f 181/231/1 176/231/1 175/231/1
f 181/4/1 175/4/1 180/4/1
f 182/231/1 176/231/1 181/231/1
f 185/207/1 178/207/1 177/207/1
f 186/207/1 178/207/1 185/207/1
f 187/30/1 182/30/1 181/30/1
f 188/226/1 183/226/1 182/226/1
f 188/30/1 182/30/1 187/30/1
f 189/226/1 183/226/1 188/226/1
f 194/112/1 185/112/1 184/112/1
f 195/112/1 185/112/1 194/112/1
f 196/48/1 190/48/1 189/48/1
f 197/53/1 191/53/1 190/53/1
f 197/48/1 190/48/1 196/48/1
f 198/187/1 192/187/1 191/187/1
f 198/53/1 191/53/1 197/53/1
f 199/164/1 193/164/1 192/164/1
f 199/187/1 192/187/1 198/187/1
f 200/7/1 194/7/1 193/7/1
f 200/164/1 193/164/1 199/164/1
f 201/7/1 194/7/1 200/7/1
f 209/99/1 203/99/1 202/99/1
f 210/233/1 204/233/1 203/233/1
f 210/99/1 203/99/1 209/99/1
f 211/233/1 204/233/1 210/233/1
f 212/248/1 206/248/1 205/248/1
f 213/183/1 207/183/1 206/183/1
f 213/248/1 206/248/1 212/248/1
f 214/183/1 207/183/1 213/183/1
f 218/94/1 209/94/1 208/94/1
f 219/94/1 209/94/1 218/94/1
f 220/203/1 216/203/1 215/203/1
f 221/203/1 216/203/1 220/203/1
f 224/60/1 218/60/1 217/60/1
f 225/60/1 218/60/1 224/60/1
f 226/146/1 222/146/1 221/146/1
f 227/146/1 222/146/1 226/146/1
f 228/174/1 224/174/1 223/174/1
f 229/174/1 224/174/1 228/174/1
f 230/67/1 227/67/1 226/67/1
f 231/67/1 227/67/1 230/67/1
f 233/105/1 229/105/1 228/105/1
f 234/105/1 229/105/1 233/105/1
f 235/48/1 232/48/1 231/48/1
f 236/48/1 232/48/1 235/48/1
f 237/18/1 236/18/1 235/18/1
f 238/18/1 236/18/1 237/18/1
f 241/28/1 238/28/1 237/28/1
f 242/28/1 238/28/1 241/28/1
f 243/66/1 240/66/1 239/66/1
f 244/66/1 240/66/1 243/66/1
f 245/113/1 242/113/1 241/113/1
f 246/113/1 242/113/1 245/113/1
f 247/114/1 244/114/1 243/114/1
f 248/114/1 244/114/1 247/114/1
f 254/193/1 250/193/1 249/193/1
f 255/193/1 250/193/1 254/193/1
f 256/28/1 252/28/1 251/28/1
f 257/28/1 252/28/1 256/28/1
f 261/253/1 254/253/1 253/253/1
f 262/253/1 254/253/1 261/253/1
f 263/255/1 258/255/1 257/255/1
f 264/175/1 259/175/1 258/175/1
f 264/255/1 258/255/1 263/255/1
f 265/175/1 259/175/1 264/175/1
f 270/85/1 261/85/1 260/85/1
f 271/85/1 261/85/1 270/85/1
f 272/238/1 266/238/1 265/238/1
f 273/31/1 267/31/1 266/31/1
f 273/238/1 266/238/1 272/238/1
f 274/199/1 268/199/1 267/199/1
f 274/31/1 267/31/1 273/31/1
f 275/212/1 269/212/1 268/212/1
f 275/199/1 268/199/1 274/199/1
f 276/212/1 269/212/1 275/212/1
f 284/152/1 278/152/1 277/152/1
f 285/223/1 279/223/1 278/223/1
f 285/152/1 278/152/1 284/152/1
f 286/203/1 280/203/1 279/203/1
f 286/223/1 279/223/1 285/223/1
f 287/215/1 281/215/1 280/215/1
f 287/203/1 280/203/1 286/203/1
f 288/215/1 281/215/1 287/215/1
f 292/99/1 283/99/1 282/99/1
f 293/99/1 283/99/1 292/99/1
f 294/228/1 290/228/1 289/228/1
f 295/228/1 290/228/1 294/228/1
f 297/244/1 292/244/1 291/244/1
f 298/244/1 292/244/1 297/244/1
f 299/155/1 297/155/1 296/155/1
f 300/155/1 297/155/1 299/155/1
f 305/102/1 302/102/1 301/102/1
f 306/102/1 302/102/1 305/102/1
f 307/142/1 304/142/1 303/142/1
f 308/142/1 304/142/1 307/142/1
f 309/211/1 308/211/1 307/211/1
f 310/211/1 308/211/1 309/211/1
f 311/61/1 310/61/1 309/61/1
f 312/61/1 310/61/1 311/61/1
f 313/220/1 312/220/1 311/220/1
f 314/220/1 312/220/1 313/220/1
f 319/102/1 316/102/1 315/102/1
f 320/102/1 316/102/1 319/102/1
f 321/160/1 318/160/1 317/160/1
f 322/160/1 318/160/1 321/160/1
f 326/97/1 324/97/1 323/97/1
f 327/97/1 324/97/1 326/97/1
f 332/94/1 326/94/1 325/94/1
f 333/94/1 326/94/1 332/94/1
f 334/188/1 329/188/1 328/188/1
f 335/188/1 329/188/1 334/188/1
f 336/154/1 331/154/1 330/154/1
f 337/154/1 331/154/1 336/154/1
f 342/239/1 339/239/1 338/239/1
f 343/239/1 339/239/1 342/239/1
f 344/197/1 341/197/1 340/197/1
f 345/197/1 341/197/1 344/197/1
f 348/44/1 347/44/1 346/44/1
f 349/44/1 347/44/1 348/44/1
f 351/207/1 350/207/1 349/207/1
f 352/207/1 350/207/1 351/207/1
f 356/114/1 353/114/1 352/114/1
f 357/114/1 353/114/1 356/114/1
f 358/234/1 355/234/1 354/234/1
f 359/234/1 355/234/1 358/234/1
f 362/70/1 361/70/1 360/70/1
f 363/70/1 361/70/1 362/70/1
f 364/145/1 363/145/1 362/145/1
f 365/145/1 363/145/1 364/145/1
f 368/219/1 367/219/1 366/219/1
f 369/219/1 367/219/1 368/219/1
f 374/156/1 371/156/1 370/156/1
f 375/156/1 371/156/1 374/156/1
f 376/219/1 373/219/1 372/219/1
f 377/219/1 373/219/1 376/219/1
f 379/7/1 378/7/1 377/7/1
f 380/7/1 378/7/1 379/7/1
f 384/225/1 381/225/1 380/225/1
f 385/225/1 381/225/1 384/225/1
f 389/61/1 383/61/1 382/61/1
f 390/61/1 383/61/1 389/61/1
f 391/17/1 387/17/1 386/17/1
f 392/26/1 388/26/1 387/26/1
f 392/17/1 387/17/1 391/17/1
f 393/26/1 388/26/1 392/26/1
f 397/115/1 395/115/1 394/115/1
f 398/115/1 395/115/1 397/115/1
f 399/124/1 397/124/1 396/124/1
f 400/124/1 397/124/1 399/124/1
f 403/50/1 402/50/1 401/50/1
f 404/50/1 402/50/1 403/50/1
f 407/172/1 406/172/1 405/172/1
f 408/172/1 406/172/1 407/172/1
f 411/167/1 410/167/1 409/167/1
f 412/167/1 410/167/1 411/167/1
f 417/121/1 414/121/1 413/121/1
f 418/121/1 414/121/1 417/121/1
f 419/236/1 416/236/1 415/236/1
f 420/236/1 416/236/1 419/236/1
f 423/165/1 422/165/1 421/165/1
f 424/165/1 422/165/1 423/165/1
f 427/125/1 426/125/1 425/125/1
f 428/125/1 426/125/1 427/125/1
f 429/165/2 430/165/2 433/165/2
f 433/165/2 430/165/2 434/165/2
f 431/19/2 432/19/2 436/19/2
f 436/19/2 432/19/2 437/19/2
f 435/219/2 436/219/2 438/219/2
f 438/219/2 436/219/2 439/219/2
f 440/161/2 441/161/2 442/161/2
f 442/161/2 441/161/2 443/161/2
f 444/125/2 445/125/2 446/125/2
f 446/125/2 445/125/2 447/125/2
f 448/200/2 449/200/2 450/200/2
f 450/200/2 449/200/2 451/200/2
f 452/194/2 453/194/2 454/194/2
f 454/194/2 453/194/2 455/194/2
f 456/19/2 457/19/2 458/19/2
f 458/19/2 457/19/2 459/19/2
f 460/219/2 461/219/2 464/219/2
f 464/219/2 461/219/2 465/219/2
f 462/201/2 463/201/2 466/201/2
f 466/201/2 463/201/2 467/201/2
f 468/66/2 469/66/2 470/66/2
f 470/66/2 469/66/2 471/66/2
f 470/13/2 471/13/2 472/13/2
f 472/13/2 471/13/2 473/13/2
f 472/183/2 473/183/2 474/183/2
f 474/183/2 473/183/2 475/183/2
f 476/179/2 477/179/2 478/179/2
f 478/179/2 477/179/2 479/179/2
f 480/29/2 481/29/2 484/29/2
f 481/101/2 482/101/2 485/101/2
f 484/29/2 481/29/2 485/29/2
f 482/159/2 483/159/2 486/159/2
f 485/101/2 482/101/2 486/101/2
f 486/159/2 483/159/2 487/159/2
f 488/205/2 489/205/2 496/205/2
f 489/150/2 490/150/2 497/150/2
f 496/205/2 489/205/2 497/205/2
f 497/150/2 490/150/2 498/150/2
f 491/231/2 492/231/2 499/231/2
f 492/43/2 493/43/2 500/43/2
f 499/231/2 492/231/2 500/231/2
f 500/43/2 493/43/2 501/43/2
f 494/227/2 495/227/2 504/227/2
f 504/227/2 495/227/2 505/227/2
f 502/100/2 503/100/2 506/100/2
f 506/100/2 503/100/2 507/100/2
f 507/238/2 508/238/2 511/238/2
f 511/238/2 508/238/2 512/238/2
f 509/127/2 510/127/2 513/127/2
f 513/127/2 510/127/2 514/127/2
f 515/167/2 516/167/2 519/167/2
f 519/167/2 516/167/2 520/167/2
f 517/33/2 518/33/2 521/33/2
f 521/33/2 518/33/2 522/33/2
f 521/12/2 522/12/2 523/12/2
f 523/12/2 522/12/2 524/12/2
f 525/12/2 526/12/2 527/12/2
f 527/12/2 526/12/2 528/12/2
f 527/222/2 528/222/2 529/222/2
f 529/222/2 528/222/2 530/222/2
f 531/69/2 532/69/2 535/69/2
f 535/69/2 532/69/2 536/69/2
f 533/89/2 534/89/2 537/89/2
f 537/89/2 534/89/2 538/89/2
f 538/124/2 539/124/2 540/124/2
f 540/124/2 539/124/2 541/124/2
f 542/127/2 543/127/2 546/127/2
f 546/127/2 543/127/2 547/127/2
f 544/45/2 545/45/2 548/45/2
f 548/45/2 545/45/2 549/45/2
f 550/61/2 551/61/2 554/61/2
f 554/61/2 551/61/2 555/61/2
f 552/137/2 553/137/2 560/137/2
f 560/137/2 553/137/2 561/137/2
f 556/47/2 557/47/2 562/47/2
f 562/47/2 557/47/2 563/47/2
f 558/160/2 559/160/2 565/160/2
f 565/160/2 559/160/2 566/160/2
f 563/98/2 564/98/2 567/98/2
f 567/98/2 564/98/2 568/98/2
f 568/100/2 569/100/2 572/100/2
f 572/100/2 569/100/2 573/100/2
f 570/92/2 571/92/2 574/92/2
f 574/92/2 571/92/2 575/92/2
f 576/204/2 577/204/2 578/204/2
f 578/204/2 577/204/2 579/204/2
f 578/53/2 579/53/2 582/53/2
f 582/53/2 579/53/2 583/53/2
f 580/56/2 581/56/2 584/56/2
f 584/56/2 581/56/2 585/56/2
f 582/227/2 583/227/2 586/227/2
f 586/227/2 583/227/2 587/227/2
f 586/112/2 587/112/2 588/112/2
f 588/112/2 587/112/2 589/112/2
f 588/123/2 589/123/2 592/123/2
f 592/123/2 589/123/2 593/123/2
f 590/236/2 591/236/2 594/236/2
f 594/236/2 591/236/2 595/236/2
f 595/104/2 596/104/2 599/104/2
f 599/104/2 596/104/2 600/104/2
f 597/64/2 598/64/2 603/64/2
f 603/64/2 598/64/2 604/64/2
f 600/28/2 601/28/2 605/28/2
f 605/28/2 601/28/2 606/28/2
f 602/255/2 603/255/2 613/255/2
f 613/255/2 603/255/2 614/255/2
f 607/168/2 608/168/2 615/168/2
f 608/143/2 609/143/2 616/143/2
f 615/168/2 608/168/2 616/168/2
f 609/246/2 610/246/2 617/246/2
f 616/143/2 609/143/2 617/143/2
f 610/237/2 611/237/2 618/237/2
f 617/246/2 610/246/2 618/246/2
f 611/27/2 612/27/2 619/27/2
f 618/237/2 611/237/2 619/237/2
f 619/27/2 612/27/2 620/27/2
f 621/101/2 622/101/2 629/101/2
f 622/54/2 623/54/2 630/54/2
f 629/101/2 622/101/2 630/101/2
f 623/66/2 624/66/2 631/66/2
f 630/54/2 623/54/2 631/54/2
f 624/202/2 625/202/2 632/202/2
f 631/66/2 624/66/2 632/66/2
f 625/103/2 626/103/2 633/103/2
f 632/202/2 625/202/2 633/202/2
f 633/103/2 626/103/2 634/103/2
f 627/234/2 628/234/2 637/234/2
f 628/245/2 629/245/2 638/245/2
f 637/234/2 628/234/2 638/234/2
f 638/245/2 629/245/2 639/245/2
f 634/240/2 635/240/2 640/240/2
f 640/240/2 635/240/2 641/240/2
f 636/97/2 637/97/2 643/97/2
f 643/97/2 637/97/2 644/97/2
f 641/187/2 642/187/2 645/187/2
f 645/187/2 642/187/2 646/187/2
f 643/31/2 644/31/2 649/31/2
f 649/31/2 644/31/2 650/31/2
f 646/198/2 647/198/2 651/198/2
f 651/198/2 647/198/2 652/198/2
f 648/229/2 649/229/2 653/229/2
f 653/229/2 649/229/2 654/229/2
f 651/165/2 652/165/2 655/165/2
f 655/165/2 652/165/2 656/165/2
f 653/11/2 654/11/2 657/11/2
f 657/11/2 654/11/2 658/11/2
f 657/99/2 658/99/2 659/99/2
f 659/99/2 658/99/2 660/99/2
f 659/153/2 660/153/2 663/153/2
f 663/153/2 660/153/2 664/153/2
f 661/198/2 662/198/2 665/198/2
f 665/198/2 662/198/2 666/198/2
f 663/88/2 664/88/2 667/88/2
f 667/88/2 664/88/2 668/88/2
f 665/182/2 666/182/2 670/182/2
f 670/182/2 666/182/2 671/182/2
f 668/202/2 669/202/2 672/202/2
f 672/202/2 669/202/2 673/202/2
f 670/100/2 671/100/2 676/100/2
f 676/100/2 671/100/2 677/100/2
f 673/37/2 674/37/2 678/37/2
f 678/37/2 674/37/2 679/37/2
f 675/185/2 676/185/2 685/185/2
f 685/185/2 676/185/2 686/185/2
f 679/147/2 680/147/2 687/147/2
f 680/226/2 681/226/2 688/226/2
f 687/147/2 680/147/2 688/147/2
f 688/226/2 681/226/2 689/226/2
f 682/83/2 683/83/2 690/83/2
f 683/206/2 684/206/2 691/206/2
f 690/83/2 683/83/2 691/83/2
f 684/229/2 685/229/2 692/229/2
f 691/206/2 684/206/2 692/206/2
f 692/229/2 685/229/2 693/229/2
f 694/233/2 695/233/2 702/233/2
f 695/43/2 696/43/2 703/43/2
f 702/233/2 695/233/2 703/233/2
f 696/233/2 697/233/2 704/233/2
f 703/43/2 696/43/2 704/43/2
f 697/109/2 698/109/2 705/109/2
f 704/233/2 697/233/2 705/233/2
f 698/246/2 699/246/2 706/246/2
f 705/109/2 698/109/2 706/109/2
f 706/246/2 699/246/2 707/246/2
f 700/50/2 701/50/2 709/50/2
f 701/153/2 702/153/2 710/153/2
f 709/50/2 701/50/2 710/50/2
f 710/153/2 702/153/2 711/153/2
f 706/204/2 707/204/2 712/204/2
f 707/44/2 708/44/2 713/44/2
f 712/204/2 707/204/2 713/204/2
f 713/44/2 708/44/2 714/44/2
f 709/43/2 710/43/2 717/43/2
f 717/43/2 710/43/2 718/43/2
f 713/225/2 714/225/2 719/225/2
f 714/184/2 715/184/2 720/184/2
f 719/225/2 714/225/2 720/225/2
f 720/184/2 715/184/2 721/184/2
f 716/248/2 717/248/2 722/248/2
f 722/248/2 717/248/2 723/248/2
f 720/78/2 721/78/2 724/78/2
f 724/78/2 721/78/2 725/78/2
f 722/231/2 723/231/2 727/231/2
f 727/231/2 723/231/2 728/231/2
f 724/116/2 725/116/2 729/116/2
f 725/21/2 726/21/2 730/21/2
f 729/116/2 725/116/2 730/116/2
f 730/21/2 726/21/2 731/21/2
f 727/9/2 728/9/2 732/9/2
f 732/9/2 728/9/2 733/9/2
f 729/93/2 730/93/2 734/93/2
f 730/73/2 731/73/2 735/73/2
f 734/93/2 730/93/2 735/93/2
f 735/73/2 731/73/2 736/73/2
f 732/152/2 733/152/2 737/152/2
f 737/152/2 733/152/2 738/152/2
f 734/243/2 735/243/2 740/243/2
f 740/243/2 735/243/2 741/243/2
f 737/148/2 738/148/2 742/148/2
f 738/225/2 739/225/2 743/225/2
f 742/148/2 738/148/2 743/148/2
f 743/225/2 739/225/2 744/225/2
f 740/127/2 741/127/2 747/127/2
f 747/127/2 741/127/2 748/127/2
f 743/186/2 744/186/2 749/186/2
f 744/171/2 745/171/2 750/171/2
f 749/186/2 744/186/2 750/186/2
f 750/171/2 745/171/2 751/171/2
f 747/174/2 748/174/2 756/174/2
f 746/174/2 747/174/2 756/174/2
f 756/174/2 748/174/2 757/174/2
f 757/174/2 748/174/2 758/174/2
f 750/82/2 751/82/2 759/82/2
f 751/36/2 752/36/2 760/36/2
f 759/82/2 751/82/2 760/82/2
f 752/217/2 753/217/2 761/217/2
f 760/36/2 752/36/2 761/36/2
f 753/210/2 754/210/2 762/210/2
f 761/217/2 753/217/2 762/217/2
f 754/224/2 755/224/2 763/224/2
f 762/210/2 754/210/2 763/210/2
f 755/128/2 756/128/2 764/128/2
f 763/224/2 755/224/2 764/224/2
f 756/239/2 757/239/2 765/239/2
f 764/128/2 756/128/2 765/128/2
f 765/239/2 757/239/2 766/239/2
f 761/14/2 762/14/2 767/14/2
f 762/52/2 763/52/2 768/52/2
f 767/14/2 762/14/2 768/14/2
f 768/52/2 763/52/2 769/52/2
f 770/29/2 771/29/2 775/29/2
f 775/29/2 771/29/2 776/29/2
f 771/18/2 772/18/2 777/18/2
f 776/29/2 771/29/2 777/29/2
f 772/83/2 773/83/2 778/83/2
f 777/18/2 772/18/2 778/18/2
f 778/83/2 773/83/2 779/83/2
f 774/43/2 775/43/2 782/43/2
f 775/198/2 776/198/2 783/198/2
f 782/43/2 775/43/2 783/43/2
f 776/194/2 777/194/2 784/194/2
f 783/198/2 776/198/2 784/198/2
f 777/105/2 778/105/2 785/105/2
f 784/194/2 777/194/2 785/194/2
f 778/48/2 779/48/2 786/48/2
f 785/105/2 778/105/2 786/105/2
f 779/98/2 780/98/2 787/98/2
f 786/48/2 779/48/2 787/48/2
f 787/98/2 780/98/2 788/98/2
f 781/246/2 782/246/2 790/246/2
f 782/64/2 783/64/2 791/64/2
f 790/246/2 782/246/2 791/246/2
f 783/2/2 784/2/2 792/2/2
f 791/64/2 783/64/2 792/64/2
f 792/2/2 784/2/2 793/2/2
f 786/188/2 787/188/2 794/188/2
f 787/242/2 788/242/2 795/242/2
f 794/188/2 787/188/2 795/188/2
f 788/97/2 789/97/2 796/97/2
f 795/242/2 788/242/2 796/242/2
f 796/97/2 789/97/2 797/97/2
f 790/159/2 791/159/2 798/159/2
f 791/101/2 792/101/2 799/101/2
f 798/159/2 791/159/2 799/159/2
f 799/101/2 792/101/2 800/101/2
f 795/69/2 796/69/2 801/69/2
f 796/157/2 797/157/2 802/157/2
f 801/69/2 796/69/2 802/69/2
f 802/157/2 797/157/2 803/157/2
f 798/182/2 799/182/2 804/182/2
f 799/203/2 800/203/2 805/203/2
f 804/182/2 799/182/2 805/182/2
f 805/203/2 800/203/2 806/203/2
f 801/85/2 802/85/2 808/85/2
f 802/52/2 803/52/2 809/52/2
f 808/85/2 802/85/2 809/85/2
f 809/52/2 803/52/2 810/52/2
f 804/37/2 805/37/2 811/37/2
f 805/54/2 806/54/2 812/54/2
f 811/37/2 805/37/2 812/37/2
f 806/44/2 807/44/2 813/44/2
f 812/54/2 806/54/2 813/54/2
f 813/44/2 807/44/2 814/44/2
f 808/250/2 809/250/2 817/250/2
f 809/141/2 810/141/2 818/141/2
f 817/250/2 809/250/2 818/250/2
f 818/141/2 810/141/2 819/141/2
f 812/81/2 813/81/2 820/81/2
f 813/47/2 814/47/2 821/47/2
f 820/81/2 813/81/2 821/81/2
f 814/179/2 815/179/2 822/179/2
f 821/47/2 814/47/2 822/47/2
f 815/252/2 816/252/2 823/252/2
f 822/179/2 815/179/2 823/179/2
f 816/104/2 817/104/2 824/104/2
f 823/252/2 816/252/2 824/252/2
f 817/32/2 818/32/2 825/32/2
f 824/104/2 817/104/2 825/104/2
f 818/173/2 819/173/2 826/173/2
f 825/32/2 818/32/2 826/32/2
f 826/173/2 819/173/2 827/173/2
f 821/140/2 822/140/2 828/140/2
f 822/63/2 823/63/2 829/63/2
f 828/140/2 822/140/2 829/140/2
f 823/45/2 824/45/2 830/45/2
f 829/63/2 823/63/2 830/63/2
f 824/187/2 825/187/2 831/187/2
f 830/45/2 824/45/2 831/45/2
f 825/186/2 826/186/2 832/186/2
f 831/187/2 825/187/2 832/187/2
f 832/186/2 826/186/2 833/186/2
f 834/152/2 835/152/2 838/152/2
f 835/202/2 836/202/2 839/202/2
f 838/152/2 835/152/2 839/152/2
f 839/202/2 836/202/2 840/202/2
f 837/95/2 838/95/2 842/95/2
f 838/179/2 839/179/2 843/179/2
f 842/95/2 838/95/2 843/95/2
f 839/155/2 840/155/2 844/155/2
f 843/179/2 839/179/2 844/179/2
f 840/204/2 841/204/2 845/204/2
f 844/155/2 840/155/2 845/155/2
f 845/204/2 841/204/2 846/204/2
f 842/184/2 843/184/2 847/184/2
f 843/108/2 844/108/2 848/108/2
f 847/184/2 843/184/2 848/184/2
f 844/160/2 845/160/2 849/160/2
f 848/108/2 844/108/2 849/108/2
f 845/22/2 846/22/2 850/22/2
f 849/160/2 845/160/2 850/160/2
f 850/22/2 846/22/2 851/22/2
f 848/92/2 849/92/2 852/92/2
f 849/214/2 850/214/2 853/214/2
f 852/92/2 849/92/2 853/92/2
f 850/86/2 851/86/2 854/86/2
f 853/214/2 850/214/2 854/214/2
f 854/86/2 851/86/2 855/86/2
f 862/142/3 857/142/3 856/142/3
f 863/211/3 858/211/3 857/211/3
f 863/142/3 857/142/3 862/142/3
f 864/61/3 859/61/3 858/61/3
f 864/211/3 858/211/3 863/211/3
f 865/220/3 860/220/3 859/220/3
f 865/61/3 859/61/3 864/61/3
f 866/220/3 860/220/3 865/220/3
f 868/234/3 862/234/3 861/234/3
f 869/173/3 863/173/3 862/173/3
f 869/234/3 862/234/3 868/234/3
f 870/241/3 864/241/3 863/241/3
f 870/173/3 863/173/3 869/173/3
f 871/211/3 865/211/3 864/211/3
f 871/241/3 864/241/3 870/241/3
f 872/209/3 866/209/3 865/209/3
f 872/211/3 865/211/3 871/211/3
f 873/219/3 867/219/3 866/219/3
f 873/209/3 866/209/3 872/209/3
f 874/219/3 867/219/3 873/219/3
f 875/121/3 869/121/3 868/121/3
f 876/239/3 870/239/3 869/239/3
f 876/121/3 869/121/3 875/121/3
f 877/196/3 871/196/3 870/196/3
f 877/239/3 870/239/3 876/239/3
f 878/183/3 872/183/3 871/183/3
f 878/196/3 871/196/3 877/196/3
f 879/171/3 873/171/3 872/171/3
f 879/183/3 872/183/3 878/183/3
f 880/177/3 874/177/3 873/177/3
f 880/171/3 873/171/3 879/171/3
f 881/177/3 874/177/3 880/177/3
f 883/108/3 876/108/3 875/108/3
f 884/216/3 877/216/3 876/216/3
f 884/108/3 876/108/3 883/108/3
f 885/19/3 878/19/3 877/19/3
f 885/216/3 877/216/3 884/216/3
f 886/60/3 879/60/3 878/60/3
f 886/19/3 878/19/3 885/19/3
f 887/29/3 880/29/3 879/29/3
f 887/60/3 879/60/3 886/60/3
f 888/8/3 881/8/3 880/8/3
f 888/29/3 880/29/3 887/29/3
f 889/125/3 882/125/3 881/125/3
f 889/8/3 881/8/3 888/8/3
f 890/125/3 882/125/3 889/125/3
f 891/201/3 884/201/3 883/201/3
f 892/213/3 885/213/3 884/213/3
f 892/201/3 884/201/3 891/201/3
f 893/153/3 886/153/3 885/153/3
f 893/213/3 885/213/3 892/213/3
f 894/16/3 887/16/3 886/16/3
f 894/153/3 886/153/3 893/153/3
f 895/149/3 888/149/3 887/149/3
f 895/16/3 887/16/3 894/16/3
f 896/175/3 889/175/3 888/175/3
f 896/149/3 888/149/3 895/149/3
f 897/175/3 889/175/3 896/175/3
f 898/33/3 893/33/3 892/33/3
f 899/12/3 894/12/3 893/12/3
f 899/33/3 893/33/3 898/33/3
f 900/66/3 895/66/3 894/66/3
f 900/12/3 894/12/3 899/12/3
f 901/12/3 896/12/3 895/12/3
f 901/66/3 895/66/3 900/66/3
f 902/222/3 897/222/3 896/222/3
f 902/12/3 896/12/3 901/12/3
f 903/222/3 897/222/3 902/222/3
f 904/56/3 901/56/3 900/56/3
f 905/56/3 901/56/3 904/56/3
f 911/136/3 907/136/3 906/136/3
f 912/58/3 908/58/3 907/58/3
f 912/136/3 907/136/3 911/136/3
f 913/58/3 908/58/3 912/58/3
f 917/174/3 910/174/3 909/174/3
f 918/105/3 911/105/3 910/105/3
f 918/174/3 910/174/3 917/174/3
f 919/21/3 912/21/3 911/21/3
f 919/105/3 911/105/3 918/105/3
f 920/181/3 913/181/3 912/181/3
f 920/21/3 912/21/3 919/21/3
f 921/66/3 914/66/3 913/66/3
f 921/181/3 913/181/3 920/181/3
f 922/114/3 915/114/3 914/114/3
f 922/66/3 914/66/3 921/66/3
f 923/114/3 915/114/3 922/114/3
f 925/155/3 917/155/3 916/155/3
f 926/145/3 918/145/3 917/145/3
f 926/155/3 917/155/3 925/155/3
f 927/145/3 918/145/3 926/145/3
f 928/25/3 923/25/3 922/25/3
f 929/160/3 924/160/3 923/160/3
f 929/25/3 923/25/3 928/25/3
f 930/160/3 924/160/3 929/160/3
f 933/40/3 926/40/3 925/40/3
f 934/40/3 926/40/3 933/40/3
f 935/120/3 930/120/3 929/120/3
f 936/219/3 931/219/3 930/219/3
f 936/120/3 930/120/3 935/120/3
f 937/219/3 931/219/3 936/219/3
f 938/124/3 933/124/3 932/124/3
f 939/163/3 934/163/3 933/163/3
f 939/124/3 933/124/3 938/124/3
f 940/163/3 934/163/3 939/163/3
f 941/5/3 936/5/3 935/5/3
f 942/156/3 937/156/3 936/156/3
f 942/5/3 936/5/3 941/5/3
f 943/156/3 937/156/3 942/156/3
f 944/219/3 939/219/3 938/219/3
f 945/75/3 940/75/3 939/75/3
f 945/219/3 939/219/3 944/219/3
f 946/75/3 940/75/3 945/75/3
f 948/193/3 943/193/3 942/193/3
f 949/193/3 943/193/3 948/193/3
f 950/183/3 946/183/3 945/183/3
f 951/183/3 946/183/3 950/183/3
f 953/17/3 948/17/3 947/17/3
f 954/74/3 949/74/3 948/74/3
f 954/17/3 948/17/3 953/17/3
f 955/74/3 949/74/3 954/74/3
f 956/127/3 951/127/3 950/127/3
f 957/168/3 952/168/3 951/168/3
f 957/127/3 951/127/3 956/127/3
f 958/168/3 952/168/3 957/168/3
f 963/106/3 954/106/3 953/106/3
f 964/89/3 955/89/3 954/89/3
f 964/106/3 954/106/3 963/106/3
f 965/89/3 955/89/3 964/89/3
f 966/92/3 958/92/3 957/92/3
f 967/38/3 959/38/3 958/38/3
f 967/92/3 958/92/3 966/92/3
f 968/49/3 960/49/3 959/49/3
f 968/38/3 959/38/3 967/38/3
f 969/49/3 960/49/3 968/49/3
f 970/118/3 962/118/3 961/118/3
f 971/51/3 963/51/3 962/51/3
f 971/118/3 962/118/3 970/118/3
f 972/236/3 964/236/3 963/236/3
f 972/51/3 963/51/3 971/51/3
f 973/236/3 964/236/3 972/236/3
f 974/229/3 968/229/3 967/229/3
f 975/11/3 969/11/3 968/11/3
f 975/229/3 968/229/3 974/229/3
f 976/99/3 970/99/3 969/99/3
f 976/11/3 969/11/3 975/11/3
f 977/153/3 971/153/3 970/153/3
f 977/99/3 970/99/3 976/99/3
f 978/88/3 972/88/3 971/88/3
f 978/153/3 971/153/3 977/153/3
f 979/88/3 972/88/3 978/88/3
f 985/76/3 981/76/3 980/76/3
f 986/149/3 982/149/3 981/149/3
f 986/76/3 981/76/3 985/76/3
f 987/149/3 982/149/3 986/149/3
f 992/86/3 984/86/3 983/86/3
f 993/119/3 985/119/3 984/119/3
f 993/86/3 984/86/3 992/86/3
f 994/119/3 985/119/3 993/119/3
f 995/246/3 988/246/3 987/246/3
f 996/12/3 989/12/3 988/12/3
f 996/246/3 988/246/3 995/246/3
f 997/4/3 990/4/3 989/4/3
f 997/12/3 989/12/3 996/12/3
f 998/4/3 990/4/3 997/4/3
f 1001/60/3 992/60/3 991/60/3
f 1002/60/3 992/60/3 1001/60/3
f 1003/197/3 998/197/3 997/197/3
f 1004/28/3 999/28/3 998/28/3
f 1004/197/3 998/197/3 1003/197/3
f 1005/28/3 999/28/3 1004/28/3
f 1006/244/3 1001/244/3 1000/244/3
f 1007/244/3 1001/244/3 1006/244/3
f 1008/97/3 1005/97/3 1004/97/3
f 1009/97/3 1005/97/3 1008/97/3
f 1012/176/3 1007/176/3 1006/176/3
f 1013/176/3 1007/176/3 1012/176/3
f 1014/7/3 1010/7/3 1009/7/3
f 1015/7/3 1010/7/3 1014/7/3
f 1016/115/3 1012/115/3 1011/115/3
f 1017/115/3 1012/115/3 1016/115/3
f 1018/59/3 1015/59/3 1014/59/3
f 1019/59/3 1015/59/3 1018/59/3
f 1020/19/3 1017/19/3 1016/19/3
f 1021/19/3 1017/19/3 1020/19/3
f 1023/218/3 1019/218/3 1018/218/3
f 1024/218/3 1019/218/3 1023/218/3
f 1025/218/3 1022/218/3 1021/218/3
f 1026/218/3 1022/218/3 1025/218/3
f 1027/132/3 1024/132/3 1023/132/3
f 1028/132/3 1024/132/3 1027/132/3
f 1029/17/3 1026/17/3 1025/17/3
f 1030/17/3 1026/17/3 1029/17/3
f 1033/124/3 1028/124/3 1027/124/3
f 1034/124/3 1028/124/3 1033/124/3
f 1035/160/3 1030/160/3 1029/160/3
f 1036/11/3 1031/11/3 1030/11/3
f 1036/160/3 1030/160/3 1035/160/3
f 1037/11/3 1031/11/3 1036/11/3
f 1040/104/3 1033/104/3 1032/104/3
f 1041/104/3 1033/104/3 1040/104/3
f 1042/97/3 1037/97/3 1036/97/3
f 1043/31/3 1038/31/3 1037/31/3
f 1043/97/3 1037/97/3 1042/97/3
f 1044/31/3 1038/31/3 1043/31/3
f 1049/202/3 1040/202/3 1039/202/3
f 1050/202/3 1040/202/3 1049/202/3
f 1051/248/3 1045/248/3 1044/248/3
f 1052/231/3 1046/231/3 1045/231/3
f 1052/248/3 1045/248/3 1051/248/3
f 1053/9/3 1047/9/3 1046/9/3
f 1053/231/3 1046/231/3 1052/231/3
f 1054/152/3 1048/152/3 1047/152/3
f 1054/9/3 1047/9/3 1053/9/3
f 1055/148/3 1049/148/3 1048/148/3
f 1055/152/3 1048/152/3 1054/152/3
f 1056/148/3 1049/148/3 1055/148/3
f 1064/195/3 1058/195/3 1057/195/3
f 1065/178/3 1059/178/3 1058/178/3
f 1065/195/3 1058/195/3 1064/195/3
f 1066/178/3 1059/178/3 1065/178/3
f 1067/140/3 1061/140/3 1060/140/3
f 1068/230/3 1062/230/3 1061/230/3
f 1068/140/3 1061/140/3 1067/140/3
f 1069/230/3 1062/230/3 1068/230/3
f 1073/39/3 1064/39/3 1063/39/3
f 1074/39/3 1064/39/3 1073/39/3
f 1075/30/3 1071/30/3 1070/30/3
f 1076/30/3 1071/30/3 1075/30/3
f 1079/94/3 1073/94/3 1072/94/3
f 1080/94/3 1073/94/3 1079/94/3
f 1081/255/3 1077/255/3 1076/255/3
f 1082/255/3 1077/255/3 1081/255/3
f 1083/99/3 1079/99/3 1078/99/3
f 1084/99/3 1079/99/3 1083/99/3
f 1085/14/3 1082/14/3 1081/14/3
f 1086/14/3 1082/14/3 1085/14/3
f 1088/188/3 1084/188/3 1083/188/3
f 1089/188/3 1084/188/3 1088/188/3
f 1090/225/3 1087/225/3 1086/225/3
f 1091/225/3 1087/225/3 1090/225/3
f 1092/31/3 1091/31/3 1090/31/3
f 1093/31/3 1091/31/3 1092/31/3
f 1096/168/3 1093/168/3 1092/168/3
f 1097/168/3 1093/168/3 1096/168/3
f 1098/104/3 1095/104/3 1094/104/3
f 1099/104/3 1095/104/3 1098/104/3
f 1100/179/3 1097/179/3 1096/179/3
f 1101/179/3 1097/179/3 1100/179/3
f 1102/227/3 1099/227/3 1098/227/3
f 1103/227/3 1099/227/3 1102/227/3
f 1109/28/3 1105/28/3 1104/28/3
f 1110/28/3 1105/28/3 1109/28/3
f 1111/234/3 1107/234/3 1106/234/3
f 1112/234/3 1107/234/3 1111/234/3
f 1116/37/3 1109/37/3 1108/37/3
f 1117/37/3 1109/37/3 1116/37/3
f 1118/50/3 1113/50/3 1112/50/3
f 1119/43/3 1114/43/3 1113/43/3
f 1119/50/3 1113/50/3 1118/50/3
f 1120/43/3 1114/43/3 1119/43/3
f 1125/186/3 1116/186/3 1115/186/3
f 1126/186/3 1116/186/3 1125/186/3
f 1127/246/3 1121/246/3 1120/246/3
f 1128/159/3 1122/159/3 1121/159/3
f 1128/246/3 1121/246/3 1127/246/3
f 1129/182/3 1123/182/3 1122/182/3
f 1129/159/3 1122/159/3 1128/159/3
f 1130/37/3 1124/37/3 1123/37/3
f 1130/182/3 1123/182/3 1129/182/3
f 1131/37/3 1124/37/3 1130/37/3
f 1139/185/3 1133/185/3 1132/185/3
f 1140/92/3 1134/92/3 1133/92/3
f 1140/185/3 1133/185/3 1139/185/3
f 1141/104/3 1135/104/3 1134/104/3
f 1141/92/3 1134/92/3 1140/92/3
f 1142/130/3 1136/130/3 1135/130/3
f 1142/104/3 1135/104/3 1141/104/3
f 1143/130/3 1136/130/3 1142/130/3
f 1147/250/3 1138/250/3 1137/250/3
f 1148/250/3 1138/250/3 1147/250/3
f 1149/106/3 1145/106/3 1144/106/3
f 1150/106/3 1145/106/3 1149/106/3
f 1152/70/3 1147/70/3 1146/70/3
f 1153/70/3 1147/70/3 1152/70/3
f 1154/99/3 1152/99/3 1151/99/3
f 1155/99/3 1152/99/3 1154/99/3
f 1160/188/3 1157/188/3 1156/188/3
f 1161/188/3 1157/188/3 1160/188/3
f 1162/239/3 1159/239/3 1158/239/3
f 1163/239/3 1159/239/3 1162/239/3
f 1164/165/3 1163/165/3 1162/165/3
f 1165/165/3 1163/165/3 1164/165/3
f 1166/111/3 1165/111/3 1164/111/3
f 1167/111/3 1165/111/3 1166/111/3
f 1168/19/3 1167/19/3 1166/19/3
f 1169/19/3 1167/19/3 1168/19/3
f 1174/127/3 1171/127/3 1170/127/3
f 1175/127/3 1171/127/3 1174/127/3
f 1176/137/3 1173/137/3 1172/137/3
f 1177/137/3 1173/137/3 1176/137/3
f 1181/147/3 1179/147/3 1178/147/3
f 1182/147/3 1179/147/3 1181/147/3
f 1187/82/3 1181/82/3 1180/82/3
f 1188/82/3 1181/82/3 1187/82/3
f 1189/43/3 1184/43/3 1183/43/3
f 1190/43/3 1184/43/3 1189/43/3
f 1191/81/3 1186/81/3 1185/81/3
f 1192/81/3 1186/81/3 1191/81/3
f 1197/191/3 1194/191/3 1193/191/3
f 1198/191/3 1194/191/3 1197/191/3
f 1199/236/3 1196/236/3 1195/236/3
f 1200/236/3 1196/236/3 1199/236/3
f 1203/83/3 1202/83/3 1201/83/3
f 1204/83/3 1202/83/3 1203/83/3
f 1206/48/3 1205/48/3 1204/48/3
f 1207/48/3 1205/48/3 1206/48/3
f 1211/238/3 1208/238/3 1207/238/3
f 1212/238/3 1208/238/3 1211/238/3
f 1213/152/3 1210/152/3 1209/152/3
f 1214/152/3 1210/152/3 1213/152/3
f 1217/121/3 1216/121/3 1215/121/3
f 1218/121/3 1216/121/3 1217/121/3
f 1219/194/3 1218/194/3 1217/194/3
f 1220/194/3 1218/194/3 1219/194/3
f 1223/205/3 1222/205/3 1221/205/3
f 1224/205/3 1222/205/3 1223/205/3
f 1229/168/3 1226/168/3 1225/168/3
f 1230/168/3 1226/168/3 1229/168/3
f 1231/101/3 1228/101/3 1227/101/3
f 1232/101/3 1228/101/3 1231/101/3
f 1234/233/3 1233/233/3 1232/233/3
f 1235/233/3 1233/233/3 1234/233/3
f 1239/29/3 1236/29/3 1235/29/3
f 1240/29/3 1236/29/3 1239/29/3
f 1244/140/3 1238/140/3 1237/140/3
f 1245/140/3 1238/140/3 1244/140/3
f 1246/95/3 1242/95/3 1241/95/3
f 1247/184/3 1243/184/3 1242/184/3
f 1247/95/3 1242/95/3 1246/95/3
f 1248/184/3 1243/184/3 1247/184/3
f 1252/206/3 1250/206/3 1249/206/3
f 1253/206/3 1250/206/3 1252/206/3
f 1254/181/3 1252/181/3 1251/181/3
f 1255/181/3 1252/181/3 1254/181/3
f 1258/17/3 1257/17/3 1256/17/3
f 1259/17/3 1257/17/3 1258/17/3
f 1262/29/3 1261/29/3 1260/29/3
f 1263/29/3 1261/29/3 1262/29/3
f 1266/14/3 1265/14/3 1264/14/3
f 1267/14/3 1265/14/3 1266/14/3
f 1272/152/3 1269/152/3 1268/152/3
f 1273/152/3 1269/152/3 1272/152/3
f 1274/92/3 1271/92/3 1270/92/3
f 1275/92/3 1271/92/3 1274/92/3
f 1278/184/3 1277/184/3 1276/184/3
f 1279/184/3 1277/184/3 1278/184/3
f 1282/61/3 1281/61/3 1280/61/3
f 1283/61/3 1281/61/3 1282/61/3
f 1284/184/4 1285/184/4 1288/184/4
f 1288/184/4 1285/184/4 1289/184/4
f 1286/222/4 1287/222/4 1291/222/4
f 1291/222/4 1287/222/4 1292/222/4
f 1290/111/4 1291/111/4 1293/111/4
f 1293/111/4 1291/111/4 1294/111/4
f 1295/26/4 1296/26/4 1297/26/4
f 1297/26/4 1296/26/4 1298/26/4
f 1299/61/4 1300/61/4 1301/61/4
f 1301/61/4 1300/61/4 1302/61/4
f 1303/52/4 1304/52/4 1305/52/4
f 1305/52/4 1304/52/4 1306/52/4
f 1307/202/4 1308/202/4 1309/202/4
f 1309/202/4 1308/202/4 1310/202/4
f 1311/216/4 1312/216/4 1313/216/4
f 1313/216/4 1312/216/4 1314/216/4
f 1315/212/4 1316/212/4 1319/212/4
f 1319/212/4 1316/212/4 1320/212/4
f 1317/215/4 1318/215/4 1321/215/4
f 1321/215/4 1318/215/4 1322/215/4
f 1323/236/4 1324/236/4 1325/236/4
f 1325/236/4 1324/236/4 1326/236/4
f 1325/3/4 1326/3/4 1327/3/4
f 1327/3/4 1326/3/4 1328/3/4
f 1327/159/4 1328/159/4 1329/159/4
f 1329/159/4 1328/159/4 1330/159/4
f 1331/83/4 1332/83/4 1333/83/4
f 1333/83/4 1332/83/4 1334/83/4
f 1335/204/4 1336/204/4 1339/204/4
f 1336/22/4 1337/22/4 1340/22/4
f 1339/204/4 1336/204/4 1340/204/4
f 1337/86/4 1338/86/4 1341/86/4
f 1340/22/4 1337/22/4 1341/22/4
f 1341/86/4 1338/86/4 1342/86/4
f 1343/92/4 1344/92/4 1351/92/4
f 1344/133/4 1345/133/4 1352/133/4
f 1351/92/4 1344/92/4 1352/92/4
f 1352/133/4 1345/133/4 1353/133/4
f 1346/97/4 1347/97/4 1354/97/4
f 1347/75/4 1348/75/4 1355/75/4
f 1354/97/4 1347/97/4 1355/97/4
f 1355/75/4 1348/75/4 1356/75/4
f 1349/100/4 1350/100/4 1359/100/4
f 1359/100/4 1350/100/4 1360/100/4
f 1357/124/4 1358/124/4 1361/124/4
f 1361/124/4 1358/124/4 1362/124/4
f 1362/7/4 1363/7/4 1366/7/4
f 1366/7/4 1363/7/4 1367/7/4
f 1364/183/4 1365/183/4 1368/183/4
f 1368/183/4 1365/183/4 1369/183/4
f 1370/154/4 1371/154/4 1374/154/4
f 1374/154/4 1371/154/4 1375/154/4
f 1372/197/4 1373/197/4 1376/197/4
f 1376/197/4 1373/197/4 1377/197/4
f 1376/131/4 1377/131/4 1378/131/4
f 1378/131/4 1377/131/4 1379/131/4
f 1380/62/4 1381/62/4 1382/62/4
f 1382/62/4 1381/62/4 1383/62/4
f 1382/43/4 1383/43/4 1384/43/4
f 1384/43/4 1383/43/4 1385/43/4
f 1386/27/4 1387/27/4 1390/27/4
f 1390/27/4 1387/27/4 1391/27/4
f 1388/103/4 1389/103/4 1392/103/4
f 1392/103/4 1389/103/4 1393/103/4
f 1393/246/4 1394/246/4 1395/246/4
f 1395/246/4 1394/246/4 1396/246/4
f 1397/98/4 1398/98/4 1401/98/4
f 1401/98/4 1398/98/4 1402/98/4
f 1399/186/4 1400/186/4 1403/186/4
f 1403/186/4 1400/186/4 1404/186/4
f 1405/98/4 1406/98/4 1409/98/4
f 1409/98/4 1406/98/4 1410/98/4
f 1407/182/4 1408/182/4 1415/182/4
f 1415/182/4 1408/182/4 1416/182/4
f 1411/130/4 1412/130/4 1417/130/4
f 1417/130/4 1412/130/4 1418/130/4
f 1413/119/4 1414/119/4 1420/119/4
f 1420/119/4 1414/119/4 1421/119/4
f 1418/112/4 1419/112/4 1422/112/4
f 1422/112/4 1419/112/4 1423/112/4
f 1423/85/4 1424/85/4 1427/85/4
f 1427/85/4 1424/85/4 1428/85/4
f 1425/228/4 1426/228/4 1429/228/4
f 1429/228/4 1426/228/4 1430/228/4
f 1431/61/4 1432/61/4 1433/61/4
f 1433/61/4 1432/61/4 1434/61/4
f 1433/7/4 1434/7/4 1437/7/4
f 1437/7/4 1434/7/4 1438/7/4
f 1435/165/4 1436/165/4 1439/165/4
f 1439/165/4 1436/165/4 1440/165/4
f 1437/27/4 1438/27/4 1441/27/4
f 1441/27/4 1438/27/4 1442/27/4
f 1441/141/4 1442/141/4 1443/141/4
f 1443/141/4 1442/141/4 1444/141/4
f 1443/45/4 1444/45/4 1447/45/4
f 1447/45/4 1444/45/4 1448/45/4
f 1445/47/4 1446/47/4 1449/47/4
f 1449/47/4 1446/47/4 1450/47/4
f 1450/240/4 1451/240/4 1454/240/4
f 1454/240/4 1451/240/4 1455/240/4
f 1452/229/4 1453/229/4 1458/229/4
f 1458/229/4 1453/229/4 1459/229/4
f 1455/44/4 1456/44/4 1460/44/4
f 1460/44/4 1456/44/4 1461/44/4
f 1457/239/4 1458/239/4 1468/239/4
f 1468/239/4 1458/239/4 1469/239/4
f 1462/97/4 1463/97/4 1470/97/4
f 1463/157/4 1464/157/4 1471/157/4
f 1470/97/4 1463/97/4 1471/97/4
f 1464/52/4 1465/52/4 1472/52/4
f 1471/157/4 1464/157/4 1472/157/4
f 1465/141/4 1466/141/4 1473/141/4
f 1472/52/4 1465/52/4 1473/52/4
f 1466/173/4 1467/173/4 1474/173/4
f 1473/141/4 1466/141/4 1474/141/4
f 1474/173/4 1467/173/4 1475/173/4
f 1476/29/4 1477/29/4 1484/29/4
f 1477/148/4 1478/148/4 1485/148/4
f 1484/29/4 1477/29/4 1485/29/4
f 1478/112/4 1479/112/4 1486/112/4
f 1485/148/4 1478/148/4 1486/148/4
f 1479/85/4 1480/85/4 1487/85/4
f 1486/112/4 1479/112/4 1487/112/4
f 1480/44/4 1481/44/4 1488/44/4
f 1487/85/4 1480/85/4 1488/85/4
f 1488/44/4 1481/44/4 1489/44/4
f 1482/123/4 1483/123/4 1492/123/4
f 1483/218/4 1484/218/4 1493/218/4
f 1492/123/4 1483/123/4 1493/123/4
f 1493/218/4 1484/218/4 1494/218/4
f 1489/207/4 1490/207/4 1495/207/4
f 1495/207/4 1490/207/4 1496/207/4
f 1491/203/4 1492/203/4 1498/203/4
f 1498/203/4 1492/203/4 1499/203/4
f 1496/253/4 1497/253/4 1500/253/4
f 1500/253/4 1497/253/4 1501/253/4
f 1498/164/4 1499/164/4 1504/164/4
f 1504/164/4 1499/164/4 1505/164/4
f 1501/94/4 1502/94/4 1506/94/4
f 1506/94/4 1502/94/4 1507/94/4
f 1503/44/4 1504/44/4 1508/44/4
f 1508/44/4 1504/44/4 1509/44/4
f 1506/108/4 1507/108/4 1510/108/4
f 1510/108/4 1507/108/4 1511/108/4
f 1508/102/4 1509/102/4 1512/102/4
f 1512/102/4 1509/102/4 1513/102/4
f 1512/188/4 1513/188/4 1514/188/4
f 1514/188/4 1513/188/4 1515/188/4
f 1514/216/4 1515/216/4 1518/216/4
f 1518/216/4 1515/216/4 1519/216/4
f 1516/83/4 1517/83/4 1520/83/4
f 1520/83/4 1517/83/4 1521/83/4
f 1518/100/4 1519/100/4 1522/100/4
f 1522/100/4 1519/100/4 1523/100/4
f 1520/88/4 1521/88/4 1525/88/4
f 1525/88/4 1521/88/4 1526/88/4
f 1523/98/4 1524/98/4 1527/98/4
f 1527/98/4 1524/98/4 1528/98/4
f 1525/255/4 1526/255/4 1531/255/4
f 1531/255/4 1526/255/4 1532/255/4
f 1528/187/4 1529/187/4 1533/187/4
f 1533/187/4 1529/187/4 1534/187/4
f 1530/185/4 1531/185/4 1540/185/4
f 1540/185/4 1531/185/4 1541/185/4
f 1534/184/4 1535/184/4 1542/184/4
f 1535/78/4 1536/78/4 1543/78/4
f 1542/184/4 1535/184/4 1543/184/4
f 1543/78/4 1536/78/4 1544/78/4
f 1537/243/4 1538/243/4 1545/243/4
f 1538/127/4 1539/127/4 1546/127/4
f 1545/243/4 1538/243/4 1546/243/4
f 1539/174/4 1540/174/4 1547/174/4
f 1546/127/4 1539/127/4 1547/127/4
f 1547/174/4 1540/174/4 1548/174/4
f 1549/15/4 1550/15/4 1557/15/4
f 1550/184/4 1551/184/4 1558/184/4
f 1557/15/4 1550/15/4 1558/15/4
f 1551/50/4 1552/50/4 1559/50/4
f 1558/184/4 1551/184/4 1559/184/4
f 1552/9/4 1553/9/4 1560/9/4
f 1559/50/4 1552/50/4 1560/50/4
f 1553/180/4 1554/180/4 1561/180/4
f 1560/9/4 1553/9/4 1561/9/4
f 1561/180/4 1554/180/4 1562/180/4
f 1555/146/4 1556/146/4 1564/146/4
f 1556/67/4 1557/67/4 1565/67/4
f 1564/146/4 1556/146/4 1565/146/4
f 1565/67/4 1557/67/4 1566/67/4
f 1561/174/4 1562/174/4 1567/174/4
f 1562/193/4 1563/193/4 1568/193/4
f 1567/174/4 1562/174/4 1568/174/4
f 1568/193/4 1563/193/4 1569/193/4
f 1564/68/4 1565/68/4 1572/68/4
f 1572/68/4 1565/68/4 1573/68/4
f 1568/198/4 1569/198/4 1574/198/4
f 1569/97/4 1570/97/4 1575/97/4
f 1574/198/4 1569/198/4 1575/198/4
f 1575/97/4 1570/97/4 1576/97/4
f 1571/207/4 1572/207/4 1577/207/4
f 1577/207/4 1572/207/4 1578/207/4
f 1575/77/4 1576/77/4 1579/77/4
f 1579/77/4 1576/77/4 1580/77/4
f 1577/81/4 1578/81/4 1582/81/4
f 1582/81/4 1578/81/4 1583/81/4
f 1579/97/4 1580/97/4 1584/97/4
f 1580/167/4 1581/167/4 1585/167/4
f 1584/97/4 1580/97/4 1585/97/4
f 1585/167/4 1581/167/4 1586/167/4
f 1582/113/4 1583/113/4 1587/113/4
f 1587/113/4 1583/113/4 1588/113/4
f 1584/27/4 1585/27/4 1589/27/4
f 1585/200/4 1586/200/4 1590/200/4
f 1589/27/4 1585/27/4 1590/27/4
f 1590/200/4 1586/200/4 1591/200/4
f 1587/190/4 1588/190/4 1592/190/4
f 1592/190/4 1588/190/4 1593/190/4
f 1589/188/4 1590/188/4 1595/188/4
f 1595/188/4 1590/188/4 1596/188/4
f 1592/238/4 1593/238/4 1597/238/4
f 1593/234/4 1594/234/4 1598/234/4
f 1597/238/4 1593/238/4 1598/238/4
f 1598/234/4 1594/234/4 1599/234/4
f 1595/102/4 1596/102/4 1602/102/4
f 1602/102/4 1596/102/4 1603/102/4
f 1598/100/4 1599/100/4 1604/100/4
f 1599/31/4 1600/31/4 1605/31/4
f 1604/100/4 1599/100/4 1605/100/4
f 1605/31/4 1600/31/4 1606/31/4
f 1601/134/4 1602/134/4 1611/134/4
f 1602/64/4 1603/64/4 1612/64/4
f 1611/134/4 1602/134/4 1612/134/4
f 1612/64/4 1603/64/4 1613/64/4
f 1605/198/4 1606/198/4 1614/198/4
f 1606/165/4 1607/165/4 1615/165/4
f 1614/198/4 1606/198/4 1615/198/4
f 1607/146/4 1608/146/4 1616/146/4
f 1615/165/4 1607/165/4 1616/165/4
f 1608/49/4 1609/49/4 1617/49/4
f 1616/146/4 1608/146/4 1617/146/4
f 1609/198/4 1610/198/4 1618/198/4
f 1617/49/4 1609/49/4 1618/49/4
f 1610/182/4 1611/182/4 1619/182/4
f 1618/198/4 1610/198/4 1619/198/4
f 1611/100/4 1612/100/4 1620/100/4
f 1619/182/4 1611/182/4 1620/182/4
f 1620/100/4 1612/100/4 1621/100/4
f 1616/21/4 1617/21/4 1622/21/4
f 1617/73/4 1618/73/4 1623/73/4
f 1622/21/4 1617/21/4 1623/21/4
f 1623/73/4 1618/73/4 1624/73/4
f 1625/48/4 1626/48/4 1631/48/4
f 1626/18/4 1627/18/4 1632/18/4
f 1631/48/4 1626/48/4 1632/48/4
f 1627/28/4 1628/28/4 1633/28/4
f 1632/18/4 1627/18/4 1633/18/4
f 1628/113/4 1629/113/4 1634/113/4
f 1633/28/4 1628/28/4 1634/28/4
f 1634/113/4 1629/113/4 1635/113/4
f 1630/102/4 1631/102/4 1638/102/4
f 1631/238/4 1632/238/4 1639/238/4
f 1638/102/4 1631/102/4 1639/102/4
f 1632/221/4 1633/221/4 1640/221/4
f 1639/238/4 1632/238/4 1640/238/4
f 1633/121/4 1634/121/4 1641/121/4
f 1640/221/4 1633/221/4 1641/221/4
f 1634/168/4 1635/168/4 1642/168/4
f 1641/121/4 1634/121/4 1642/121/4
f 1635/102/4 1636/102/4 1643/102/4
f 1642/168/4 1635/168/4 1643/168/4
f 1643/102/4 1636/102/4 1644/102/4
f 1637/114/4 1638/114/4 1646/114/4
f 1638/109/4 1639/109/4 1647/109/4
f 1646/114/4 1638/114/4 1647/114/4
f 1639/245/4 1640/245/4 1648/245/4
f 1647/109/4 1639/109/4 1648/109/4
f 1648/245/4 1640/245/4 1649/245/4
f 1642/221/4 1643/221/4 1650/221/4
f 1643/220/4 1644/220/4 1651/220/4
f 1650/221/4 1643/221/4 1651/221/4
f 1644/156/4 1645/156/4 1652/156/4
f 1651/220/4 1644/220/4 1652/220/4
f 1652/156/4 1645/156/4 1653/156/4
f 1646/85/4 1647/85/4 1654/85/4
f 1647/205/4 1648/205/4 1655/205/4
f 1654/85/4 1647/85/4 1655/85/4
f 1655/205/4 1648/205/4 1656/205/4
f 1651/29/4 1652/29/4 1657/29/4
f 1652/135/4 1653/135/4 1658/135/4
f 1657/29/4 1652/29/4 1658/29/4
f 1658/135/4 1653/135/4 1659/135/4
f 1654/49/4 1655/49/4 1660/49/4
f 1655/235/4 1656/235/4 1661/235/4
f 1660/49/4 1655/49/4 1661/49/4
f 1661/235/4 1656/235/4 1662/235/4
f 1657/32/4 1658/32/4 1664/32/4
f 1658/132/4 1659/132/4 1665/132/4
f 1664/32/4 1658/32/4 1665/32/4
f 1665/132/4 1659/132/4 1666/132/4
f 1660/219/4 1661/219/4 1667/219/4
f 1661/28/4 1662/28/4 1668/28/4
f 1667/219/4 1661/219/4 1668/219/4
f 1662/83/4 1663/83/4 1669/83/4
f 1668/28/4 1662/28/4 1669/28/4
f 1669/83/4 1663/83/4 1670/83/4
f 1664/139/4 1665/139/4 1673/139/4
f 1665/131/4 1666/131/4 1674/131/4
f 1673/139/4 1665/139/4 1674/139/4
f 1674/131/4 1666/131/4 1675/131/4
f 1668/167/4 1669/167/4 1676/167/4
f 1669/176/4 1670/176/4 1677/176/4
f 1676/167/4 1669/167/4 1677/167/4
f 1670/114/4 1671/114/4 1678/114/4
f 1677/176/4 1670/176/4 1678/176/4
f 1671/169/4 1672/169/4 1679/169/4
f 1678/114/4 1671/114/4 1679/114/4
f 1672/209/4 1673/209/4 1680/209/4
f 1679/169/4 1672/169/4 1680/169/4
f 1673/157/4 1674/157/4 1681/157/4
f 1680/209/4 1673/209/4 1681/209/4
f 1674/69/4 1675/69/4 1682/69/4
f 1681/157/4 1674/157/4 1682/157/4
f 1682/69/4 1675/69/4 1683/69/4
f 1677/204/4 1678/204/4 1684/204/4
f 1678/53/4 1679/53/4 1685/53/4
f 1684/204/4 1678/204/4 1685/204/4
f 1679/227/4 1680/227/4 1686/227/4
f 1685/53/4 1679/53/4 1686/53/4
f 1680/112/4 1681/112/4 1687/112/4
f 1686/227/4 1680/227/4 1687/227/4
f 1681/123/4 1682/123/4 1688/123/4
f 1687/112/4 1681/112/4 1688/112/4
f 1688/123/4 1682/123/4 1689/123/4
f 1690/70/4 1691/70/4 1694/70/4
f 1691/145/4 1692/145/4 1695/145/4
f 1694/70/4 1691/70/4 1695/70/4
f 1695/145/4 1692/145/4 1696/145/4
f 1693/50/4 1694/50/4 1698/50/4
f 1694/1/4 1695/1/4 1699/1/4
f 1698/50/4 1694/50/4 1699/50/4
f 1695/40/4 1696/40/4 1700/40/4
f 1699/1/4 1695/1/4 1700/1/4
f 1696/172/4 1697/172/4 1701/172/4
f 1700/40/4 1696/40/4 1701/40/4
f 1701/172/4 1697/172/4 1702/172/4
f 1698/161/4 1699/161/4 1703/161/4
f 1699/136/4 1700/136/4 1704/136/4
f 1703/161/4 1699/161/4 1704/161/4
f 1700/76/4 1701/76/4 1705/76/4
f 1704/136/4 1700/136/4 1705/136/4
f 1701/170/4 1702/170/4 1706/170/4
f 1705/76/4 1701/76/4 1706/76/4
f 1706/170/4 1702/170/4 1707/170/4
f 1704/66/4 1705/66/4 1708/66/4
f 1705/13/4 1706/13/4 1709/13/4
f 1708/66/4 1705/66/4 1709/66/4
f 1706/183/4 1707/183/4 1710/183/4
f 1709/13/4 1706/13/4 1710/13/4
f 1710/183/4 1707/183/4 1711/183/4
f 1718/239/5 1713/239/5 1712/239/5
f 1719/165/5 1714/165/5 1713/165/5
f 1719/239/5 1713/239/5 1718/239/5
f 1720/111/5 1715/111/5 1714/111/5
f 1720/165/5 1714/165/5 1719/165/5
f 1721/19/5 1716/19/5 1715/19/5
f 1721/111/5 1715/111/5 1720/111/5
f 1722/19/5 1716/19/5 1721/19/5
f 1724/152/5 1718/152/5 1717/152/5
f 1725/123/5 1719/123/5 1718/123/5
f 1725/152/5 1718/152/5 1724/152/5
f 1726/196/5 1720/196/5 1719/196/5
f 1726/123/5 1719/123/5 1725/123/5
f 1727/198/5 1721/198/5 1720/198/5
f 1727/196/5 1720/196/5 1726/196/5
f 1728/69/5 1722/69/5 1721/69/5
f 1728/198/5 1721/198/5 1727/198/5
f 1729/205/5 1723/205/5 1722/205/5
f 1729/69/5 1722/69/5 1728/69/5
f 1730/205/5 1723/205/5 1729/205/5
f 1731/223/5 1725/223/5 1724/223/5
f 1732/204/5 1726/204/5 1725/204/5
f 1732/223/5 1725/223/5 1731/223/5
f 1733/49/5 1727/49/5 1726/49/5
f 1733/204/5 1726/204/5 1732/204/5
f 1734/39/5 1728/39/5 1727/39/5
f 1734/49/5 1727/49/5 1733/49/5
f 1735/54/5 1729/54/5 1728/54/5
f 1735/39/5 1728/39/5 1734/39/5
f 1736/150/5 1730/150/5 1729/150/5
f 1736/54/5 1729/54/5 1735/54/5
f 1737/150/5 1730/150/5 1736/150/5
f 1739/203/5 1732/203/5 1731/203/5
f 1740/29/5 1733/29/5 1732/29/5
f 1740/203/5 1732/203/5 1739/203/5
f 1741/235/5 1734/235/5 1733/235/5
f 1741/29/5 1733/29/5 1740/29/5
f 1742/142/5 1735/142/5 1734/142/5
f 1742/235/5 1734/235/5 1741/235/5
f 1743/172/5 1736/172/5 1735/172/5
f 1743/142/5 1735/142/5 1742/142/5
f 1744/195/5 1737/195/5 1736/195/5
f 1744/172/5 1736/172/5 1743/172/5
f 1745/61/5 1738/61/5 1737/61/5
f 1745/195/5 1737/195/5 1744/195/5
f 1746/61/5 1738/61/5 1745/61/5
f 1747/215/5 1740/215/5 1739/215/5
f 1748/255/5 1741/255/5 1740/255/5
f 1748/215/5 1740/215/5 1747/215/5
f 1749/171/5 1742/171/5 1741/171/5
f 1749/255/5 1741/255/5 1748/255/5
f 1750/87/5 1743/87/5 1742/87/5
f 1750/171/5 1742/171/5 1749/171/5
f 1751/253/5 1744/253/5 1743/253/5
f 1751/87/5 1743/87/5 1750/87/5
f 1752/231/5 1745/231/5 1744/231/5
f 1752/253/5 1744/253/5 1751/253/5
f 1753/231/5 1745/231/5 1752/231/5
f 1754/197/5 1749/197/5 1748/197/5
f 1755/131/5 1750/131/5 1749/131/5
f 1755/197/5 1749/197/5 1754/197/5
f 1756/118/5 1751/118/5 1750/118/5
f 1756/131/5 1750/131/5 1755/131/5
f 1757/62/5 1752/62/5 1751/62/5
f 1757/118/5 1751/118/5 1756/118/5
f 1758/43/5 1753/43/5 1752/43/5
f 1758/62/5 1752/62/5 1757/62/5
f 1759/43/5 1753/43/5 1758/43/5
f 1760/165/5 1757/165/5 1756/165/5
f 1761/165/5 1757/165/5 1760/165/5
f 1767/115/5 1763/115/5 1762/115/5
f 1768/19/5 1764/19/5 1763/19/5
f 1768/115/5 1763/115/5 1767/115/5
f 1769/19/5 1764/19/5 1768/19/5
f 1773/99/5 1766/99/5 1765/99/5
f 1774/188/5 1767/188/5 1766/188/5
f 1774/99/5 1766/99/5 1773/99/5
f 1775/218/5 1768/218/5 1767/218/5
f 1775/188/5 1767/188/5 1774/188/5
f 1776/39/5 1769/39/5 1768/39/5
f 1776/218/5 1768/218/5 1775/218/5
f 1777/104/5 1770/104/5 1769/104/5
f 1777/39/5 1769/39/5 1776/39/5
f 1778/227/5 1771/227/5 1770/227/5
f 1778/104/5 1770/104/5 1777/104/5
f 1779/227/5 1771/227/5 1778/227/5
f 1781/99/5 1773/99/5 1772/99/5
f 1782/156/5 1774/156/5 1773/156/5
f 1782/99/5 1773/99/5 1781/99/5
f 1783/156/5 1774/156/5 1782/156/5
f 1784/202/5 1779/202/5 1778/202/5
f 1785/137/5 1780/137/5 1779/137/5
f 1785/202/5 1779/202/5 1784/202/5
f 1786/137/5 1780/137/5 1785/137/5
f 1789/233/5 1782/233/5 1781/233/5
f 1790/233/5 1782/233/5 1789/233/5
f 1791/55/5 1786/55/5 1785/55/5
f 1792/101/5 1787/101/5 1786/101/5
f 1792/55/5 1786/55/5 1791/55/5
f 1793/101/5 1787/101/5 1792/101/5
f 1794/181/5 1789/181/5 1788/181/5
f 1795/227/5 1790/227/5 1789/227/5
f 1795/181/5 1789/181/5 1794/181/5
f 1796/227/5 1790/227/5 1795/227/5
f 1797/28/5 1792/28/5 1791/28/5
f 1798/54/5 1793/54/5 1792/54/5
f 1798/28/5 1792/28/5 1797/28/5
f 1799/54/5 1793/54/5 1798/54/5
f 1800/111/5 1795/111/5 1794/111/5
f 1801/81/5 1796/81/5 1795/81/5
f 1801/111/5 1795/111/5 1800/111/5
f 1802/81/5 1796/81/5 1801/81/5
f 1804/66/5 1799/66/5 1798/66/5
f 1805/66/5 1799/66/5 1804/66/5
f 1806/248/5 1802/248/5 1801/248/5
f 1807/248/5 1802/248/5 1806/248/5
f 1809/93/5 1804/93/5 1803/93/5
f 1810/202/5 1805/202/5 1804/202/5
f 1810/93/5 1804/93/5 1809/93/5
f 1811/202/5 1805/202/5 1810/202/5
f 1812/183/5 1807/183/5 1806/183/5
f 1813/169/5 1808/169/5 1807/169/5
f 1813/183/5 1807/183/5 1812/183/5
f 1814/169/5 1808/169/5 1813/169/5
f 1819/132/5 1810/132/5 1809/132/5
f 1820/103/5 1811/103/5 1810/103/5
f 1820/132/5 1810/132/5 1819/132/5
f 1821/103/5 1811/103/5 1820/103/5
f 1822/228/5 1814/228/5 1813/228/5
f 1823/63/5 1815/63/5 1814/63/5
f 1823/228/5 1814/228/5 1822/228/5
f 1824/233/5 1816/233/5 1815/233/5
f 1824/63/5 1815/63/5 1823/63/5
f 1825/233/5 1816/233/5 1824/233/5
f 1826/28/5 1818/28/5 1817/28/5
f 1827/177/5 1819/177/5 1818/177/5
f 1827/28/5 1818/28/5 1826/28/5
f 1828/47/5 1820/47/5 1819/47/5
f 1828/177/5 1819/177/5 1827/177/5
f 1829/47/5 1820/47/5 1828/47/5
f 1830/44/5 1824/44/5 1823/44/5
f 1831/102/5 1825/102/5 1824/102/5
f 1831/44/5 1824/44/5 1830/44/5
f 1832/188/5 1826/188/5 1825/188/5
f 1832/102/5 1825/102/5 1831/102/5
f 1833/216/5 1827/216/5 1826/216/5
f 1833/188/5 1826/188/5 1832/188/5
f 1834/100/5 1828/100/5 1827/100/5
f 1834/216/5 1827/216/5 1833/216/5
f 1835/100/5 1828/100/5 1834/100/5
f 1841/124/5 1837/124/5 1836/124/5
f 1842/219/5 1838/219/5 1837/219/5
f 1842/124/5 1837/124/5 1841/124/5
f 1843/219/5 1838/219/5 1842/219/5
f 1848/244/5 1840/244/5 1839/244/5
f 1849/176/5 1841/176/5 1840/176/5
f 1849/244/5 1840/244/5 1848/244/5
f 1850/176/5 1841/176/5 1849/176/5
f 1851/218/5 1844/218/5 1843/218/5
f 1852/17/5 1845/17/5 1844/17/5
f 1852/218/5 1844/218/5 1851/218/5
f 1853/160/5 1846/160/5 1845/160/5
f 1853/17/5 1845/17/5 1852/17/5
f 1854/160/5 1846/160/5 1853/160/5
f 1857/94/5 1848/94/5 1847/94/5
f 1858/94/5 1848/94/5 1857/94/5
f 1859/150/5 1854/150/5 1853/150/5
f 1860/234/5 1855/234/5 1854/234/5
f 1860/150/5 1854/150/5 1859/150/5
f 1861/234/5 1855/234/5 1860/234/5
f 1862/70/5 1857/70/5 1856/70/5
f 1863/70/5 1857/70/5 1862/70/5
f 1864/245/5 1861/245/5 1860/245/5
f 1865/245/5 1861/245/5 1864/245/5
f 1868/84/5 1863/84/5 1862/84/5
f 1869/84/5 1863/84/5 1868/84/5
f 1870/233/5 1866/233/5 1865/233/5
f 1871/233/5 1866/233/5 1870/233/5
f 1872/206/5 1868/206/5 1867/206/5
f 1873/206/5 1868/206/5 1872/206/5
f 1874/43/5 1871/43/5 1870/43/5
f 1875/43/5 1871/43/5 1874/43/5
f 1876/222/5 1873/222/5 1872/222/5
f 1877/222/5 1873/222/5 1876/222/5
f 1879/233/5 1875/233/5 1874/233/5
f 1880/233/5 1875/233/5 1879/233/5
f 1881/150/5 1878/150/5 1877/150/5
f 1882/150/5 1878/150/5 1881/150/5
f 1883/109/5 1880/109/5 1879/109/5
f 1884/109/5 1880/109/5 1883/109/5
f 1885/83/5 1882/83/5 1881/83/5
f 1886/83/5 1882/83/5 1885/83/5
f 1889/246/5 1884/246/5 1883/246/5
f 1890/246/5 1884/246/5 1889/246/5
f 1891/119/5 1886/119/5 1885/119/5
f 1892/141/5 1887/141/5 1886/141/5
f 1892/119/5 1886/119/5 1891/119/5
f 1893/141/5 1887/141/5 1892/141/5
f 1896/240/5 1889/240/5 1888/240/5
f 1897/240/5 1889/240/5 1896/240/5
f 1898/203/5 1893/203/5 1892/203/5
f 1899/164/5 1894/164/5 1893/164/5
f 1899/203/5 1893/203/5 1898/203/5
f 1900/164/5 1894/164/5 1899/164/5
f 1905/98/5 1896/98/5 1895/98/5
f 1906/98/5 1896/98/5 1905/98/5
f 1907/207/5 1901/207/5 1900/207/5
f 1908/81/5 1902/81/5 1901/81/5
f 1908/207/5 1901/207/5 1907/207/5
f 1909/113/5 1903/113/5 1902/113/5
f 1909/81/5 1902/81/5 1908/81/5
f 1910/190/5 1904/190/5 1903/190/5
f 1910/113/5 1903/113/5 1909/113/5
f 1911/238/5 1905/238/5 1904/238/5
f 1911/190/5 1904/190/5 1910/190/5
f 1912/238/5 1905/238/5 1911/238/5
f 1920/155/5 1914/155/5 1913/155/5
f 1921/40/5 1915/40/5 1914/40/5
f 1921/155/5 1914/155/5 1920/155/5
f 1922/40/5 1915/40/5 1921/40/5
f 1923/183/5 1917/183/5 1916/183/5
f 1924/127/5 1918/127/5 1917/127/5
f 1924/183/5 1917/183/5 1923/183/5
f 1925/127/5 1918/127/5 1924/127/5
f 1929/60/5 1920/60/5 1919/60/5
f 1930/60/5 1920/60/5 1929/60/5
f 1931/97/5 1927/97/5 1926/97/5
f 1932/97/5 1927/97/5 1931/97/5
f 1935/39/5 1929/39/5 1928/39/5
f 1936/39/5 1929/39/5 1935/39/5
f 1937/50/5 1933/50/5 1932/50/5
f 1938/50/5 1933/50/5 1937/50/5
f 1939/250/5 1935/250/5 1934/250/5
f 1940/250/5 1935/250/5 1939/250/5
f 1941/153/5 1938/153/5 1937/153/5
f 1942/153/5 1938/153/5 1941/153/5
f 1944/241/5 1940/241/5 1939/241/5
f 1945/241/5 1940/241/5 1944/241/5
f 1946/29/5 1943/29/5 1942/29/5
f 1947/29/5 1943/29/5 1946/29/5
f 1948/29/5 1943/29/5 1947/29/5
f 1951/18/5 1948/18/5 1947/18/5
f 1952/18/5 1948/18/5 1951/18/5
f 1953/107/5 1950/107/5 1949/107/5
f 1954/107/5 1950/107/5 1953/107/5
f 1955/83/5 1952/83/5 1951/83/5
f 1956/83/5 1952/83/5 1955/83/5
f 1957/100/5 1954/100/5 1953/100/5
f 1958/100/5 1954/100/5 1957/100/5
f 1964/44/5 1960/44/5 1959/44/5
f 1965/44/5 1960/44/5 1964/44/5
f 1966/123/5 1962/123/5 1961/123/5
f 1967/123/5 1962/123/5 1966/123/5
f 1971/187/5 1964/187/5 1963/187/5
f 1972/187/5 1964/187/5 1971/187/5
f 1973/146/5 1968/146/5 1967/146/5
f 1974/68/5 1969/68/5 1968/68/5
f 1974/146/5 1968/146/5 1973/146/5
f 1975/68/5 1969/68/5 1974/68/5
f 1980/100/5 1971/100/5 1970/100/5
f 1981/100/5 1971/100/5 1980/100/5
f 1982/114/5 1976/114/5 1975/114/5
f 1983/85/5 1977/85/5 1976/85/5
f 1983/114/5 1976/114/5 1982/114/5
f 1984/49/5 1978/49/5 1977/49/5
f 1984/85/5 1977/85/5 1983/85/5
f 1985/219/5 1979/219/5 1978/219/5
f 1985/49/5 1978/49/5 1984/49/5
f 1986/219/5 1979/219/5 1985/219/5
f 1994/234/5 1988/234/5 1987/234/5
f 1995/121/5 1989/121/5 1988/121/5
f 1995/234/5 1988/234/5 1994/234/5
f 1996/108/5 1990/108/5 1989/108/5
f 1996/121/5 1989/121/5 1995/121/5
f 1997/201/5 1991/201/5 1990/201/5
f 1997/108/5 1990/108/5 1996/108/5
f 1998/201/5 1991/201/5 1997/201/5
f 2002/174/5 1993/174/5 1992/174/5
f 2003/174/5 1993/174/5 2002/174/5
f 2004/92/5 2000/92/5 1999/92/5
f 2005/92/5 2000/92/5 2004/92/5
f 2007/86/5 2002/86/5 2001/86/5
f 2008/86/5 2002/86/5 2007/86/5
f 2009/195/5 2007/195/5 2006/195/5
f 2010/195/5 2007/195/5 2009/195/5
f 2015/43/5 2012/43/5 2011/43/5
f 2016/43/5 2012/43/5 2015/43/5
f 2017/191/5 2014/191/5 2013/191/5
f 2018/191/5 2014/191/5 2017/191/5
f 2019/153/5 2018/153/5 2017/153/5
f 2020/153/5 2018/153/5 2019/153/5
f 2021/23/5 2020/23/5 2019/23/5
f 2022/23/5 2020/23/5 2021/23/5
f 2023/216/5 2022/216/5 2021/216/5
f 2024/216/5 2022/216/5 2023/216/5
f 2029/98/5 2026/98/5 2025/98/5
f 2030/98/5 2026/98/5 2029/98/5
f 2031/182/5 2028/182/5 2027/182/5
f 2032/182/5 2028/182/5 2031/182/5
f 2036/184/5 2034/184/5 2033/184/5
f 2037/184/5 2034/184/5 2036/184/5
f 2042/198/5 2036/198/5 2035/198/5
f 2043/198/5 2036/198/5 2042/198/5
f 2044/102/5 2039/102/5 2038/102/5
f 2045/102/5 2039/102/5 2044/102/5
f 2046/167/5 2041/167/5 2040/167/5
f 2047/167/5 2041/167/5 2046/167/5
f 2052/142/5 2049/142/5 2048/142/5
f 2053/142/5 2049/142/5 2052/142/5
f 2054/33/5 2051/33/5 2050/33/5
f 2055/33/5 2051/33/5 2054/33/5
f 2058/229/5 2057/229/5 2056/229/5
f 2059/229/5 2057/229/5 2058/229/5
f 2061/248/5 2060/248/5 2059/248/5
f 2062/248/5 2060/248/5 2061/248/5
f 2066/246/5 2063/246/5 2062/246/5
f 2067/246/5 2063/246/5 2066/246/5
f 2068/185/5 2065/185/5 2064/185/5
f 2069/185/5 2065/185/5 2068/185/5
f 2072/152/5 2071/152/5 2070/152/5
f 2073/152/5 2071/152/5 2072/152/5
f 2074/202/5 2073/202/5 2072/202/5
f 2075/202/5 2073/202/5 2074/202/5
f 2078/92/5 2077/92/5 2076/92/5
f 2079/92/5 2077/92/5 2078/92/5
f 2084/97/5 2081/97/5 2080/97/5
f 2085/97/5 2081/97/5 2084/97/5
f 2086/29/5 2083/29/5 2082/29/5
f 2087/29/5 2083/29/5 2086/29/5
f 2089/15/5 2088/15/5 2087/15/5
f 2090/15/5 2088/15/5 2089/15/5
f 2094/48/5 2091/48/5 2090/48/5
f 2095/48/5 2091/48/5 2094/48/5
f 2099/204/5 2093/204/5 2092/204/5
f 2100/204/5 2093/204/5 2099/204/5
f 2101/50/5 2097/50/5 2096/50/5
f 2102/161/5 2098/161/5 2097/161/5
f 2102/50/5 2097/50/5 2101/50/5
f 2103/161/5 2098/161/5 2102/161/5
f 2107/136/5 2105/136/5 2104/136/5
f 2108/136/5 2105/136/5 2107/136/5
f 2109/76/5 2107/76/5 2106/76/5
f 2110/76/5 2107/76/5 2109/76/5
f 2113/95/5 2112/95/5 2111/95/5
f 2114/95/5 2112/95/5 2113/95/5
f 2117/204/5 2116/204/5 2115/204/5
f 2118/204/5 2116/204/5 2117/204/5
f 2121/21/5 2120/21/5 2119/21/5
f 2122/21/5 2120/21/5 2121/21/5
f 2127/70/5 2124/70/5 2123/70/5
f 2128/70/5 2124/70/5 2127/70/5
f 2129/66/5 2126/66/5 2125/66/5
f 2130/66/5 2126/66/5 2129/66/5
f 2133/56/5 2132/56/5 2131/56/5
f 2134/56/5 2132/56/5 2133/56/5
f 2137/98/5 2136/98/5 2135/98/5
f 2138/98/5 2136/98/5 2137/98/5
f 2139/56/6 2140/56/6 2143/56/6
f 2143/56/6 2140/56/6 2144/56/6
f 2141/58/6 2142/58/6 2146/58/6
f 2146/58/6 2142/58/6 2147/58/6
f 2145/149/6 2146/149/6 2148/149/6
f 2148/149/6 2146/149/6 2149/149/6
f 2150/184/6 2151/184/6 2152/184/6
f 2152/184/6 2151/184/6 2153/184/6
f 2154/98/6 2155/98/6 2156/98/6
f 2156/98/6 2155/98/6 2157/98/6
f 2158/73/6 2159/73/6 2160/73/6
f 2160/73/6 2159/73/6 2161/73/6
f 2162/145/6 2163/145/6 2164/145/6
f 2164/145/6 2163/145/6 2165/145/6
f 2166/220/6 2167/220/6 2168/220/6
f 2168/220/6 2167/220/6 2169/220/6
f 2170/37/6 2171/37/6 2174/37/6
f 2174/37/6 2171/37/6 2175/37/6
f 2172/130/6 2173/130/6 2176/130/6
f 2176/130/6 2173/130/6 2177/130/6
f 2178/92/6 2179/92/6 2180/92/6
f 2180/92/6 2179/92/6 2181/92/6
f 2180/214/6 2181/214/6 2182/214/6
f 2182/214/6 2181/214/6 2183/214/6
f 2182/86/6 2183/86/6 2184/86/6
f 2184/86/6 2183/86/6 2185/86/6
f 2186/113/6 2187/113/6 2188/113/6
f 2188/113/6 2187/113/6 2189/113/6
f 2190/172/6 2191/172/6 2194/172/6
f 2191/170/6 2192/170/6 2195/170/6
f 2194/172/6 2191/172/6 2195/172/6
f 2192/183/6 2193/183/6 2196/183/6
f 2195/170/6 2192/170/6 2196/170/6
f 2196/183/6 2193/183/6 2197/183/6
f 2198/219/6 2199/219/6 2206/219/6
f 2199/177/6 2200/177/6 2207/177/6
f 2206/219/6 2199/219/6 2207/219/6
f 2207/177/6 2200/177/6 2208/177/6
f 2201/175/6 2202/175/6 2209/175/6
f 2202/222/6 2203/222/6 2210/222/6
f 2209/175/6 2202/175/6 2210/175/6
f 2210/222/6 2203/222/6 2211/222/6
f 2204/114/6 2205/114/6 2214/114/6
f 2214/114/6 2205/114/6 2215/114/6
f 2212/88/6 2213/88/6 2216/88/6
f 2216/88/6 2213/88/6 2217/88/6
f 2217/148/6 2218/148/6 2221/148/6
f 2221/148/6 2218/148/6 2222/148/6
f 2219/230/6 2220/230/6 2223/230/6
f 2223/230/6 2220/230/6 2224/230/6
f 2225/81/6 2226/81/6 2229/81/6
f 2229/81/6 2226/81/6 2230/81/6
f 2227/236/6 2228/236/6 2231/236/6
f 2231/236/6 2228/236/6 2232/236/6
f 2231/30/6 2232/30/6 2233/30/6
f 2233/30/6 2232/30/6 2234/30/6
f 2235/17/6 2236/17/6 2237/17/6
f 2237/17/6 2236/17/6 2238/17/6
f 2237/75/6 2238/75/6 2239/75/6
f 2239/75/6 2238/75/6 2240/75/6
f 2241/173/6 2242/173/6 2245/173/6
f 2245/173/6 2242/173/6 2246/173/6
f 2243/44/6 2244/44/6 2247/44/6
f 2247/44/6 2244/44/6 2248/44/6
f 2248/180/6 2249/180/6 2250/180/6
f 2250/180/6 2249/180/6 2251/180/6
f 2252/102/6 2253/102/6 2256/102/6
f 2256/102/6 2253/102/6 2257/102/6
f 2254/123/6 2255/123/6 2258/123/6
f 2258/123/6 2255/123/6 2259/123/6
f 2260/125/6 2261/125/6 2264/125/6
f 2264/125/6 2261/125/6 2265/125/6
f 2262/160/6 2263/160/6 2270/160/6
f 2270/160/6 2263/160/6 2271/160/6
f 2266/236/6 2267/236/6 2272/236/6
f 2272/236/6 2267/236/6 2273/236/6
f 2268/4/6 2269/4/6 2275/4/6
f 2275/4/6 2269/4/6 2276/4/6
f 2273/202/6 2274/202/6 2277/202/6
f 2277/202/6 2274/202/6 2278/202/6
f 2278/186/6 2279/186/6 2282/186/6
f 2282/186/6 2279/186/6 2283/186/6
f 2280/106/6 2281/106/6 2284/106/6
f 2284/106/6 2281/106/6 2285/106/6
f 2286/140/6 2287/140/6 2288/140/6
f 2288/140/6 2287/140/6 2289/140/6
f 2288/63/6 2289/63/6 2292/63/6
f 2292/63/6 2289/63/6 2293/63/6
f 2290/184/6 2291/184/6 2294/184/6
f 2294/184/6 2291/184/6 2295/184/6
f 2292/45/6 2293/45/6 2296/45/6
f 2296/45/6 2293/45/6 2297/45/6
f 2296/187/6 2297/187/6 2298/187/6
f 2298/187/6 2297/187/6 2299/187/6
f 2298/186/6 2299/186/6 2302/186/6
f 2302/186/6 2299/186/6 2303/186/6
f 2300/130/6 2301/130/6 2304/130/6
f 2304/130/6 2301/130/6 2305/130/6
f 2305/207/6 2306/207/6 2309/207/6
f 2309/207/6 2306/207/6 2310/207/6
f 2307/174/6 2308/174/6 2313/174/6
f 2313/174/6 2308/174/6 2314/174/6
f 2310/193/6 2311/193/6 2315/193/6
f 2315/193/6 2311/193/6 2316/193/6
f 2312/100/6 2313/100/6 2323/100/6
f 2323/100/6 2313/100/6 2324/100/6
f 2317/156/6 2318/156/6 2325/156/6
f 2318/135/6 2319/135/6 2326/135/6
f 2325/156/6 2318/156/6 2326/156/6
f 2319/132/6 2320/132/6 2327/132/6
f 2326/135/6 2319/135/6 2327/135/6
f 2320/131/6 2321/131/6 2328/131/6
f 2327/132/6 2320/132/6 2328/132/6
f 2321/69/6 2322/69/6 2329/69/6
f 2328/131/6 2321/131/6 2329/131/6
f 2329/69/6 2322/69/6 2330/69/6
f 2331/219/6 2332/219/6 2339/219/6
f 2332/156/6 2333/156/6 2340/156/6
f 2339/219/6 2332/219/6 2340/219/6
f 2333/193/6 2334/193/6 2341/193/6
f 2340/156/6 2333/156/6 2341/156/6
f 2334/74/6 2335/74/6 2342/74/6
f 2341/193/6 2334/193/6 2342/193/6
f 2335/89/6 2336/89/6 2343/89/6
f 2342/74/6 2335/74/6 2343/74/6
f 2343/89/6 2336/89/6 2344/89/6
f 2337/28/6 2338/28/6 2347/28/6
f 2338/97/6 2339/97/6 2348/97/6
f 2347/28/6 2338/28/6 2348/28/6
f 2348/97/6 2339/97/6 2349/97/6
f 2344/104/6 2345/104/6 2350/104/6
f 2350/104/6 2345/104/6 2351/104/6
f 2346/30/6 2347/30/6 2353/30/6
f 2353/30/6 2347/30/6 2354/30/6
f 2351/37/6 2352/37/6 2355/37/6
f 2355/37/6 2352/37/6 2356/37/6
f 2353/226/6 2354/226/6 2359/226/6
f 2359/226/6 2354/226/6 2360/226/6
f 2356/82/6 2357/82/6 2361/82/6
f 2361/82/6 2357/82/6 2362/82/6
f 2358/83/6 2359/83/6 2363/83/6
f 2363/83/6 2359/83/6 2364/83/6
f 2361/36/6 2362/36/6 2365/36/6
f 2365/36/6 2362/36/6 2366/36/6
f 2363/232/6 2364/232/6 2367/232/6
f 2367/232/6 2364/232/6 2368/232/6
f 2367/149/6 2368/149/6 2369/149/6
f 2369/149/6 2368/149/6 2370/149/6
f 2369/239/6 2370/239/6 2373/239/6
f 2373/239/6 2370/239/6 2374/239/6
f 2371/224/6 2372/224/6 2375/224/6
f 2375/224/6 2372/224/6 2376/224/6
f 2373/124/6 2374/124/6 2377/124/6
f 2377/124/6 2374/124/6 2378/124/6
f 2375/128/6 2376/128/6 2380/128/6
f 2380/128/6 2376/128/6 2381/128/6
f 2378/112/6 2379/112/6 2382/112/6
f 2382/112/6 2379/112/6 2383/112/6
f 2380/239/6 2381/239/6 2386/239/6
f 2386/239/6 2381/239/6 2387/239/6
f 2383/253/6 2384/253/6 2388/253/6
f 2388/253/6 2384/253/6 2389/253/6
f 2385/185/6 2386/185/6 2395/185/6
f 2395/185/6 2386/185/6 2396/185/6
f 2389/97/6 2390/97/6 2397/97/6
f 2390/77/6 2391/77/6 2398/77/6
f 2397/97/6 2390/97/6 2398/97/6
f 2398/77/6 2391/77/6 2399/77/6
f 2392/188/6 2393/188/6 2400/188/6
f 2393/102/6 2394/102/6 2401/102/6
f 2400/188/6 2393/188/6 2401/188/6
f 2394/64/6 2395/64/6 2402/64/6
f 2401/102/6 2394/102/6 2402/102/6
f 2402/64/6 2395/64/6 2403/64/6
f 2404/7/6 2405/7/6 2412/7/6
f 2405/59/6 2406/59/6 2413/59/6
f 2412/7/6 2405/7/6 2413/7/6
f 2406/218/6 2407/218/6 2414/218/6
f 2413/59/6 2406/59/6 2414/59/6
f 2407/132/6 2408/132/6 2415/132/6
f 2414/218/6 2407/218/6 2415/218/6
f 2408/124/6 2409/124/6 2416/124/6
f 2415/132/6 2408/132/6 2416/132/6
f 2416/124/6 2409/124/6 2417/124/6
f 2410/255/6 2411/255/6 2419/255/6
f 2411/14/6 2412/14/6 2420/14/6
f 2419/255/6 2411/255/6 2420/255/6
f 2420/14/6 2412/14/6 2421/14/6
f 2416/95/6 2417/95/6 2422/95/6
f 2417/28/6 2418/28/6 2423/28/6
f 2422/95/6 2417/95/6 2423/95/6
f 2423/28/6 2418/28/6 2424/28/6
f 2419/175/6 2420/175/6 2427/175/6
f 2427/175/6 2420/175/6 2428/175/6
f 2423/250/6 2424/250/6 2429/250/6
f 2424/147/6 2425/147/6 2430/147/6
f 2429/250/6 2424/250/6 2430/250/6
f 2430/147/6 2425/147/6 2431/147/6
f 2426/48/6 2427/48/6 2432/48/6
f 2432/48/6 2427/48/6 2433/48/6
f 2430/226/6 2431/226/6 2434/226/6
f 2434/226/6 2431/226/6 2435/226/6
f 2432/53/6 2433/53/6 2437/53/6
f 2437/53/6 2433/53/6 2438/53/6
f 2434/125/6 2435/125/6 2439/125/6
f 2435/14/6 2436/14/6 2440/14/6
f 2439/125/6 2435/125/6 2440/125/6
f 2440/14/6 2436/14/6 2441/14/6
f 2437/187/6 2438/187/6 2442/187/6
f 2442/187/6 2438/187/6 2443/187/6
f 2439/235/6 2440/235/6 2444/235/6
f 2440/52/6 2441/52/6 2445/52/6
f 2444/235/6 2440/235/6 2445/235/6
f 2445/52/6 2441/52/6 2446/52/6
f 2442/164/6 2443/164/6 2447/164/6
f 2447/164/6 2443/164/6 2448/164/6
f 2444/83/6 2445/83/6 2450/83/6
f 2450/83/6 2445/83/6 2451/83/6
f 2447/7/6 2448/7/6 2452/7/6
f 2448/8/6 2449/8/6 2453/8/6
f 2452/7/6 2448/7/6 2453/7/6
f 2453/8/6 2449/8/6 2454/8/6
f 2450/206/6 2451/206/6 2457/206/6
f 2457/206/6 2451/206/6 2458/206/6
f 2453/85/6 2454/85/6 2459/85/6
f 2454/6/6 2455/6/6 2460/6/6
f 2459/85/6 2454/85/6 2460/85/6
f 2460/6/6 2455/6/6 2461/6/6
f 2456/184/6 2457/184/6 2466/184/6
f 2457/229/6 2458/229/6 2467/229/6
f 2466/184/6 2457/184/6 2467/184/6
f 2467/229/6 2458/229/6 2468/229/6
f 2460/94/6 2461/94/6 2469/94/6
f 2461/108/6 2462/108/6 2470/108/6
f 2469/94/6 2461/94/6 2470/94/6
f 2462/234/6 2463/234/6 2471/234/6
f 2470/108/6 2462/108/6 2471/108/6
f 2463/157/6 2464/157/6 2472/157/6
f 2471/234/6 2463/234/6 2472/234/6
f 2464/83/6 2465/83/6 2473/83/6
f 2472/157/6 2464/157/6 2473/157/6
f 2465/88/6 2466/88/6 2474/88/6
f 2473/83/6 2465/83/6 2474/83/6
f 2466/255/6 2467/255/6 2475/255/6
f 2474/88/6 2466/88/6 2475/88/6
f 2475/255/6 2467/255/6 2476/255/6
f 2471/167/6 2472/167/6 2477/167/6
f 2472/200/6 2473/200/6 2478/200/6
f 2477/167/6 2472/167/6 2478/167/6
f 2478/200/6 2473/200/6 2479/200/6
f 2480/225/6 2481/225/6 2486/225/6
f 2481/31/6 2482/31/6 2487/31/6
f 2486/225/6 2481/225/6 2487/225/6
f 2482/168/6 2483/168/6 2488/168/6
f 2487/31/6 2482/31/6 2488/31/6
f 2483/179/6 2484/179/6 2489/179/6
f 2488/168/6 2483/168/6 2489/168/6
f 2489/179/6 2484/179/6 2490/179/6
f 2485/188/6 2486/188/6 2493/188/6
f 2486/230/6 2487/230/6 2494/230/6
f 2493/188/6 2486/188/6 2494/188/6
f 2487/155/6 2488/155/6 2495/155/6
f 2494/230/6 2487/230/6 2495/230/6
f 2488/89/6 2489/89/6 2496/89/6
f 2495/155/6 2488/155/6 2496/155/6
f 2489/47/6 2490/47/6 2497/47/6
f 2496/89/6 2489/89/6 2497/89/6
f 2490/127/6 2491/127/6 2498/127/6
f 2497/47/6 2490/47/6 2498/47/6
f 2498/127/6 2491/127/6 2499/127/6
f 2492/238/6 2493/238/6 2501/238/6
f 2493/136/6 2494/136/6 2502/136/6
f 2501/238/6 2493/238/6 2502/238/6
f 2494/109/6 2495/109/6 2503/109/6
f 2502/136/6 2494/136/6 2503/136/6
f 2503/109/6 2495/109/6 2504/109/6
f 2497/40/6 2498/40/6 2505/40/6
f 2498/247/6 2499/247/6 2506/247/6
f 2505/40/6 2498/40/6 2506/40/6
f 2499/168/6 2500/168/6 2507/168/6
f 2506/247/6 2499/247/6 2507/247/6
f 2507/168/6 2500/168/6 2508/168/6
f 2501/31/6 2502/31/6 2509/31/6
f 2502/97/6 2503/97/6 2510/97/6
f 2509/31/6 2502/31/6 2510/31/6
f 2510/97/6 2503/97/6 2511/97/6
f 2506/183/6 2507/183/6 2512/183/6
f 2507/143/6 2508/143/6 2513/143/6
f 2512/183/6 2507/183/6 2513/183/6
f 2513/143/6 2508/143/6 2514/143/6
f 2509/199/6 2510/199/6 2515/199/6
f 2510/123/6 2511/123/6 2516/123/6
f 2515/199/6 2510/199/6 2516/199/6
f 2516/123/6 2511/123/6 2517/123/6
f 2512/192/6 2513/192/6 2519/192/6
f 2513/246/6 2514/246/6 2520/246/6
f 2519/192/6 2513/192/6 2520/192/6
f 2520/246/6 2514/246/6 2521/246/6
f 2515/212/6 2516/212/6 2522/212/6
f 2516/203/6 2517/203/6 2523/203/6
f 2522/212/6 2516/212/6 2523/212/6
f 2517/53/6 2518/53/6 2524/53/6
f 2523/203/6 2517/203/6 2524/203/6
f 2524/53/6 2518/53/6 2525/53/6
f 2519/185/6 2520/185/6 2528/185/6
f 2520/237/6 2521/237/6 2529/237/6
f 2528/185/6 2520/185/6 2529/185/6
f 2529/237/6 2521/237/6 2530/237/6
f 2523/154/6 2524/154/6 2531/154/6
f 2524/8/6 2525/8/6 2532/8/6
f 2531/154/6 2524/154/6 2532/154/6
f 2525/212/6 2526/212/6 2533/212/6
f 2532/8/6 2525/8/6 2533/8/6
f 2526/73/6 2527/73/6 2534/73/6
f 2533/212/6 2526/212/6 2534/212/6
f 2527/211/6 2528/211/6 2535/211/6
f 2534/73/6 2527/73/6 2535/73/6
f 2528/231/6 2529/231/6 2536/231/6
f 2535/211/6 2528/211/6 2536/211/6
f 2529/27/6 2530/27/6 2537/27/6
f 2536/231/6 2529/231/6 2537/231/6
f 2537/27/6 2530/27/6 2538/27/6
f 2532/61/6 2533/61/6 2539/61/6
f 2533/7/6 2534/7/6 2540/7/6
f 2539/61/6 2533/61/6 2540/61/6
f 2534/27/6 2535/27/6 2541/27/6
f 2540/7/6 2534/7/6 2541/7/6
f 2535/141/6 2536/141/6 2542/141/6
f 2541/27/6 2535/27/6 2542/27/6
f 2536/45/6 2537/45/6 2543/45/6
f 2542/141/6 2536/141/6 2543/141/6
f 2543/45/6 2537/45/6 2544/45/6
f 2545/121/6 2546/121/6 2549/121/6
f 2546/194/6 2547/194/6 2550/194/6
f 2549/121/6 2546/121/6 2550/121/6
f 2550/194/6 2547/194/6 2551/194/6
f 2548/17/6 2549/17/6 2553/17/6
f 2549/191/6 2550/191/6 2554/191/6
f 2553/17/6 2549/17/6 2554/17/6
f 2550/175/6 2551/175/6 2555/175/6
f 2554/191/6 2550/191/6 2555/191/6
f 2551/29/6 2552/29/6 2556/29/6
f 2555/175/6 2551/175/6 2556/175/6
f 2556/29/6 2552/29/6 2557/29/6
f 2553/26/6 2554/26/6 2558/26/6
f 2554/145/6 2555/145/6 2559/145/6
f 2558/26/6 2554/26/6 2559/26/6
f 2555/3/6 2556/3/6 2560/3/6
f 2559/145/6 2555/145/6 2560/145/6
f 2556/101/6 2557/101/6 2561/101/6
f 2560/3/6 2556/3/6 2561/3/6
f 2561/101/6 2557/101/6 2562/101/6
f 2559/236/6 2560/236/6 2563/236/6
f 2560/3/6 2561/3/6 2564/3/6
f 2563/236/6 2560/236/6 2564/236/6
f 2561/159/6 2562/159/6 2565/159/6
f 2564/3/6 2561/3/6 2565/3/6
f 2565/159/6 2562/159/6 2566/159/6
