# MagicaVoxel @ Ephtracy

# group
o 

# material
mtllib sun.mtl
usemtl palette

# normals
vn -1 0 0
vn 1 0 0
vn 0 0 1
vn 0 0 -1
vn 0 -1 0
vn 0 1 0

# texcoords
vt 0.00195312 0.5
vt 0.00585938 0.5
vt 0.00976562 0.5
vt 0.0136719 0.5
vt 0.0175781 0.5
vt 0.0214844 0.5
vt 0.0253906 0.5
vt 0.0292969 0.5
vt 0.0332031 0.5
vt 0.0371094 0.5
vt 0.0410156 0.5
vt 0.0449219 0.5
vt 0.0488281 0.5
vt 0.0527344 0.5
vt 0.0566406 0.5
vt 0.0605469 0.5
vt 0.0644531 0.5
vt 0.0683594 0.5
vt 0.0722656 0.5
vt 0.0761719 0.5
vt 0.0800781 0.5
vt 0.0839844 0.5
vt 0.0878906 0.5
vt 0.0917969 0.5
vt 0.0957031 0.5
vt 0.0996094 0.5
vt 0.103516 0.5
vt 0.107422 0.5
vt 0.111328 0.5
vt 0.115234 0.5
vt 0.119141 0.5
vt 0.123047 0.5
vt 0.126953 0.5
vt 0.130859 0.5
vt 0.134766 0.5
vt 0.138672 0.5
vt 0.142578 0.5
vt 0.146484 0.5
vt 0.150391 0.5
vt 0.154297 0.5
vt 0.158203 0.5
vt 0.162109 0.5
vt 0.166016 0.5
vt 0.169922 0.5
vt 0.173828 0.5
vt 0.177734 0.5
vt 0.181641 0.5
vt 0.185547 0.5
vt 0.189453 0.5
vt 0.193359 0.5
vt 0.197266 0.5
vt 0.201172 0.5
vt 0.205078 0.5
vt 0.208984 0.5
vt 0.212891 0.5
vt 0.216797 0.5
vt 0.220703 0.5
vt 0.224609 0.5
vt 0.228516 0.5
vt 0.232422 0.5
vt 0.236328 0.5
vt 0.240234 0.5
vt 0.244141 0.5
vt 0.248047 0.5
vt 0.251953 0.5
vt 0.255859 0.5
vt 0.259766 0.5
vt 0.263672 0.5
vt 0.267578 0.5
vt 0.271484 0.5
vt 0.275391 0.5
vt 0.279297 0.5
vt 0.283203 0.5
vt 0.287109 0.5
vt 0.291016 0.5
vt 0.294922 0.5
vt 0.298828 0.5
vt 0.302734 0.5
vt 0.306641 0.5
vt 0.310547 0.5
vt 0.314453 0.5
vt 0.318359 0.5
vt 0.322266 0.5
vt 0.326172 0.5
vt 0.330078 0.5
vt 0.333984 0.5
vt 0.337891 0.5
vt 0.341797 0.5
vt 0.345703 0.5
vt 0.349609 0.5
vt 0.353516 0.5
vt 0.357422 0.5
vt 0.361328 0.5
vt 0.365234 0.5
vt 0.369141 0.5
vt 0.373047 0.5
vt 0.376953 0.5
vt 0.380859 0.5
vt 0.384766 0.5
vt 0.388672 0.5
vt 0.392578 0.5
vt 0.396484 0.5
vt 0.400391 0.5
vt 0.404297 0.5
vt 0.408203 0.5
vt 0.412109 0.5
vt 0.416016 0.5
vt 0.419922 0.5
vt 0.423828 0.5
vt 0.427734 0.5
vt 0.431641 0.5
vt 0.435547 0.5
vt 0.439453 0.5
vt 0.443359 0.5
vt 0.447266 0.5
vt 0.451172 0.5
vt 0.455078 0.5
vt 0.458984 0.5
vt 0.462891 0.5
vt 0.466797 0.5
vt 0.470703 0.5
vt 0.474609 0.5
vt 0.478516 0.5
vt 0.482422 0.5
vt 0.486328 0.5
vt 0.490234 0.5
vt 0.494141 0.5
vt 0.498047 0.5
vt 0.501953 0.5
vt 0.505859 0.5
vt 0.509766 0.5
vt 0.513672 0.5
vt 0.517578 0.5
vt 0.521484 0.5
vt 0.525391 0.5
vt 0.529297 0.5
vt 0.533203 0.5
vt 0.537109 0.5
vt 0.541016 0.5
vt 0.544922 0.5
vt 0.548828 0.5
vt 0.552734 0.5
vt 0.556641 0.5
vt 0.560547 0.5
vt 0.564453 0.5
vt 0.568359 0.5
vt 0.572266 0.5
vt 0.576172 0.5
vt 0.580078 0.5
vt 0.583984 0.5
vt 0.587891 0.5
vt 0.591797 0.5
vt 0.595703 0.5
vt 0.599609 0.5
vt 0.603516 0.5
vt 0.607422 0.5
vt 0.611328 0.5
vt 0.615234 0.5
vt 0.619141 0.5
vt 0.623047 0.5
vt 0.626953 0.5
vt 0.630859 0.5
vt 0.634766 0.5
vt 0.638672 0.5
vt 0.642578 0.5
vt 0.646484 0.5
vt 0.650391 0.5
vt 0.654297 0.5
vt 0.658203 0.5
vt 0.662109 0.5
vt 0.666016 0.5
vt 0.669922 0.5
vt 0.673828 0.5
vt 0.677734 0.5
vt 0.681641 0.5
vt 0.685547 0.5
vt 0.689453 0.5
vt 0.693359 0.5
vt 0.697266 0.5
vt 0.701172 0.5
vt 0.705078 0.5
vt 0.708984 0.5
vt 0.712891 0.5
vt 0.716797 0.5
vt 0.720703 0.5
vt 0.724609 0.5
vt 0.728516 0.5
vt 0.732422 0.5
vt 0.736328 0.5
vt 0.740234 0.5
vt 0.744141 0.5
vt 0.748047 0.5
vt 0.751953 0.5
vt 0.755859 0.5
vt 0.759766 0.5
vt 0.763672 0.5
vt 0.767578 0.5
vt 0.771484 0.5
vt 0.775391 0.5
vt 0.779297 0.5
vt 0.783203 0.5
vt 0.787109 0.5
vt 0.791016 0.5
vt 0.794922 0.5
vt 0.798828 0.5
vt 0.802734 0.5
vt 0.806641 0.5
vt 0.810547 0.5
vt 0.814453 0.5
vt 0.818359 0.5
vt 0.822266 0.5
vt 0.826172 0.5
vt 0.830078 0.5
vt 0.833984 0.5
vt 0.837891 0.5
vt 0.841797 0.5
vt 0.845703 0.5
vt 0.849609 0.5
vt 0.853516 0.5
vt 0.857422 0.5
vt 0.861328 0.5
vt 0.865234 0.5
vt 0.869141 0.5
vt 0.873047 0.5
vt 0.876953 0.5
vt 0.880859 0.5
vt 0.884766 0.5
vt 0.888672 0.5
vt 0.892578 0.5
vt 0.896484 0.5
vt 0.900391 0.5
vt 0.904297 0.5
vt 0.908203 0.5
vt 0.912109 0.5
vt 0.916016 0.5
vt 0.919922 0.5
vt 0.923828 0.5
vt 0.927734 0.5
vt 0.931641 0.5
vt 0.935547 0.5
vt 0.939453 0.5
vt 0.943359 0.5
vt 0.947266 0.5
vt 0.951172 0.5
vt 0.955078 0.5
vt 0.958984 0.5
vt 0.962891 0.5
vt 0.966797 0.5
vt 0.970703 0.5
vt 0.974609 0.5
vt 0.978516 0.5
vt 0.982422 0.5
vt 0.986328 0.5
vt 0.990234 0.5
vt 0.994141 0.5

# verts
v -3 -6.3 0.4
v -3 -6.3 0.2
v -3 -6.3 -2.38419e-07
v -3 -6.3 -0.2
v -3 -6.3 -0.4
v -3 -6.1 0.6
v -3 -6.1 0.4
v -3 -6.1 0.2
v -3 -6.1 -2.38419e-07
v -3 -6.1 -0.2
v -3 -6.1 -0.4
v -3 -6.1 -0.6
v -3 -5.9 0.8
v -3 -5.9 0.6
v -3 -5.9 0.4
v -3 -5.9 0.2
v -3 -5.9 -2.38419e-07
v -3 -5.9 -0.2
v -3 -5.9 -0.4
v -3 -5.9 -0.6
v -3 -5.9 -0.8
v -3 -5.7 0.8
v -3 -5.7 0.6
v -3 -5.7 0.4
v -3 -5.7 0.2
v -3 -5.7 -2.38419e-07
v -3 -5.7 -0.2
v -3 -5.7 -0.4
v -3 -5.7 -0.6
v -3 -5.7 -0.8
v -3 -5.5 0.8
v -3 -5.5 0.6
v -3 -5.5 0.4
v -3 -5.5 0.2
v -3 -5.5 -2.38419e-07
v -3 -5.5 -0.2
v -3 -5.5 -0.4
v -3 -5.5 -0.6
v -3 -5.5 -0.8
v -3 -5.3 0.8
v -3 -5.3 0.6
v -3 -5.3 0.4
v -3 -5.3 0.2
v -3 -5.3 -2.38419e-07
v -3 -5.3 -0.2
v -3 -5.3 -0.4
v -3 -5.3 -0.6
v -3 -5.3 -0.8
v -3 -5.1 0.8
v -3 -5.1 0.6
v -3 -5.1 0.4
v -3 -5.1 0.2
v -3 -5.1 -2.38419e-07
v -3 -5.1 -0.2
v -3 -5.1 -0.4
v -3 -5.1 -0.6
v -3 -5.1 -0.8
v -3 -4.9 0.6
v -3 -4.9 0.4
v -3 -4.9 0.2
v -3 -4.9 -2.38419e-07
v -3 -4.9 -0.2
v -3 -4.9 -0.4
v -3 -4.9 -0.6
v -3 -4.7 0.4
v -3 -4.7 0.2
v -3 -4.7 -2.38419e-07
v -3 -4.7 -0.2
v -3 -4.7 -0.4
v -2.8 -6.9 0.2
v -2.8 -6.9 -2.38419e-07
v -2.8 -6.9 -0.2
v -2.8 -6.7 0.8
v -2.8 -6.7 0.6
v -2.8 -6.7 0.4
v -2.8 -6.7 0.2
v -2.8 -6.7 -2.38419e-07
v -2.8 -6.7 -0.2
v -2.8 -6.7 -0.4
v -2.8 -6.7 -0.6
v -2.8 -6.7 -0.8
v -2.8 -6.5 1
v -2.8 -6.5 0.8
v -2.8 -6.5 0.6
v -2.8 -6.5 0.4
v -2.8 -6.5 0.2
v -2.8 -6.5 -2.38419e-07
v -2.8 -6.5 -0.2
v -2.8 -6.5 -0.4
v -2.8 -6.5 -0.6
v -2.8 -6.5 -0.8
v -2.8 -6.5 -1
v -2.8 -6.3 1.2
v -2.8 -6.3 1
v -2.8 -6.3 0.8
v -2.8 -6.3 0.6
v -2.8 -6.3 0.4
v -2.8 -6.3 0.2
v -2.8 -6.3 -2.38419e-07
v -2.8 -6.3 -0.2
v -2.8 -6.3 -0.4
v -2.8 -6.3 -0.6
v -2.8 -6.3 -0.8
v -2.8 -6.3 -1
v -2.8 -6.3 -1.2
v -2.8 -6.1 1.2
v -2.8 -6.1 1
v -2.8 -6.1 0.8
v -2.8 -6.1 0.6
v -2.8 -6.1 0.4
v -2.8 -6.1 -0.4
v -2.8 -6.1 -0.6
v -2.8 -6.1 -0.8
v -2.8 -6.1 -1
v -2.8 -6.1 -1.2
v -2.8 -5.9 1.2
v -2.8 -5.9 1
v -2.8 -5.9 0.8
v -2.8 -5.9 0.6
v -2.8 -5.9 -0.6
v -2.8 -5.9 -0.8
v -2.8 -5.9 -1
v -2.8 -5.9 -1.2
v -2.8 -5.7 1.4
v -2.8 -5.7 1.2
v -2.8 -5.7 1
v -2.8 -5.7 0.8
v -2.8 -5.7 -0.8
v -2.8 -5.7 -1
v -2.8 -5.7 -1.2
v -2.8 -5.7 -1.4
v -2.8 -5.5 1.4
v -2.8 -5.5 1.2
v -2.8 -5.5 1
v -2.8 -5.5 0.8
v -2.8 -5.5 -0.8
v -2.8 -5.5 -1
v -2.8 -5.5 -1.2
v -2.8 -5.5 -1.4
v -2.8 -5.3 1.4
v -2.8 -5.3 1.2
v -2.8 -5.3 1
v -2.8 -5.3 0.8
v -2.8 -5.3 -0.8
v -2.8 -5.3 -1
v -2.8 -5.3 -1.2
v -2.8 -5.3 -1.4
v -2.8 -5.1 1.2
v -2.8 -5.1 1
v -2.8 -5.1 0.8
v -2.8 -5.1 0.6
v -2.8 -5.1 -0.6
v -2.8 -5.1 -0.8
v -2.8 -5.1 -1
v -2.8 -5.1 -1.2
v -2.8 -4.9 1.2
v -2.8 -4.9 1
v -2.8 -4.9 0.8
v -2.8 -4.9 0.6
v -2.8 -4.9 0.4
v -2.8 -4.9 -0.4
v -2.8 -4.9 -0.6
v -2.8 -4.9 -0.8
v -2.8 -4.9 -1
v -2.8 -4.9 -1.2
v -2.8 -4.7 1.2
v -2.8 -4.7 1
v -2.8 -4.7 0.8
v -2.8 -4.7 0.6
v -2.8 -4.7 0.4
v -2.8 -4.7 0.2
v -2.8 -4.7 -2.38419e-07
v -2.8 -4.7 -0.2
v -2.8 -4.7 -0.4
v -2.8 -4.7 -0.6
v -2.8 -4.7 -0.8
v -2.8 -4.7 -1
v -2.8 -4.7 -1.2
v -2.8 -4.5 1
v -2.8 -4.5 0.8
v -2.8 -4.5 0.6
v -2.8 -4.5 0.4
v -2.8 -4.5 0.2
v -2.8 -4.5 -2.38419e-07
v -2.8 -4.5 -0.2
v -2.8 -4.5 -0.4
v -2.8 -4.5 -0.6
v -2.8 -4.5 -0.8
v -2.8 -4.5 -1
v -2.8 -4.3 0.8
v -2.8 -4.3 0.6
v -2.8 -4.3 0.4
v -2.8 -4.3 0.2
v -2.8 -4.3 -2.38419e-07
v -2.8 -4.3 -0.2
v -2.8 -4.3 -0.4
v -2.8 -4.3 -0.6
v -2.8 -4.3 -0.8
v -2.8 -4.1 0.2
v -2.8 -4.1 -2.38419e-07
v -2.8 -4.1 -0.2
v -2.6 -7.1 0.8
v -2.6 -7.1 0.6
v -2.6 -7.1 0.4
v -2.6 -7.1 0.2
v -2.6 -7.1 -2.38419e-07
v -2.6 -7.1 -0.2
v -2.6 -7.1 -0.4
v -2.6 -7.1 -0.6
v -2.6 -7.1 -0.8
v -2.6 -6.9 1
v -2.6 -6.9 0.8
v -2.6 -6.9 0.6
v -2.6 -6.9 0.4
v -2.6 -6.9 0.2
v -2.6 -6.9 -2.38419e-07
v -2.6 -6.9 -0.2
v -2.6 -6.9 -0.4
v -2.6 -6.9 -0.6
v -2.6 -6.9 -0.8
v -2.6 -6.9 -1
v -2.6 -6.7 1.2
v -2.6 -6.7 1
v -2.6 -6.7 0.8
v -2.6 -6.7 0.6
v -2.6 -6.7 0.4
v -2.6 -6.7 0.2
v -2.6 -6.7 -0.2
v -2.6 -6.7 -0.4
v -2.6 -6.7 -0.6
v -2.6 -6.7 -0.8
v -2.6 -6.7 -1
v -2.6 -6.7 -1.2
v -2.6 -6.5 1.4
v -2.6 -6.5 1.2
v -2.6 -6.5 1
v -2.6 -6.5 0.8
v -2.6 -6.5 -0.8
v -2.6 -6.5 -1
v -2.6 -6.5 -1.2
v -2.6 -6.5 -1.4
v -2.6 -6.3 1.6
v -2.6 -6.3 1.4
v -2.6 -6.3 1.2
v -2.6 -6.3 1
v -2.6 -6.3 -1
v -2.6 -6.3 -1.2
v -2.6 -6.3 -1.4
v -2.6 -6.3 -1.6
v -2.6 -6.1 1.6
v -2.6 -6.1 1.4
v -2.6 -6.1 1.2
v -2.6 -6.1 -1.2
v -2.6 -6.1 -1.4
v -2.6 -6.1 -1.6
v -2.6 -5.9 1.6
v -2.6 -5.9 1.4
v -2.6 -5.9 1.2
v -2.6 -5.9 -1.2
v -2.6 -5.9 -1.4
v -2.6 -5.9 -1.6
v -2.6 -5.7 1.6
v -2.6 -5.7 1.4
v -2.6 -5.7 1.2
v -2.6 -5.7 -1.2
v -2.6 -5.7 -1.4
v -2.6 -5.7 -1.6
v -2.6 -5.5 1.6
v -2.6 -5.5 1.4
v -2.6 -5.5 -1.4
v -2.6 -5.5 -1.6
v -2.6 -5.3 1.6
v -2.6 -5.3 1.4
v -2.6 -5.3 1.2
v -2.6 -5.3 -1.2
v -2.6 -5.3 -1.4
v -2.6 -5.3 -1.6
v -2.6 -5.1 1.6
v -2.6 -5.1 1.4
v -2.6 -5.1 1.2
v -2.6 -5.1 -1.2
v -2.6 -5.1 -1.4
v -2.6 -5.1 -1.6
v -2.6 -4.9 1.6
v -2.6 -4.9 1.4
v -2.6 -4.9 1.2
v -2.6 -4.9 -1.2
v -2.6 -4.9 -1.4
v -2.6 -4.9 -1.6
v -2.6 -4.7 1.6
v -2.6 -4.7 1.4
v -2.6 -4.7 1.2
v -2.6 -4.7 1
v -2.6 -4.7 -1
v -2.6 -4.7 -1.2
v -2.6 -4.7 -1.4
v -2.6 -4.7 -1.6
v -2.6 -4.5 1.4
v -2.6 -4.5 1.2
v -2.6 -4.5 1
v -2.6 -4.5 0.8
v -2.6 -4.5 -0.8
v -2.6 -4.5 -1
v -2.6 -4.5 -1.2
v -2.6 -4.5 -1.4
v -2.6 -4.3 1.2
v -2.6 -4.3 1
v -2.6 -4.3 0.8
v -2.6 -4.3 0.6
v -2.6 -4.3 0.4
v -2.6 -4.3 0.2
v -2.6 -4.3 -0.2
v -2.6 -4.3 -0.4
v -2.6 -4.3 -0.6
v -2.6 -4.3 -0.8
v -2.6 -4.3 -1
v -2.6 -4.3 -1.2
v -2.6 -4.1 1
v -2.6 -4.1 0.8
v -2.6 -4.1 0.6
v -2.6 -4.1 0.4
v -2.6 -4.1 0.2
v -2.6 -4.1 -2.38419e-07
v -2.6 -4.1 -0.2
v -2.6 -4.1 -0.4
v -2.6 -4.1 -0.6
v -2.6 -4.1 -0.8
v -2.6 -4.1 -1
v -2.6 -3.9 0.8
v -2.6 -3.9 0.6
v -2.6 -3.9 0.4
v -2.6 -3.9 0.2
v -2.6 -3.9 -2.38419e-07
v -2.6 -3.9 -0.2
v -2.6 -3.9 -0.4
v -2.6 -3.9 -0.6
v -2.6 -3.9 -0.8
v -2.4 -7.5 0.4
v -2.4 -7.5 0.2
v -2.4 -7.5 -2.38419e-07
v -2.4 -7.5 -0.2
v -2.4 -7.5 -0.4
v -2.4 -7.3 1
v -2.4 -7.3 0.8
v -2.4 -7.3 0.6
v -2.4 -7.3 0.4
v -2.4 -7.3 0.2
v -2.4 -7.3 -2.38419e-07
v -2.4 -7.3 -0.2
v -2.4 -7.3 -0.4
v -2.4 -7.3 -0.6
v -2.4 -7.3 -0.8
v -2.4 -7.3 -1
v -2.4 -7.1 1.2
v -2.4 -7.1 1
v -2.4 -7.1 0.8
v -2.4 -7.1 0.6
v -2.4 -7.1 0.4
v -2.4 -7.1 0.2
v -2.4 -7.1 -2.38419e-07
v -2.4 -7.1 -0.2
v -2.4 -7.1 -0.4
v -2.4 -7.1 -0.6
v -2.4 -7.1 -0.8
v -2.4 -7.1 -1
v -2.4 -7.1 -1.2
v -2.4 -6.9 1.4
v -2.4 -6.9 1.2
v -2.4 -6.9 1
v -2.4 -6.9 0.8
v -2.4 -6.9 -0.8
v -2.4 -6.9 -1
v -2.4 -6.9 -1.2
v -2.4 -6.9 -1.4
v -2.4 -6.7 1.6
v -2.4 -6.7 1.4
v -2.4 -6.7 1.2
v -2.4 -6.7 1
v -2.4 -6.7 -1
v -2.4 -6.7 -1.2
v -2.4 -6.7 -1.4
v -2.4 -6.7 -1.6
v -2.4 -6.5 1.8
v -2.4 -6.5 1.6
v -2.4 -6.5 1.4
v -2.4 -6.5 1.2
v -2.4 -6.5 -1.2
v -2.4 -6.5 -1.4
v -2.4 -6.5 -1.6
v -2.4 -6.5 -1.8
v -2.4 -6.3 1.8
v -2.4 -6.3 1.6
v -2.4 -6.3 1.4
v -2.4 -6.3 -1.4
v -2.4 -6.3 -1.6
v -2.4 -6.3 -1.8
v -2.4 -6.1 1.8
v -2.4 -6.1 1.6
v -2.4 -6.1 -1.6
v -2.4 -6.1 -1.8
v -2.4 -5.9 2
v -2.4 -5.9 1.8
v -2.4 -5.9 1.6
v -2.4 -5.9 -1.6
v -2.4 -5.9 -1.8
v -2.4 -5.9 -2
v -2.4 -5.7 2
v -2.4 -5.7 1.8
v -2.4 -5.7 1.6
v -2.4 -5.7 -1.6
v -2.4 -5.7 -1.8
v -2.4 -5.7 -2
v -2.4 -5.5 2
v -2.4 -5.5 1.8
v -2.4 -5.5 1.6
v -2.4 -5.5 -1.6
v -2.4 -5.5 -1.8
v -2.4 -5.5 -2
v -2.4 -5.3 2
v -2.4 -5.3 1.8
v -2.4 -5.3 1.6
v -2.4 -5.3 -1.6
v -2.4 -5.3 -1.8
v -2.4 -5.3 -2
v -2.4 -5.1 2
v -2.4 -5.1 1.8
v -2.4 -5.1 1.6
v -2.4 -5.1 -1.6
v -2.4 -5.1 -1.8
v -2.4 -5.1 -2
v -2.4 -4.9 1.8
v -2.4 -4.9 1.6
v -2.4 -4.9 -1.6
v -2.4 -4.9 -1.8
v -2.4 -4.7 1.8
v -2.4 -4.7 1.6
v -2.4 -4.7 1.4
v -2.4 -4.7 -1.4
v -2.4 -4.7 -1.6
v -2.4 -4.7 -1.8
v -2.4 -4.5 1.8
v -2.4 -4.5 1.6
v -2.4 -4.5 1.4
v -2.4 -4.5 1.2
v -2.4 -4.5 -1.2
v -2.4 -4.5 -1.4
v -2.4 -4.5 -1.6
v -2.4 -4.5 -1.8
v -2.4 -4.3 1.6
v -2.4 -4.3 1.4
v -2.4 -4.3 1.2
v -2.4 -4.3 1
v -2.4 -4.3 -1
v -2.4 -4.3 -1.2
v -2.4 -4.3 -1.4
v -2.4 -4.3 -1.6
v -2.4 -4.1 1.4
v -2.4 -4.1 1.2
v -2.4 -4.1 1
v -2.4 -4.1 0.8
v -2.4 -4.1 -0.8
v -2.4 -4.1 -1
v -2.4 -4.1 -1.2
v -2.4 -4.1 -1.4
v -2.4 -3.9 1.2
v -2.4 -3.9 1
v -2.4 -3.9 0.8
v -2.4 -3.9 0.6
v -2.4 -3.9 0.4
v -2.4 -3.9 0.2
v -2.4 -3.9 -2.38419e-07
v -2.4 -3.9 -0.2
v -2.4 -3.9 -0.4
v -2.4 -3.9 -0.6
v -2.4 -3.9 -0.8
v -2.4 -3.9 -1
v -2.4 -3.9 -1.2
v -2.4 -3.7 1
v -2.4 -3.7 0.8
v -2.4 -3.7 0.6
v -2.4 -3.7 0.4
v -2.4 -3.7 0.2
v -2.4 -3.7 -2.38419e-07
v -2.4 -3.7 -0.2
v -2.4 -3.7 -0.4
v -2.4 -3.7 -0.6
v -2.4 -3.7 -0.8
v -2.4 -3.7 -1
v -2.4 -3.5 0.4
v -2.4 -3.5 0.2
v -2.4 -3.5 -2.38419e-07
v -2.4 -3.5 -0.2
v -2.4 -3.5 -0.4
v -2.2 -7.7 0.4
v -2.2 -7.7 0.2
v -2.2 -7.7 -2.38419e-07
v -2.2 -7.7 -0.2
v -2.2 -7.7 -0.4
v -2.2 -7.5 1
v -2.2 -7.5 0.8
v -2.2 -7.5 0.6
v -2.2 -7.5 0.4
v -2.2 -7.5 0.2
v -2.2 -7.5 -2.38419e-07
v -2.2 -7.5 -0.2
v -2.2 -7.5 -0.4
v -2.2 -7.5 -0.6
v -2.2 -7.5 -0.8
v -2.2 -7.5 -1
v -2.2 -7.3 1.4
v -2.2 -7.3 1.2
v -2.2 -7.3 1
v -2.2 -7.3 0.8
v -2.2 -7.3 0.6
v -2.2 -7.3 0.4
v -2.2 -7.3 -0.4
v -2.2 -7.3 -0.6
v -2.2 -7.3 -0.8
v -2.2 -7.3 -1
v -2.2 -7.3 -1.2
v -2.2 -7.3 -1.4
v -2.2 -7.1 1.6
v -2.2 -7.1 1.4
v -2.2 -7.1 1.2
v -2.2 -7.1 1
v -2.2 -7.1 -1
v -2.2 -7.1 -1.2
v -2.2 -7.1 -1.4
v -2.2 -7.1 -1.6
v -2.2 -6.9 1.8
v -2.2 -6.9 1.6
v -2.2 -6.9 1.4
v -2.2 -6.9 1.2
v -2.2 -6.9 -1.2
v -2.2 -6.9 -1.4
v -2.2 -6.9 -1.6
v -2.2 -6.9 -1.8
v -2.2 -6.7 1.8
v -2.2 -6.7 1.6
v -2.2 -6.7 1.4
v -2.2 -6.7 -1.4
v -2.2 -6.7 -1.6
v -2.2 -6.7 -1.8
v -2.2 -6.5 2
v -2.2 -6.5 1.8
v -2.2 -6.5 1.6
v -2.2 -6.5 -1.6
v -2.2 -6.5 -1.8
v -2.2 -6.5 -2
v -2.2 -6.3 2
v -2.2 -6.3 1.8
v -2.2 -6.3 -1.8
v -2.2 -6.3 -2
v -2.2 -6.1 2
v -2.2 -6.1 1.8
v -2.2 -6.1 -1.8
v -2.2 -6.1 -2
v -2.2 -5.9 2.2
v -2.2 -5.9 2
v -2.2 -5.9 1.8
v -2.2 -5.9 -1.8
v -2.2 -5.9 -2
v -2.2 -5.9 -2.2
v -2.2 -5.7 2.2
v -2.2 -5.7 2
v -2.2 -5.7 -2
v -2.2 -5.7 -2.2
v -2.2 -5.5 2.2
v -2.2 -5.5 2
v -2.2 -5.5 -2
v -2.2 -5.5 -2.2
v -2.2 -5.3 2.2
v -2.2 -5.3 2
v -2.2 -5.3 -2
v -2.2 -5.3 -2.2
v -2.2 -5.1 2.2
v -2.2 -5.1 2
v -2.2 -5.1 1.8
v -2.2 -5.1 -1.8
v -2.2 -5.1 -2
v -2.2 -5.1 -2.2
v -2.2 -4.9 2
v -2.2 -4.9 1.8
v -2.2 -4.9 -1.8
v -2.2 -4.9 -2
v -2.2 -4.7 2
v -2.2 -4.7 1.8
v -2.2 -4.7 -1.8
v -2.2 -4.7 -2
v -2.2 -4.5 2
v -2.2 -4.5 1.8
v -2.2 -4.5 1.6
v -2.2 -4.5 -1.6
v -2.2 -4.5 -1.8
v -2.2 -4.5 -2
v -2.2 -4.3 1.8
v -2.2 -4.3 1.6
v -2.2 -4.3 1.4
v -2.2 -4.3 -1.4
v -2.2 -4.3 -1.6
v -2.2 -4.3 -1.8
v -2.2 -4.1 1.8
v -2.2 -4.1 1.6
v -2.2 -4.1 1.4
v -2.2 -4.1 1.2
v -2.2 -4.1 -1.2
v -2.2 -4.1 -1.4
v -2.2 -4.1 -1.6
v -2.2 -4.1 -1.8
v -2.2 -3.9 1.6
v -2.2 -3.9 1.4
v -2.2 -3.9 1.2
v -2.2 -3.9 1
v -2.2 -3.9 -1
v -2.2 -3.9 -1.2
v -2.2 -3.9 -1.4
v -2.2 -3.9 -1.6
v -2.2 -3.7 1.4
v -2.2 -3.7 1.2
v -2.2 -3.7 1
v -2.2 -3.7 0.8
v -2.2 -3.7 0.6
v -2.2 -3.7 0.4
v -2.2 -3.7 -0.4
v -2.2 -3.7 -0.6
v -2.2 -3.7 -0.8
v -2.2 -3.7 -1
v -2.2 -3.7 -1.2
v -2.2 -3.7 -1.4
v -2.2 -3.5 1
v -2.2 -3.5 0.8
v -2.2 -3.5 0.6
v -2.2 -3.5 0.4
v -2.2 -3.5 0.2
v -2.2 -3.5 -2.38419e-07
v -2.2 -3.5 -0.2
v -2.2 -3.5 -0.4
v -2.2 -3.5 -0.6
v -2.2 -3.5 -0.8
v -2.2 -3.5 -1
v -2.2 -3.3 0.4
v -2.2 -3.3 0.2
v -2.2 -3.3 -2.38419e-07
v -2.2 -3.3 -0.2
v -2.2 -3.3 -0.4
v -2 -7.9 0.4
v -2 -7.9 0.2
v -2 -7.9 -2.38419e-07
v -2 -7.9 -0.2
v -2 -7.9 -0.4
v -2 -7.7 1
v -2 -7.7 0.8
v -2 -7.7 0.6
v -2 -7.7 0.4
v -2 -7.7 0.2
v -2 -7.7 -2.38419e-07
v -2 -7.7 -0.2
v -2 -7.7 -0.4
v -2 -7.7 -0.6
v -2 -7.7 -0.8
v -2 -7.7 -1
v -2 -7.5 1.4
v -2 -7.5 1.2
v -2 -7.5 1
v -2 -7.5 0.8
v -2 -7.5 0.6
v -2 -7.5 0.4
v -2 -7.5 -0.4
v -2 -7.5 -0.6
v -2 -7.5 -0.8
v -2 -7.5 -1
v -2 -7.5 -1.2
v -2 -7.5 -1.4
v -2 -7.3 1.6
v -2 -7.3 1.4
v -2 -7.3 1.2
v -2 -7.3 1
v -2 -7.3 -1
v -2 -7.3 -1.2
v -2 -7.3 -1.4
v -2 -7.3 -1.6
v -2 -7.1 1.8
v -2 -7.1 1.6
v -2 -7.1 1.4
v -2 -7.1 -1.4
v -2 -7.1 -1.6
v -2 -7.1 -1.8
v -2 -6.9 2
v -2 -6.9 1.8
v -2 -6.9 1.6
v -2 -6.9 -1.6
v -2 -6.9 -1.8
v -2 -6.9 -2
v -2 -6.7 2
v -2 -6.7 1.8
v -2 -6.7 -1.8
v -2 -6.7 -2
v -2 -6.5 2.2
v -2 -6.5 2
v -2 -6.5 1.8
v -2 -6.5 -1.8
v -2 -6.5 -2
v -2 -6.5 -2.2
v -2 -6.3 2.2
v -2 -6.3 2
v -2 -6.3 -2
v -2 -6.3 -2.2
v -2 -6.1 2.2
v -2 -6.1 2
v -2 -6.1 -2
v -2 -6.1 -2.2
v -2 -5.9 2.4
v -2 -5.9 2.2
v -2 -5.9 2
v -2 -5.9 -2
v -2 -5.9 -2.2
v -2 -5.9 -2.4
v -2 -5.7 2.4
v -2 -5.7 2.2
v -2 -5.7 -2.2
v -2 -5.7 -2.4
v -2 -5.5 2.4
v -2 -5.5 2.2
v -2 -5.5 -2.2
v -2 -5.5 -2.4
v -2 -5.3 2.4
v -2 -5.3 2.2
v -2 -5.3 -2.2
v -2 -5.3 -2.4
v -2 -5.1 2.4
v -2 -5.1 2.2
v -2 -5.1 2
v -2 -5.1 -2
v -2 -5.1 -2.2
v -2 -5.1 -2.4
v -2 -4.9 2.2
v -2 -4.9 2
v -2 -4.9 -2
v -2 -4.9 -2.2
v -2 -4.7 2.2
v -2 -4.7 2
v -2 -4.7 -2
v -2 -4.7 -2.2
v -2 -4.5 2.2
v -2 -4.5 2
v -2 -4.5 1.8
v -2 -4.5 -1.8
v -2 -4.5 -2
v -2 -4.5 -2.2
v -2 -4.3 2
v -2 -4.3 1.8
v -2 -4.3 -1.8
v -2 -4.3 -2
v -2 -4.1 2
v -2 -4.1 1.8
v -2 -4.1 1.6
v -2 -4.1 -1.6
v -2 -4.1 -1.8
v -2 -4.1 -2
v -2 -3.9 1.8
v -2 -3.9 1.6
v -2 -3.9 1.4
v -2 -3.9 -1.4
v -2 -3.9 -1.6
v -2 -3.9 -1.8
v -2 -3.7 1.6
v -2 -3.7 1.4
v -2 -3.7 1.2
v -2 -3.7 1
v -2 -3.7 -1
v -2 -3.7 -1.2
v -2 -3.7 -1.4
v -2 -3.7 -1.6
v -2 -3.5 1.4
v -2 -3.5 1.2
v -2 -3.5 1
v -2 -3.5 0.8
v -2 -3.5 0.6
v -2 -3.5 0.4
v -2 -3.5 -0.4
v -2 -3.5 -0.6
v -2 -3.5 -0.8
v -2 -3.5 -1
v -2 -3.5 -1.2
v -2 -3.5 -1.4
v -2 -3.3 1
v -2 -3.3 0.8
v -2 -3.3 0.6
v -2 -3.3 0.4
v -2 -3.3 0.2
v -2 -3.3 -2.38419e-07
v -2 -3.3 -0.2
v -2 -3.3 -0.4
v -2 -3.3 -0.6
v -2 -3.3 -0.8
v -2 -3.3 -1
v -2 -3.1 0.4
v -2 -3.1 0.2
v -2 -3.1 -2.38419e-07
v -2 -3.1 -0.2
v -2 -3.1 -0.4
v -1.8 -7.9 1
v -1.8 -7.9 0.8
v -1.8 -7.9 0.6
v -1.8 -7.9 0.4
v -1.8 -7.9 -0.4
v -1.8 -7.9 -0.6
v -1.8 -7.9 -0.8
v -1.8 -7.9 -1
v -1.8 -7.7 1.4
v -1.8 -7.7 1.2
v -1.8 -7.7 1
v -1.8 -7.7 0.8
v -1.8 -7.7 0.6
v -1.8 -7.7 0.4
v -1.8 -7.7 -0.4
v -1.8 -7.7 -0.6
v -1.8 -7.7 -0.8
v -1.8 -7.7 -1
v -1.8 -7.7 -1.2
v -1.8 -7.7 -1.4
v -1.8 -7.5 1.6
v -1.8 -7.5 1.4
v -1.8 -7.5 1.2
v -1.8 -7.5 1
v -1.8 -7.5 -1
v -1.8 -7.5 -1.2
v -1.8 -7.5 -1.4
v -1.8 -7.5 -1.6
v -1.8 -7.3 1.8
v -1.8 -7.3 1.6
v -1.8 -7.3 1.4
v -1.8 -7.3 -1.4
v -1.8 -7.3 -1.6
v -1.8 -7.3 -1.8
v -1.8 -7.1 2
v -1.8 -7.1 1.8
v -1.8 -7.1 1.6
v -1.8 -7.1 -1.6
v -1.8 -7.1 -1.8
v -1.8 -7.1 -2
v -1.8 -6.9 2.2
v -1.8 -6.9 2
v -1.8 -6.9 1.8
v -1.8 -6.9 -1.8
v -1.8 -6.9 -2
v -1.8 -6.9 -2.2
v -1.8 -6.7 2.2
v -1.8 -6.7 2
v -1.8 -6.7 -2
v -1.8 -6.7 -2.2
v -1.8 -6.5 2.4
v -1.8 -6.5 2.2
v -1.8 -6.5 2
v -1.8 -6.5 -2
v -1.8 -6.5 -2.2
v -1.8 -6.5 -2.4
v -1.8 -6.3 2.4
v -1.8 -6.3 2.2
v -1.8 -6.3 -2.2
v -1.8 -6.3 -2.4
v -1.8 -6.1 2.4
v -1.8 -6.1 2.2
v -1.8 -6.1 -2.2
v -1.8 -6.1 -2.4
v -1.8 -5.9 2.4
v -1.8 -5.9 2.2
v -1.8 -5.9 -2.2
v -1.8 -5.9 -2.4
v -1.8 -5.1 2.4
v -1.8 -5.1 2.2
v -1.8 -5.1 -2.2
v -1.8 -5.1 -2.4
v -1.8 -4.9 2.4
v -1.8 -4.9 2.2
v -1.8 -4.9 -2.2
v -1.8 -4.9 -2.4
v -1.8 -4.7 2.4
v -1.8 -4.7 2.2
v -1.8 -4.7 -2.2
v -1.8 -4.7 -2.4
v -1.8 -4.5 2.4
v -1.8 -4.5 2.2
v -1.8 -4.5 2
v -1.8 -4.5 -2
v -1.8 -4.5 -2.2
v -1.8 -4.5 -2.4
v -1.8 -4.3 2.2
v -1.8 -4.3 2
v -1.8 -4.3 -2
v -1.8 -4.3 -2.2
v -1.8 -4.1 2.2
v -1.8 -4.1 2
v -1.8 -4.1 1.8
v -1.8 -4.1 -1.8
v -1.8 -4.1 -2
v -1.8 -4.1 -2.2
v -1.8 -3.9 2
v -1.8 -3.9 1.8
v -1.8 -3.9 1.6
v -1.8 -3.9 -1.6
v -1.8 -3.9 -1.8
v -1.8 -3.9 -2
v -1.8 -3.7 1.8
v -1.8 -3.7 1.6
v -1.8 -3.7 1.4
v -1.8 -3.7 -1.4
v -1.8 -3.7 -1.6
v -1.8 -3.7 -1.8
v -1.8 -3.5 1.6
v -1.8 -3.5 1.4
v -1.8 -3.5 1.2
v -1.8 -3.5 1
v -1.8 -3.5 -1
v -1.8 -3.5 -1.2
v -1.8 -3.5 -1.4
v -1.8 -3.5 -1.6
v -1.8 -3.3 1.4
v -1.8 -3.3 1.2
v -1.8 -3.3 1
v -1.8 -3.3 0.8
v -1.8 -3.3 0.6
v -1.8 -3.3 0.4
v -1.8 -3.3 -0.4
v -1.8 -3.3 -0.6
v -1.8 -3.3 -0.8
v -1.8 -3.3 -1
v -1.8 -3.3 -1.2
v -1.8 -3.3 -1.4
v -1.8 -3.1 1
v -1.8 -3.1 0.8
v -1.8 -3.1 0.6
v -1.8 -3.1 0.4
v -1.8 -3.1 -0.4
v -1.8 -3.1 -0.6
v -1.8 -3.1 -0.8
v -1.8 -3.1 -1
v -1.6 -8.1 0.8
v -1.6 -8.1 0.6
v -1.6 -8.1 0.4
v -1.6 -8.1 0.2
v -1.6 -8.1 -2.38419e-07
v -1.6 -8.1 -0.2
v -1.6 -8.1 -0.4
v -1.6 -8.1 -0.6
v -1.6 -8.1 -0.8
v -1.6 -7.9 1.2
v -1.6 -7.9 1
v -1.6 -7.9 0.8
v -1.6 -7.9 0.6
v -1.6 -7.9 0.4
v -1.6 -7.9 0.2
v -1.6 -7.9 -2.38419e-07
v -1.6 -7.9 -0.2
v -1.6 -7.9 -0.4
v -1.6 -7.9 -0.6
v -1.6 -7.9 -0.8
v -1.6 -7.9 -1
v -1.6 -7.9 -1.2
v -1.6 -7.7 1.6
v -1.6 -7.7 1.4
v -1.6 -7.7 1.2
v -1.6 -7.7 1
v -1.6 -7.7 -1
v -1.6 -7.7 -1.2
v -1.6 -7.7 -1.4
v -1.6 -7.7 -1.6
v -1.6 -7.5 1.8
v -1.6 -7.5 1.6
v -1.6 -7.5 1.4
v -1.6 -7.5 -1.4
v -1.6 -7.5 -1.6
v -1.6 -7.5 -1.8
v -1.6 -7.3 2
v -1.6 -7.3 1.8
v -1.6 -7.3 1.6
v -1.6 -7.3 -1.6
v -1.6 -7.3 -1.8
v -1.6 -7.3 -2
v -1.6 -7.1 2.2
v -1.6 -7.1 2
v -1.6 -7.1 1.8
v -1.6 -7.1 -1.8
v -1.6 -7.1 -2
v -1.6 -7.1 -2.2
v -1.6 -6.9 2.2
v -1.6 -6.9 2
v -1.6 -6.9 -2
v -1.6 -6.9 -2.2
v -1.6 -6.7 2.4
v -1.6 -6.7 2.2
v -1.6 -6.7 -2.2
v -1.6 -6.7 -2.4
v -1.6 -6.5 2.4
v -1.6 -6.5 2.2
v -1.6 -6.5 -2.2
v -1.6 -6.5 -2.4
v -1.6 -6.3 2.6
v -1.6 -6.3 2.4
v -1.6 -6.3 -2.4
v -1.6 -6.3 -2.6
v -1.6 -6.1 2.6
v -1.6 -6.1 2.4
v -1.6 -6.1 -2.4
v -1.6 -6.1 -2.6
v -1.6 -5.9 2.6
v -1.6 -5.9 2.4
v -1.6 -5.9 -2.4
v -1.6 -5.9 -2.6
v -1.6 -5.7 2.6
v -1.6 -5.7 2.4
v -1.6 -5.7 -2.4
v -1.6 -5.7 -2.6
v -1.6 -5.5 2.6
v -1.6 -5.5 2.4
v -1.6 -5.5 -2.4
v -1.6 -5.5 -2.6
v -1.6 -5.3 2.6
v -1.6 -5.3 2.4
v -1.6 -5.3 -2.4
v -1.6 -5.3 -2.6
v -1.6 -5.1 2.6
v -1.6 -5.1 2.4
v -1.6 -5.1 -2.4
v -1.6 -5.1 -2.6
v -1.6 -4.9 2.6
v -1.6 -4.9 2.4
v -1.6 -4.9 -2.4
v -1.6 -4.9 -2.6
v -1.6 -4.7 2.6
v -1.6 -4.7 2.4
v -1.6 -4.7 -2.4
v -1.6 -4.7 -2.6
v -1.6 -4.5 2.4
v -1.6 -4.5 2.2
v -1.6 -4.5 -2.2
v -1.6 -4.5 -2.4
v -1.6 -4.3 2.4
v -1.6 -4.3 2.2
v -1.6 -4.3 -2.2
v -1.6 -4.3 -2.4
v -1.6 -4.1 2.2
v -1.6 -4.1 2
v -1.6 -4.1 -2
v -1.6 -4.1 -2.2
v -1.6 -3.9 2.2
v -1.6 -3.9 2
v -1.6 -3.9 1.8
v -1.6 -3.9 -1.8
v -1.6 -3.9 -2
v -1.6 -3.9 -2.2
v -1.6 -3.7 2
v -1.6 -3.7 1.8
v -1.6 -3.7 1.6
v -1.6 -3.7 -1.6
v -1.6 -3.7 -1.8
v -1.6 -3.7 -2
v -1.6 -3.5 1.8
v -1.6 -3.5 1.6
v -1.6 -3.5 1.4
v -1.6 -3.5 -1.4
v -1.6 -3.5 -1.6
v -1.6 -3.5 -1.8
v -1.6 -3.3 1.6
v -1.6 -3.3 1.4
v -1.6 -3.3 1.2
v -1.6 -3.3 1
v -1.6 -3.3 -1
v -1.6 -3.3 -1.2
v -1.6 -3.3 -1.4
v -1.6 -3.3 -1.6
v -1.6 -3.1 1.2
v -1.6 -3.1 1
v -1.6 -3.1 0.8
v -1.6 -3.1 0.6
v -1.6 -3.1 0.4
v -1.6 -3.1 0.2
v -1.6 -3.1 -2.38419e-07
v -1.6 -3.1 -0.2
v -1.6 -3.1 -0.4
v -1.6 -3.1 -0.6
v -1.6 -3.1 -0.8
v -1.6 -3.1 -1
v -1.6 -3.1 -1.2
v -1.6 -2.9 0.8
v -1.6 -2.9 0.6
v -1.6 -2.9 0.4
v -1.6 -2.9 0.2
v -1.6 -2.9 -2.38419e-07
v -1.6 -2.9 -0.2
v -1.6 -2.9 -0.4
v -1.6 -2.9 -0.6
v -1.6 -2.9 -0.8
v -1.4 -8.3 0.2
v -1.4 -8.3 -2.38419e-07
v -1.4 -8.3 -0.2
v -1.4 -8.1 1
v -1.4 -8.1 0.8
v -1.4 -8.1 0.2
v -1.4 -8.1 -2.38419e-07
v -1.4 -8.1 -0.2
v -1.4 -8.1 -0.8
v -1.4 -8.1 -1
v -1.4 -7.9 1.4
v -1.4 -7.9 1.2
v -1.4 -7.9 1
v -1.4 -7.9 0.8
v -1.4 -7.9 -0.8
v -1.4 -7.9 -1
v -1.4 -7.9 -1.2
v -1.4 -7.9 -1.4
v -1.4 -7.7 1.8
v -1.4 -7.7 1.6
v -1.4 -7.7 1.4
v -1.4 -7.7 1.2
v -1.4 -7.7 -1.2
v -1.4 -7.7 -1.4
v -1.4 -7.7 -1.6
v -1.4 -7.7 -1.8
v -1.4 -7.5 2
v -1.4 -7.5 1.8
v -1.4 -7.5 1.6
v -1.4 -7.5 -1.6
v -1.4 -7.5 -1.8
v -1.4 -7.5 -2
v -1.4 -7.3 2.2
v -1.4 -7.3 2
v -1.4 -7.3 1.8
v -1.4 -7.3 -1.8
v -1.4 -7.3 -2
v -1.4 -7.3 -2.2
v -1.4 -7.1 2.2
v -1.4 -7.1 2
v -1.4 -7.1 -2
v -1.4 -7.1 -2.2
v -1.4 -6.9 2.4
v -1.4 -6.9 2.2
v -1.4 -6.9 -2.2
v -1.4 -6.9 -2.4
v -1.4 -6.7 2.4
v -1.4 -6.7 2.2
v -1.4 -6.7 -2.2
v -1.4 -6.7 -2.4
v -1.4 -6.5 2.6
v -1.4 -6.5 2.4
v -1.4 -6.5 -2.4
v -1.4 -6.5 -2.6
v -1.4 -6.3 2.6
v -1.4 -6.3 2.4
v -1.4 -6.3 -2.4
v -1.4 -6.3 -2.6
v -1.4 -5.7 2.8
v -1.4 -5.7 2.6
v -1.4 -5.7 -2.6
v -1.4 -5.7 -2.8
v -1.4 -5.5 2.8
v -1.4 -5.5 2.6
v -1.4 -5.5 -2.6
v -1.4 -5.5 -2.8
v -1.4 -5.3 2.8
v -1.4 -5.3 2.6
v -1.4 -5.3 -2.6
v -1.4 -5.3 -2.8
v -1.4 -4.7 2.6
v -1.4 -4.7 2.4
v -1.4 -4.7 -2.4
v -1.4 -4.7 -2.6
v -1.4 -4.5 2.6
v -1.4 -4.5 2.4
v -1.4 -4.5 -2.4
v -1.4 -4.5 -2.6
v -1.4 -4.3 2.4
v -1.4 -4.3 2.2
v -1.4 -4.3 -2.2
v -1.4 -4.3 -2.4
v -1.4 -4.1 2.4
v -1.4 -4.1 2.2
v -1.4 -4.1 -2.2
v -1.4 -4.1 -2.4
v -1.4 -3.9 2.2
v -1.4 -3.9 2
v -1.4 -3.9 -2
v -1.4 -3.9 -2.2
v -1.4 -3.7 2.2
v -1.4 -3.7 2
v -1.4 -3.7 1.8
v -1.4 -3.7 -1.8
v -1.4 -3.7 -2
v -1.4 -3.7 -2.2
v -1.4 -3.5 2
v -1.4 -3.5 1.8
v -1.4 -3.5 1.6
v -1.4 -3.5 -1.6
v -1.4 -3.5 -1.8
v -1.4 -3.5 -2
v -1.4 -3.3 1.8
v -1.4 -3.3 1.6
v -1.4 -3.3 1.4
v -1.4 -3.3 1.2
v -1.4 -3.3 -1.2
v -1.4 -3.3 -1.4
v -1.4 -3.3 -1.6
v -1.4 -3.3 -1.8
v -1.4 -3.1 1.4
v -1.4 -3.1 1.2
v -1.4 -3.1 1
v -1.4 -3.1 0.8
v -1.4 -3.1 -0.8
v -1.4 -3.1 -1
v -1.4 -3.1 -1.2
v -1.4 -3.1 -1.4
v -1.4 -2.9 1
v -1.4 -2.9 0.8
v -1.4 -2.9 0.2
v -1.4 -2.9 -2.38419e-07
v -1.4 -2.9 -0.2
v -1.4 -2.9 -0.8
v -1.4 -2.9 -1
v -1.4 -2.7 0.2
v -1.4 -2.7 -2.38419e-07
v -1.4 -2.7 -0.2
v -1.2 -8.3 0.8
v -1.2 -8.3 0.6
v -1.2 -8.3 0.4
v -1.2 -8.3 0.2
v -1.2 -8.3 -0.2
v -1.2 -8.3 -0.4
v -1.2 -8.3 -0.6
v -1.2 -8.3 -0.8
v -1.2 -8.1 1.2
v -1.2 -8.1 1
v -1.2 -8.1 0.8
v -1.2 -8.1 0.6
v -1.2 -8.1 0.4
v -1.2 -8.1 0.2
v -1.2 -8.1 -0.2
v -1.2 -8.1 -0.4
v -1.2 -8.1 -0.6
v -1.2 -8.1 -0.8
v -1.2 -8.1 -1
v -1.2 -8.1 -1.2
v -1.2 -7.9 1.6
v -1.2 -7.9 1.4
v -1.2 -7.9 1.2
v -1.2 -7.9 1
v -1.2 -7.9 -1
v -1.2 -7.9 -1.2
v -1.2 -7.9 -1.4
v -1.2 -7.9 -1.6
v -1.2 -7.7 1.6
v -1.2 -7.7 1.4
v -1.2 -7.7 -1.4
v -1.2 -7.7 -1.6
v -1.2 -7.1 2.4
v -1.2 -7.1 2.2
v -1.2 -7.1 -2.2
v -1.2 -7.1 -2.4
v -1.2 -6.9 2.4
v -1.2 -6.9 2.2
v -1.2 -6.9 -2.2
v -1.2 -6.9 -2.4
v -1.2 -6.7 2.6
v -1.2 -6.7 2.4
v -1.2 -6.7 -2.4
v -1.2 -6.7 -2.6
v -1.2 -6.5 2.6
v -1.2 -6.5 2.4
v -1.2 -6.5 -2.4
v -1.2 -6.5 -2.6
v -1.2 -6.3 2.8
v -1.2 -6.3 2.6
v -1.2 -6.3 -2.6
v -1.2 -6.3 -2.8
v -1.2 -6.1 2.8
v -1.2 -6.1 2.6
v -1.2 -6.1 -2.6
v -1.2 -6.1 -2.8
v -1.2 -5.9 2.8
v -1.2 -5.9 2.6
v -1.2 -5.9 -2.6
v -1.2 -5.9 -2.8
v -1.2 -5.7 2.8
v -1.2 -5.7 2.6
v -1.2 -5.7 -2.6
v -1.2 -5.7 -2.8
v -1.2 -5.3 2.8
v -1.2 -5.3 2.6
v -1.2 -5.3 -2.6
v -1.2 -5.3 -2.8
v -1.2 -5.1 2.8
v -1.2 -5.1 2.6
v -1.2 -5.1 -2.6
v -1.2 -5.1 -2.8
v -1.2 -4.9 2.8
v -1.2 -4.9 2.6
v -1.2 -4.9 -2.6
v -1.2 -4.9 -2.8
v -1.2 -4.7 2.8
v -1.2 -4.7 2.6
v -1.2 -4.7 -2.6
v -1.2 -4.7 -2.8
v -1.2 -4.5 2.6
v -1.2 -4.5 2.4
v -1.2 -4.5 -2.4
v -1.2 -4.5 -2.6
v -1.2 -4.3 2.6
v -1.2 -4.3 2.4
v -1.2 -4.3 -2.4
v -1.2 -4.3 -2.6
v -1.2 -4.1 2.4
v -1.2 -4.1 2.2
v -1.2 -4.1 -2.2
v -1.2 -4.1 -2.4
v -1.2 -3.9 2.4
v -1.2 -3.9 2.2
v -1.2 -3.9 -2.2
v -1.2 -3.9 -2.4
v -1.2 -3.3 1.6
v -1.2 -3.3 1.4
v -1.2 -3.3 -1.4
v -1.2 -3.3 -1.6
v -1.2 -3.1 1.6
v -1.2 -3.1 1.4
v -1.2 -3.1 1.2
v -1.2 -3.1 1
v -1.2 -3.1 -1
v -1.2 -3.1 -1.2
v -1.2 -3.1 -1.4
v -1.2 -3.1 -1.6
v -1.2 -2.9 1.2
v -1.2 -2.9 1
v -1.2 -2.9 0.8
v -1.2 -2.9 0.6
v -1.2 -2.9 0.4
v -1.2 -2.9 0.2
v -1.2 -2.9 -0.2
v -1.2 -2.9 -0.4
v -1.2 -2.9 -0.6
v -1.2 -2.9 -0.8
v -1.2 -2.9 -1
v -1.2 -2.9 -1.2
v -1.2 -2.7 0.8
v -1.2 -2.7 0.6
v -1.2 -2.7 0.4
v -1.2 -2.7 0.2
v -1.2 -2.7 -0.2
v -1.2 -2.7 -0.4
v -1.2 -2.7 -0.6
v -1.2 -2.7 -0.8
v -1 -8.3 1
v -1 -8.3 0.8
v -1 -8.3 -0.8
v -1 -8.3 -1
v -1 -8.1 1.4
v -1 -8.1 1.2
v -1 -8.1 1
v -1 -8.1 0.8
v -1 -8.1 -0.8
v -1 -8.1 -1
v -1 -8.1 -1.2
v -1 -8.1 -1.4
v -1 -7.9 1.8
v -1 -7.9 1.6
v -1 -7.9 1.4
v -1 -7.9 1.2
v -1 -7.9 -1.2
v -1 -7.9 -1.4
v -1 -7.9 -1.6
v -1 -7.9 -1.8
v -1 -7.7 2
v -1 -7.7 1.8
v -1 -7.7 1.6
v -1 -7.7 -1.6
v -1 -7.7 -1.8
v -1 -7.7 -2
v -1 -7.5 2.2
v -1 -7.5 2
v -1 -7.5 1.8
v -1 -7.5 -1.8
v -1 -7.5 -2
v -1 -7.5 -2.2
v -1 -7.3 2.4
v -1 -7.3 2.2
v -1 -7.3 2
v -1 -7.3 -2
v -1 -7.3 -2.2
v -1 -7.3 -2.4
v -1 -7.1 2.4
v -1 -7.1 2.2
v -1 -7.1 -2.2
v -1 -7.1 -2.4
v -1 -6.9 2.6
v -1 -6.9 2.4
v -1 -6.9 -2.4
v -1 -6.9 -2.6
v -1 -6.7 2.6
v -1 -6.7 2.4
v -1 -6.7 -2.4
v -1 -6.7 -2.6
v -1 -6.5 2.8
v -1 -6.5 2.6
v -1 -6.5 -2.6
v -1 -6.5 -2.8
v -1 -6.3 2.8
v -1 -6.3 2.6
v -1 -6.3 -2.6
v -1 -6.3 -2.8
v -1 -4.7 2.8
v -1 -4.7 2.6
v -1 -4.7 -2.6
v -1 -4.7 -2.8
v -1 -4.5 2.8
v -1 -4.5 2.6
v -1 -4.5 -2.6
v -1 -4.5 -2.8
v -1 -4.3 2.6
v -1 -4.3 2.4
v -1 -4.3 -2.4
v -1 -4.3 -2.6
v -1 -4.1 2.6
v -1 -4.1 2.4
v -1 -4.1 -2.4
v -1 -4.1 -2.6
v -1 -3.9 2.4
v -1 -3.9 2.2
v -1 -3.9 -2.2
v -1 -3.9 -2.4
v -1 -3.7 2.4
v -1 -3.7 2.2
v -1 -3.7 2
v -1 -3.7 -2
v -1 -3.7 -2.2
v -1 -3.7 -2.4
v -1 -3.5 2.2
v -1 -3.5 2
v -1 -3.5 1.8
v -1 -3.5 -1.8
v -1 -3.5 -2
v -1 -3.5 -2.2
v -1 -3.3 2
v -1 -3.3 1.8
v -1 -3.3 1.6
v -1 -3.3 -1.6
v -1 -3.3 -1.8
v -1 -3.3 -2
v -1 -3.1 1.8
v -1 -3.1 1.6
v -1 -3.1 1.4
v -1 -3.1 1.2
v -1 -3.1 -1.2
v -1 -3.1 -1.4
v -1 -3.1 -1.6
v -1 -3.1 -1.8
v -1 -2.9 1.4
v -1 -2.9 1.2
v -1 -2.9 1
v -1 -2.9 0.8
v -1 -2.9 -0.8
v -1 -2.9 -1
v -1 -2.9 -1.2
v -1 -2.9 -1.4
v -1 -2.7 1
v -1 -2.7 0.8
v -1 -2.7 -0.8
v -1 -2.7 -1
v -0.8 -8.5 0.4
v -0.8 -8.5 0.2
v -0.8 -8.5 -2.38419e-07
v -0.8 -8.5 -0.2
v -0.8 -8.5 -0.4
v -0.8 -8.3 1.2
v -0.8 -8.3 1
v -0.8 -8.3 0.4
v -0.8 -8.3 0.2
v -0.8 -8.3 -2.38419e-07
v -0.8 -8.3 -0.2
v -0.8 -8.3 -0.4
v -0.8 -8.3 -1
v -0.8 -8.3 -1.2
v -0.8 -8.1 1.6
v -0.8 -8.1 1.4
v -0.8 -8.1 1.2
v -0.8 -8.1 1
v -0.8 -8.1 -1
v -0.8 -8.1 -1.2
v -0.8 -8.1 -1.4
v -0.8 -8.1 -1.6
v -0.8 -7.9 1.6
v -0.8 -7.9 1.4
v -0.8 -7.9 -1.4
v -0.8 -7.9 -1.6
v -0.8 -7.1 2.6
v -0.8 -7.1 2.4
v -0.8 -7.1 -2.4
v -0.8 -7.1 -2.6
v -0.8 -6.9 2.6
v -0.8 -6.9 2.4
v -0.8 -6.9 -2.4
v -0.8 -6.9 -2.6
v -0.8 -6.7 2.8
v -0.8 -6.7 2.6
v -0.8 -6.7 -2.6
v -0.8 -6.7 -2.8
v -0.8 -6.5 2.8
v -0.8 -6.5 2.6
v -0.8 -6.5 -2.6
v -0.8 -6.5 -2.8
v -0.8 -5.9 3
v -0.8 -5.9 2.8
v -0.8 -5.9 -2.8
v -0.8 -5.9 -3
v -0.8 -5.7 3
v -0.8 -5.7 2.8
v -0.8 -5.7 -2.8
v -0.8 -5.7 -3
v -0.8 -5.5 3
v -0.8 -5.5 2.8
v -0.8 -5.5 -2.8
v -0.8 -5.5 -3
v -0.8 -5.3 3
v -0.8 -5.3 2.8
v -0.8 -5.3 -2.8
v -0.8 -5.3 -3
v -0.8 -5.1 3
v -0.8 -5.1 2.8
v -0.8 -5.1 -2.8
v -0.8 -5.1 -3
v -0.8 -4.5 2.8
v -0.8 -4.5 2.6
v -0.8 -4.5 -2.6
v -0.8 -4.5 -2.8
v -0.8 -4.3 2.8
v -0.8 -4.3 2.6
v -0.8 -4.3 -2.6
v -0.8 -4.3 -2.8
v -0.8 -4.1 2.6
v -0.8 -4.1 2.4
v -0.8 -4.1 -2.4
v -0.8 -4.1 -2.6
v -0.8 -3.9 2.6
v -0.8 -3.9 2.4
v -0.8 -3.9 -2.4
v -0.8 -3.9 -2.6
v -0.8 -3.1 1.6
v -0.8 -3.1 1.4
v -0.8 -3.1 -1.4
v -0.8 -3.1 -1.6
v -0.8 -2.9 1.6
v -0.8 -2.9 1.4
v -0.8 -2.9 1.2
v -0.8 -2.9 1
v -0.8 -2.9 -1
v -0.8 -2.9 -1.2
v -0.8 -2.9 -1.4
v -0.8 -2.9 -1.6
v -0.8 -2.7 1.2
v -0.8 -2.7 1
v -0.8 -2.7 0.4
v -0.8 -2.7 0.2
v -0.8 -2.7 -2.38419e-07
v -0.8 -2.7 -0.2
v -0.8 -2.7 -0.4
v -0.8 -2.7 -1
v -0.8 -2.7 -1.2
v -0.8 -2.5 0.4
v -0.8 -2.5 0.2
v -0.8 -2.5 -2.38419e-07
v -0.8 -2.5 -0.2
v -0.8 -2.5 -0.4
v -0.6 -8.5 0.6
v -0.6 -8.5 0.4
v -0.6 -8.5 -0.4
v -0.6 -8.5 -0.6
v -0.6 -8.3 0.6
v -0.6 -8.3 0.4
v -0.6 -8.3 -0.4
v -0.6 -8.3 -0.6
v -0.6 -6.1 3
v -0.6 -6.1 2.8
v -0.6 -6.1 -2.8
v -0.6 -6.1 -3
v -0.6 -5.9 3
v -0.6 -5.9 2.8
v -0.6 -5.9 -2.8
v -0.6 -5.9 -3
v -0.6 -5.1 3
v -0.6 -5.1 2.8
v -0.6 -5.1 -2.8
v -0.6 -5.1 -3
v -0.6 -4.9 3
v -0.6 -4.9 2.8
v -0.6 -4.9 -2.8
v -0.6 -4.9 -3
v -0.6 -2.7 0.6
v -0.6 -2.7 0.4
v -0.6 -2.7 -0.4
v -0.6 -2.7 -0.6
v -0.6 -2.5 0.6
v -0.6 -2.5 0.4
v -0.6 -2.5 -0.4
v -0.6 -2.5 -0.6
v -0.4 -8.5 0.8
v -0.4 -8.5 0.6
v -0.4 -8.5 -0.6
v -0.4 -8.5 -0.8
v -0.4 -8.3 0.8
v -0.4 -8.3 0.6
v -0.4 -8.3 -0.6
v -0.4 -8.3 -0.8
v -0.4 -7.9 2
v -0.4 -7.9 1.8
v -0.4 -7.9 -1.8
v -0.4 -7.9 -2
v -0.4 -7.7 2.2
v -0.4 -7.7 2
v -0.4 -7.7 1.8
v -0.4 -7.7 -1.8
v -0.4 -7.7 -2
v -0.4 -7.7 -2.2
v -0.4 -7.5 2.4
v -0.4 -7.5 2.2
v -0.4 -7.5 2
v -0.4 -7.5 -2
v -0.4 -7.5 -2.2
v -0.4 -7.5 -2.4
v -0.4 -7.3 2.4
v -0.4 -7.3 2.2
v -0.4 -7.3 -2.2
v -0.4 -7.3 -2.4
v -0.4 -6.3 3
v -0.4 -6.3 2.8
v -0.4 -6.3 -2.8
v -0.4 -6.3 -3
v -0.4 -6.1 3
v -0.4 -6.1 2.8
v -0.4 -6.1 -2.8
v -0.4 -6.1 -3
v -0.4 -4.9 3
v -0.4 -4.9 2.8
v -0.4 -4.9 -2.8
v -0.4 -4.9 -3
v -0.4 -4.7 3
v -0.4 -4.7 2.8
v -0.4 -4.7 -2.8
v -0.4 -4.7 -3
v -0.4 -3.7 2.4
v -0.4 -3.7 2.2
v -0.4 -3.7 -2.2
v -0.4 -3.7 -2.4
v -0.4 -3.5 2.4
v -0.4 -3.5 2.2
v -0.4 -3.5 2
v -0.4 -3.5 -2
v -0.4 -3.5 -2.2
v -0.4 -3.5 -2.4
v -0.4 -3.3 2.2
v -0.4 -3.3 2
v -0.4 -3.3 1.8
v -0.4 -3.3 -1.8
v -0.4 -3.3 -2
v -0.4 -3.3 -2.2
v -0.4 -3.1 2
v -0.4 -3.1 1.8
v -0.4 -3.1 -1.8
v -0.4 -3.1 -2
v -0.4 -2.7 0.8
v -0.4 -2.7 0.6
v -0.4 -2.7 -0.6
v -0.4 -2.7 -0.8
v -0.4 -2.5 0.8
v -0.4 -2.5 0.6
v -0.4 -2.5 -0.6
v -0.4 -2.5 -0.8
v -0.2 -8.3 1.4
v -0.2 -8.3 1.2
v -0.2 -8.3 -1.2
v -0.2 -8.3 -1.4
v -0.2 -8.1 1.4
v -0.2 -8.1 1.2
v -0.2 -8.1 -1.2
v -0.2 -8.1 -1.4
v -0.2 -6.9 2.8
v -0.2 -6.9 2.6
v -0.2 -6.9 -2.6
v -0.2 -6.9 -2.8
v -0.2 -6.7 2.8
v -0.2 -6.7 2.6
v -0.2 -6.7 -2.6
v -0.2 -6.7 -2.8
v -0.2 -4.3 2.8
v -0.2 -4.3 2.6
v -0.2 -4.3 -2.6
v -0.2 -4.3 -2.8
v -0.2 -4.1 2.8
v -0.2 -4.1 2.6
v -0.2 -4.1 -2.6
v -0.2 -4.1 -2.8
v -0.2 -2.9 1.4
v -0.2 -2.9 1.2
v -0.2 -2.9 -1.2
v -0.2 -2.9 -1.4
v -0.2 -2.7 1.4
v -0.2 -2.7 1.2
v -0.2 -2.7 -1.2
v -0.2 -2.7 -1.4
v 0.2 -8.3 1.4
v 0.2 -8.3 1.2
v 0.2 -8.3 -1.2
v 0.2 -8.3 -1.4
v 0.2 -8.1 1.4
v 0.2 -8.1 1.2
v 0.2 -8.1 -1.2
v 0.2 -8.1 -1.4
v 0.2 -6.9 2.8
v 0.2 -6.9 2.6
v 0.2 -6.9 -2.6
v 0.2 -6.9 -2.8
v 0.2 -6.7 2.8
v 0.2 -6.7 2.6
v 0.2 -6.7 -2.6
v 0.2 -6.7 -2.8
v 0.2 -4.3 2.8
v 0.2 -4.3 2.6
v 0.2 -4.3 -2.6
v 0.2 -4.3 -2.8
v 0.2 -4.1 2.8
v 0.2 -4.1 2.6
v 0.2 -4.1 -2.6
v 0.2 -4.1 -2.8
v 0.2 -2.9 1.4
v 0.2 -2.9 1.2
v 0.2 -2.9 -1.2
v 0.2 -2.9 -1.4
v 0.2 -2.7 1.4
v 0.2 -2.7 1.2
v 0.2 -2.7 -1.2
v 0.2 -2.7 -1.4
v 0.4 -8.5 0.8
v 0.4 -8.5 0.6
v 0.4 -8.5 -0.6
v 0.4 -8.5 -0.8
v 0.4 -8.3 0.8
v 0.4 -8.3 0.6
v 0.4 -8.3 -0.6
v 0.4 -8.3 -0.8
v 0.4 -7.9 2
v 0.4 -7.9 1.8
v 0.4 -7.9 -1.8
v 0.4 -7.9 -2
v 0.4 -7.7 2.2
v 0.4 -7.7 2
v 0.4 -7.7 1.8
v 0.4 -7.7 -1.8
v 0.4 -7.7 -2
v 0.4 -7.7 -2.2
v 0.4 -7.5 2.4
v 0.4 -7.5 2.2
v 0.4 -7.5 2
v 0.4 -7.5 -2
v 0.4 -7.5 -2.2
v 0.4 -7.5 -2.4
v 0.4 -7.3 2.4
v 0.4 -7.3 2.2
v 0.4 -7.3 -2.2
v 0.4 -7.3 -2.4
v 0.4 -6.3 3
v 0.4 -6.3 2.8
v 0.4 -6.3 -2.8
v 0.4 -6.3 -3
v 0.4 -6.1 3
v 0.4 -6.1 2.8
v 0.4 -6.1 -2.8
v 0.4 -6.1 -3
v 0.4 -4.9 3
v 0.4 -4.9 2.8
v 0.4 -4.9 -2.8
v 0.4 -4.9 -3
v 0.4 -4.7 3
v 0.4 -4.7 2.8
v 0.4 -4.7 -2.8
v 0.4 -4.7 -3
v 0.4 -3.7 2.4
v 0.4 -3.7 2.2
v 0.4 -3.7 -2.2
v 0.4 -3.7 -2.4
v 0.4 -3.5 2.4
v 0.4 -3.5 2.2
v 0.4 -3.5 2
v 0.4 -3.5 -2
v 0.4 -3.5 -2.2
v 0.4 -3.5 -2.4
v 0.4 -3.3 2.2
v 0.4 -3.3 2
v 0.4 -3.3 1.8
v 0.4 -3.3 -1.8
v 0.4 -3.3 -2
v 0.4 -3.3 -2.2
v 0.4 -3.1 2
v 0.4 -3.1 1.8
v 0.4 -3.1 -1.8
v 0.4 -3.1 -2
v 0.4 -2.7 0.8
v 0.4 -2.7 0.6
v 0.4 -2.7 -0.6
v 0.4 -2.7 -0.8
v 0.4 -2.5 0.8
v 0.4 -2.5 0.6
v 0.4 -2.5 -0.6
v 0.4 -2.5 -0.8
v 0.6 -8.5 0.6
v 0.6 -8.5 0.4
v 0.6 -8.5 -0.4
v 0.6 -8.5 -0.6
v 0.6 -8.3 0.6
v 0.6 -8.3 0.4
v 0.6 -8.3 -0.4
v 0.6 -8.3 -0.6
v 0.6 -6.1 3
v 0.6 -6.1 2.8
v 0.6 -6.1 -2.8
v 0.6 -6.1 -3
v 0.6 -5.9 3
v 0.6 -5.9 2.8
v 0.6 -5.9 -2.8
v 0.6 -5.9 -3
v 0.6 -5.1 3
v 0.6 -5.1 2.8
v 0.6 -5.1 -2.8
v 0.6 -5.1 -3
v 0.6 -4.9 3
v 0.6 -4.9 2.8
v 0.6 -4.9 -2.8
v 0.6 -4.9 -3
v 0.6 -2.7 0.6
v 0.6 -2.7 0.4
v 0.6 -2.7 -0.4
v 0.6 -2.7 -0.6
v 0.6 -2.5 0.6
v 0.6 -2.5 0.4
v 0.6 -2.5 -0.4
v 0.6 -2.5 -0.6
v 0.8 -8.5 0.4
v 0.8 -8.5 0.2
v 0.8 -8.5 -2.38419e-07
v 0.8 -8.5 -0.2
v 0.8 -8.5 -0.4
v 0.8 -8.3 1.2
v 0.8 -8.3 1
v 0.8 -8.3 0.4
v 0.8 -8.3 0.2
v 0.8 -8.3 -2.38419e-07
v 0.8 -8.3 -0.2
v 0.8 -8.3 -0.4
v 0.8 -8.3 -1
v 0.8 -8.3 -1.2
v 0.8 -8.1 1.6
v 0.8 -8.1 1.4
v 0.8 -8.1 1.2
v 0.8 -8.1 1
v 0.8 -8.1 -1
v 0.8 -8.1 -1.2
v 0.8 -8.1 -1.4
v 0.8 -8.1 -1.6
v 0.8 -7.9 1.6
v 0.8 -7.9 1.4
v 0.8 -7.9 -1.4
v 0.8 -7.9 -1.6
v 0.8 -7.1 2.6
v 0.8 -7.1 2.4
v 0.8 -7.1 -2.4
v 0.8 -7.1 -2.6
v 0.8 -6.9 2.6
v 0.8 -6.9 2.4
v 0.8 -6.9 -2.4
v 0.8 -6.9 -2.6
v 0.8 -6.7 2.8
v 0.8 -6.7 2.6
v 0.8 -6.7 -2.6
v 0.8 -6.7 -2.8
v 0.8 -6.5 2.8
v 0.8 -6.5 2.6
v 0.8 -6.5 -2.6
v 0.8 -6.5 -2.8
v 0.8 -5.9 3
v 0.8 -5.9 2.8
v 0.8 -5.9 -2.8
v 0.8 -5.9 -3
v 0.8 -5.7 3
v 0.8 -5.7 2.8
v 0.8 -5.7 -2.8
v 0.8 -5.7 -3
v 0.8 -5.5 3
v 0.8 -5.5 2.8
v 0.8 -5.5 -2.8
v 0.8 -5.5 -3
v 0.8 -5.3 3
v 0.8 -5.3 2.8
v 0.8 -5.3 -2.8
v 0.8 -5.3 -3
v 0.8 -5.1 3
v 0.8 -5.1 2.8
v 0.8 -5.1 -2.8
v 0.8 -5.1 -3
v 0.8 -4.5 2.8
v 0.8 -4.5 2.6
v 0.8 -4.5 -2.6
v 0.8 -4.5 -2.8
v 0.8 -4.3 2.8
v 0.8 -4.3 2.6
v 0.8 -4.3 -2.6
v 0.8 -4.3 -2.8
v 0.8 -4.1 2.6
v 0.8 -4.1 2.4
v 0.8 -4.1 -2.4
v 0.8 -4.1 -2.6
v 0.8 -3.9 2.6
v 0.8 -3.9 2.4
v 0.8 -3.9 -2.4
v 0.8 -3.9 -2.6
v 0.8 -3.1 1.6
v 0.8 -3.1 1.4
v 0.8 -3.1 -1.4
v 0.8 -3.1 -1.6
v 0.8 -2.9 1.6
v 0.8 -2.9 1.4
v 0.8 -2.9 1.2
v 0.8 -2.9 1
v 0.8 -2.9 -1
v 0.8 -2.9 -1.2
v 0.8 -2.9 -1.4
v 0.8 -2.9 -1.6
v 0.8 -2.7 1.2
v 0.8 -2.7 1
v 0.8 -2.7 0.4
v 0.8 -2.7 0.2
v 0.8 -2.7 -2.38419e-07
v 0.8 -2.7 -0.2
v 0.8 -2.7 -0.4
v 0.8 -2.7 -1
v 0.8 -2.7 -1.2
v 0.8 -2.5 0.4
v 0.8 -2.5 0.2
v 0.8 -2.5 -2.38419e-07
v 0.8 -2.5 -0.2
v 0.8 -2.5 -0.4
v 1 -8.3 1
v 1 -8.3 0.8
v 1 -8.3 -0.8
v 1 -8.3 -1
v 1 -8.1 1.4
v 1 -8.1 1.2
v 1 -8.1 1
v 1 -8.1 0.8
v 1 -8.1 -0.8
v 1 -8.1 -1
v 1 -8.1 -1.2
v 1 -8.1 -1.4
v 1 -7.9 1.8
v 1 -7.9 1.6
v 1 -7.9 1.4
v 1 -7.9 1.2
v 1 -7.9 -1.2
v 1 -7.9 -1.4
v 1 -7.9 -1.6
v 1 -7.9 -1.8
v 1 -7.7 2
v 1 -7.7 1.8
v 1 -7.7 1.6
v 1 -7.7 -1.6
v 1 -7.7 -1.8
v 1 -7.7 -2
v 1 -7.5 2.2
v 1 -7.5 2
v 1 -7.5 1.8
v 1 -7.5 -1.8
v 1 -7.5 -2
v 1 -7.5 -2.2
v 1 -7.3 2.4
v 1 -7.3 2.2
v 1 -7.3 2
v 1 -7.3 -2
v 1 -7.3 -2.2
v 1 -7.3 -2.4
v 1 -7.1 2.4
v 1 -7.1 2.2
v 1 -7.1 -2.2
v 1 -7.1 -2.4
v 1 -6.9 2.6
v 1 -6.9 2.4
v 1 -6.9 -2.4
v 1 -6.9 -2.6
v 1 -6.7 2.6
v 1 -6.7 2.4
v 1 -6.7 -2.4
v 1 -6.7 -2.6
v 1 -6.5 2.8
v 1 -6.5 2.6
v 1 -6.5 -2.6
v 1 -6.5 -2.8
v 1 -6.3 2.8
v 1 -6.3 2.6
v 1 -6.3 -2.6
v 1 -6.3 -2.8
v 1 -4.7 2.8
v 1 -4.7 2.6
v 1 -4.7 -2.6
v 1 -4.7 -2.8
v 1 -4.5 2.8
v 1 -4.5 2.6
v 1 -4.5 -2.6
v 1 -4.5 -2.8
v 1 -4.3 2.6
v 1 -4.3 2.4
v 1 -4.3 -2.4
v 1 -4.3 -2.6
v 1 -4.1 2.6
v 1 -4.1 2.4
v 1 -4.1 -2.4
v 1 -4.1 -2.6
v 1 -3.9 2.4
v 1 -3.9 2.2
v 1 -3.9 -2.2
v 1 -3.9 -2.4
v 1 -3.7 2.4
v 1 -3.7 2.2
v 1 -3.7 2
v 1 -3.7 -2
v 1 -3.7 -2.2
v 1 -3.7 -2.4
v 1 -3.5 2.2
v 1 -3.5 2
v 1 -3.5 1.8
v 1 -3.5 -1.8
v 1 -3.5 -2
v 1 -3.5 -2.2
v 1 -3.3 2
v 1 -3.3 1.8
v 1 -3.3 1.6
v 1 -3.3 -1.6
v 1 -3.3 -1.8
v 1 -3.3 -2
v 1 -3.1 1.8
v 1 -3.1 1.6
v 1 -3.1 1.4
v 1 -3.1 1.2
v 1 -3.1 -1.2
v 1 -3.1 -1.4
v 1 -3.1 -1.6
v 1 -3.1 -1.8
v 1 -2.9 1.4
v 1 -2.9 1.2
v 1 -2.9 1
v 1 -2.9 0.8
v 1 -2.9 -0.8
v 1 -2.9 -1
v 1 -2.9 -1.2
v 1 -2.9 -1.4
v 1 -2.7 1
v 1 -2.7 0.8
v 1 -2.7 -0.8
v 1 -2.7 -1
v 1.2 -8.3 0.8
v 1.2 -8.3 0.6
v 1.2 -8.3 0.4
v 1.2 -8.3 0.2
v 1.2 -8.3 -0.2
v 1.2 -8.3 -0.4
v 1.2 -8.3 -0.6
v 1.2 -8.3 -0.8
v 1.2 -8.1 1.2
v 1.2 -8.1 1
v 1.2 -8.1 0.8
v 1.2 -8.1 0.6
v 1.2 -8.1 0.4
v 1.2 -8.1 0.2
v 1.2 -8.1 -0.2
v 1.2 -8.1 -0.4
v 1.2 -8.1 -0.6
v 1.2 -8.1 -0.8
v 1.2 -8.1 -1
v 1.2 -8.1 -1.2
v 1.2 -7.9 1.6
v 1.2 -7.9 1.4
v 1.2 -7.9 1.2
v 1.2 -7.9 1
v 1.2 -7.9 -1
v 1.2 -7.9 -1.2
v 1.2 -7.9 -1.4
v 1.2 -7.9 -1.6
v 1.2 -7.7 1.6
v 1.2 -7.7 1.4
v 1.2 -7.7 -1.4
v 1.2 -7.7 -1.6
v 1.2 -7.1 2.4
v 1.2 -7.1 2.2
v 1.2 -7.1 -2.2
v 1.2 -7.1 -2.4
v 1.2 -6.9 2.4
v 1.2 -6.9 2.2
v 1.2 -6.9 -2.2
v 1.2 -6.9 -2.4
v 1.2 -6.7 2.6
v 1.2 -6.7 2.4
v 1.2 -6.7 -2.4
v 1.2 -6.7 -2.6
v 1.2 -6.5 2.6
v 1.2 -6.5 2.4
v 1.2 -6.5 -2.4
v 1.2 -6.5 -2.6
v 1.2 -6.3 2.8
v 1.2 -6.3 2.6
v 1.2 -6.3 -2.6
v 1.2 -6.3 -2.8
v 1.2 -6.1 2.8
v 1.2 -6.1 2.6
v 1.2 -6.1 -2.6
v 1.2 -6.1 -2.8
v 1.2 -5.9 2.8
v 1.2 -5.9 2.6
v 1.2 -5.9 -2.6
v 1.2 -5.9 -2.8
v 1.2 -5.7 2.8
v 1.2 -5.7 2.6
v 1.2 -5.7 -2.6
v 1.2 -5.7 -2.8
v 1.2 -5.3 2.8
v 1.2 -5.3 2.6
v 1.2 -5.3 -2.6
v 1.2 -5.3 -2.8
v 1.2 -5.1 2.8
v 1.2 -5.1 2.6
v 1.2 -5.1 -2.6
v 1.2 -5.1 -2.8
v 1.2 -4.9 2.8
v 1.2 -4.9 2.6
v 1.2 -4.9 -2.6
v 1.2 -4.9 -2.8
v 1.2 -4.7 2.8
v 1.2 -4.7 2.6
v 1.2 -4.7 -2.6
v 1.2 -4.7 -2.8
v 1.2 -4.5 2.6
v 1.2 -4.5 2.4
v 1.2 -4.5 -2.4
v 1.2 -4.5 -2.6
v 1.2 -4.3 2.6
v 1.2 -4.3 2.4
v 1.2 -4.3 -2.4
v 1.2 -4.3 -2.6
v 1.2 -4.1 2.4
v 1.2 -4.1 2.2
v 1.2 -4.1 -2.2
v 1.2 -4.1 -2.4
v 1.2 -3.9 2.4
v 1.2 -3.9 2.2
v 1.2 -3.9 -2.2
v 1.2 -3.9 -2.4
v 1.2 -3.3 1.6
v 1.2 -3.3 1.4
v 1.2 -3.3 -1.4
v 1.2 -3.3 -1.6
v 1.2 -3.1 1.6
v 1.2 -3.1 1.4
v 1.2 -3.1 1.2
v 1.2 -3.1 1
v 1.2 -3.1 -1
v 1.2 -3.1 -1.2
v 1.2 -3.1 -1.4
v 1.2 -3.1 -1.6
v 1.2 -2.9 1.2
v 1.2 -2.9 1
v 1.2 -2.9 0.8
v 1.2 -2.9 0.6
v 1.2 -2.9 0.4
v 1.2 -2.9 0.2
v 1.2 -2.9 -0.2
v 1.2 -2.9 -0.4
v 1.2 -2.9 -0.6
v 1.2 -2.9 -0.8
v 1.2 -2.9 -1
v 1.2 -2.9 -1.2
v 1.2 -2.7 0.8
v 1.2 -2.7 0.6
v 1.2 -2.7 0.4
v 1.2 -2.7 0.2
v 1.2 -2.7 -0.2
v 1.2 -2.7 -0.4
v 1.2 -2.7 -0.6
v 1.2 -2.7 -0.8
v 1.4 -8.3 0.2
v 1.4 -8.3 -2.38419e-07
v 1.4 -8.3 -0.2
v 1.4 -8.1 1
v 1.4 -8.1 0.8
v 1.4 -8.1 0.2
v 1.4 -8.1 -2.38419e-07
v 1.4 -8.1 -0.2
v 1.4 -8.1 -0.8
v 1.4 -8.1 -1
v 1.4 -7.9 1.4
v 1.4 -7.9 1.2
v 1.4 -7.9 1
v 1.4 -7.9 0.8
v 1.4 -7.9 -0.8
v 1.4 -7.9 -1
v 1.4 -7.9 -1.2
v 1.4 -7.9 -1.4
v 1.4 -7.7 1.8
v 1.4 -7.7 1.6
v 1.4 -7.7 1.4
v 1.4 -7.7 1.2
v 1.4 -7.7 -1.2
v 1.4 -7.7 -1.4
v 1.4 -7.7 -1.6
v 1.4 -7.7 -1.8
v 1.4 -7.5 2
v 1.4 -7.5 1.8
v 1.4 -7.5 1.6
v 1.4 -7.5 -1.6
v 1.4 -7.5 -1.8
v 1.4 -7.5 -2
v 1.4 -7.3 2.2
v 1.4 -7.3 2
v 1.4 -7.3 1.8
v 1.4 -7.3 -1.8
v 1.4 -7.3 -2
v 1.4 -7.3 -2.2
v 1.4 -7.1 2.2
v 1.4 -7.1 2
v 1.4 -7.1 -2
v 1.4 -7.1 -2.2
v 1.4 -6.9 2.4
v 1.4 -6.9 2.2
v 1.4 -6.9 -2.2
v 1.4 -6.9 -2.4
v 1.4 -6.7 2.4
v 1.4 -6.7 2.2
v 1.4 -6.7 -2.2
v 1.4 -6.7 -2.4
v 1.4 -6.5 2.6
v 1.4 -6.5 2.4
v 1.4 -6.5 -2.4
v 1.4 -6.5 -2.6
v 1.4 -6.3 2.6
v 1.4 -6.3 2.4
v 1.4 -6.3 -2.4
v 1.4 -6.3 -2.6
v 1.4 -5.7 2.8
v 1.4 -5.7 2.6
v 1.4 -5.7 -2.6
v 1.4 -5.7 -2.8
v 1.4 -5.5 2.8
v 1.4 -5.5 2.6
v 1.4 -5.5 -2.6
v 1.4 -5.5 -2.8
v 1.4 -5.3 2.8
v 1.4 -5.3 2.6
v 1.4 -5.3 -2.6
v 1.4 -5.3 -2.8
v 1.4 -4.7 2.6
v 1.4 -4.7 2.4
v 1.4 -4.7 -2.4
v 1.4 -4.7 -2.6
v 1.4 -4.5 2.6
v 1.4 -4.5 2.4
v 1.4 -4.5 -2.4
v 1.4 -4.5 -2.6
v 1.4 -4.3 2.4
v 1.4 -4.3 2.2
v 1.4 -4.3 -2.2
v 1.4 -4.3 -2.4
v 1.4 -4.1 2.4
v 1.4 -4.1 2.2
v 1.4 -4.1 -2.2
v 1.4 -4.1 -2.4
v 1.4 -3.9 2.2
v 1.4 -3.9 2
v 1.4 -3.9 -2
v 1.4 -3.9 -2.2
v 1.4 -3.7 2.2
v 1.4 -3.7 2
v 1.4 -3.7 1.8
v 1.4 -3.7 -1.8
v 1.4 -3.7 -2
v 1.4 -3.7 -2.2
v 1.4 -3.5 2
v 1.4 -3.5 1.8
v 1.4 -3.5 1.6
v 1.4 -3.5 -1.6
v 1.4 -3.5 -1.8
v 1.4 -3.5 -2
v 1.4 -3.3 1.8
v 1.4 -3.3 1.6
v 1.4 -3.3 1.4
v 1.4 -3.3 1.2
v 1.4 -3.3 -1.2
v 1.4 -3.3 -1.4
v 1.4 -3.3 -1.6
v 1.4 -3.3 -1.8
v 1.4 -3.1 1.4
v 1.4 -3.1 1.2
v 1.4 -3.1 1
v 1.4 -3.1 0.8
v 1.4 -3.1 -0.8
v 1.4 -3.1 -1
v 1.4 -3.1 -1.2
v 1.4 -3.1 -1.4
v 1.4 -2.9 1
v 1.4 -2.9 0.8
v 1.4 -2.9 0.2
v 1.4 -2.9 -2.38419e-07
v 1.4 -2.9 -0.2
v 1.4 -2.9 -0.8
v 1.4 -2.9 -1
v 1.4 -2.7 0.2
v 1.4 -2.7 -2.38419e-07
v 1.4 -2.7 -0.2
v 1.6 -8.1 0.8
v 1.6 -8.1 0.6
v 1.6 -8.1 0.4
v 1.6 -8.1 0.2
v 1.6 -8.1 -2.38419e-07
v 1.6 -8.1 -0.2
v 1.6 -8.1 -0.4
v 1.6 -8.1 -0.6
v 1.6 -8.1 -0.8
v 1.6 -7.9 1.2
v 1.6 -7.9 1
v 1.6 -7.9 0.8
v 1.6 -7.9 0.6
v 1.6 -7.9 0.4
v 1.6 -7.9 0.2
v 1.6 -7.9 -2.38419e-07
v 1.6 -7.9 -0.2
v 1.6 -7.9 -0.4
v 1.6 -7.9 -0.6
v 1.6 -7.9 -0.8
v 1.6 -7.9 -1
v 1.6 -7.9 -1.2
v 1.6 -7.7 1.6
v 1.6 -7.7 1.4
v 1.6 -7.7 1.2
v 1.6 -7.7 1
v 1.6 -7.7 -1
v 1.6 -7.7 -1.2
v 1.6 -7.7 -1.4
v 1.6 -7.7 -1.6
v 1.6 -7.5 1.8
v 1.6 -7.5 1.6
v 1.6 -7.5 1.4
v 1.6 -7.5 -1.4
v 1.6 -7.5 -1.6
v 1.6 -7.5 -1.8
v 1.6 -7.3 2
v 1.6 -7.3 1.8
v 1.6 -7.3 1.6
v 1.6 -7.3 -1.6
v 1.6 -7.3 -1.8
v 1.6 -7.3 -2
v 1.6 -7.1 2.2
v 1.6 -7.1 2
v 1.6 -7.1 1.8
v 1.6 -7.1 -1.8
v 1.6 -7.1 -2
v 1.6 -7.1 -2.2
v 1.6 -6.9 2.2
v 1.6 -6.9 2
v 1.6 -6.9 -2
v 1.6 -6.9 -2.2
v 1.6 -6.7 2.4
v 1.6 -6.7 2.2
v 1.6 -6.7 -2.2
v 1.6 -6.7 -2.4
v 1.6 -6.5 2.4
v 1.6 -6.5 2.2
v 1.6 -6.5 -2.2
v 1.6 -6.5 -2.4
v 1.6 -6.3 2.6
v 1.6 -6.3 2.4
v 1.6 -6.3 -2.4
v 1.6 -6.3 -2.6
v 1.6 -6.1 2.6
v 1.6 -6.1 2.4
v 1.6 -6.1 -2.4
v 1.6 -6.1 -2.6
v 1.6 -5.9 2.6
v 1.6 -5.9 2.4
v 1.6 -5.9 -2.4
v 1.6 -5.9 -2.6
v 1.6 -5.7 2.6
v 1.6 -5.7 2.4
v 1.6 -5.7 -2.4
v 1.6 -5.7 -2.6
v 1.6 -5.5 2.6
v 1.6 -5.5 2.4
v 1.6 -5.5 -2.4
v 1.6 -5.5 -2.6
v 1.6 -5.3 2.6
v 1.6 -5.3 2.4
v 1.6 -5.3 -2.4
v 1.6 -5.3 -2.6
v 1.6 -5.1 2.6
v 1.6 -5.1 2.4
v 1.6 -5.1 -2.4
v 1.6 -5.1 -2.6
v 1.6 -4.9 2.6
v 1.6 -4.9 2.4
v 1.6 -4.9 -2.4
v 1.6 -4.9 -2.6
v 1.6 -4.7 2.6
v 1.6 -4.7 2.4
v 1.6 -4.7 -2.4
v 1.6 -4.7 -2.6
v 1.6 -4.5 2.4
v 1.6 -4.5 2.2
v 1.6 -4.5 -2.2
v 1.6 -4.5 -2.4
v 1.6 -4.3 2.4
v 1.6 -4.3 2.2
v 1.6 -4.3 -2.2
v 1.6 -4.3 -2.4
v 1.6 -4.1 2.2
v 1.6 -4.1 2
v 1.6 -4.1 -2
v 1.6 -4.1 -2.2
v 1.6 -3.9 2.2
v 1.6 -3.9 2
v 1.6 -3.9 1.8
v 1.6 -3.9 -1.8
v 1.6 -3.9 -2
v 1.6 -3.9 -2.2
v 1.6 -3.7 2
v 1.6 -3.7 1.8
v 1.6 -3.7 1.6
v 1.6 -3.7 -1.6
v 1.6 -3.7 -1.8
v 1.6 -3.7 -2
v 1.6 -3.5 1.8
v 1.6 -3.5 1.6
v 1.6 -3.5 1.4
v 1.6 -3.5 -1.4
v 1.6 -3.5 -1.6
v 1.6 -3.5 -1.8
v 1.6 -3.3 1.6
v 1.6 -3.3 1.4
v 1.6 -3.3 1.2
v 1.6 -3.3 1
v 1.6 -3.3 -1
v 1.6 -3.3 -1.2
v 1.6 -3.3 -1.4
v 1.6 -3.3 -1.6
v 1.6 -3.1 1.2
v 1.6 -3.1 1
v 1.6 -3.1 0.8
v 1.6 -3.1 0.6
v 1.6 -3.1 0.4
v 1.6 -3.1 0.2
v 1.6 -3.1 -2.38419e-07
v 1.6 -3.1 -0.2
v 1.6 -3.1 -0.4
v 1.6 -3.1 -0.6
v 1.6 -3.1 -0.8
v 1.6 -3.1 -1
v 1.6 -3.1 -1.2
v 1.6 -2.9 0.8
v 1.6 -2.9 0.6
v 1.6 -2.9 0.4
v 1.6 -2.9 0.2
v 1.6 -2.9 -2.38419e-07
v 1.6 -2.9 -0.2
v 1.6 -2.9 -0.4
v 1.6 -2.9 -0.6
v 1.6 -2.9 -0.8
v 1.8 -7.9 1
v 1.8 -7.9 0.8
v 1.8 -7.9 0.6
v 1.8 -7.9 0.4
v 1.8 -7.9 -0.4
v 1.8 -7.9 -0.6
v 1.8 -7.9 -0.8
v 1.8 -7.9 -1
v 1.8 -7.7 1.4
v 1.8 -7.7 1.2
v 1.8 -7.7 1
v 1.8 -7.7 0.8
v 1.8 -7.7 0.6
v 1.8 -7.7 0.4
v 1.8 -7.7 -0.4
v 1.8 -7.7 -0.6
v 1.8 -7.7 -0.8
v 1.8 -7.7 -1
v 1.8 -7.7 -1.2
v 1.8 -7.7 -1.4
v 1.8 -7.5 1.6
v 1.8 -7.5 1.4
v 1.8 -7.5 1.2
v 1.8 -7.5 1
v 1.8 -7.5 -1
v 1.8 -7.5 -1.2
v 1.8 -7.5 -1.4
v 1.8 -7.5 -1.6
v 1.8 -7.3 1.8
v 1.8 -7.3 1.6
v 1.8 -7.3 1.4
v 1.8 -7.3 -1.4
v 1.8 -7.3 -1.6
v 1.8 -7.3 -1.8
v 1.8 -7.1 2
v 1.8 -7.1 1.8
v 1.8 -7.1 1.6
v 1.8 -7.1 -1.6
v 1.8 -7.1 -1.8
v 1.8 -7.1 -2
v 1.8 -6.9 2.2
v 1.8 -6.9 2
v 1.8 -6.9 1.8
v 1.8 -6.9 -1.8
v 1.8 -6.9 -2
v 1.8 -6.9 -2.2
v 1.8 -6.7 2.2
v 1.8 -6.7 2
v 1.8 -6.7 -2
v 1.8 -6.7 -2.2
v 1.8 -6.5 2.4
v 1.8 -6.5 2.2
v 1.8 -6.5 2
v 1.8 -6.5 -2
v 1.8 -6.5 -2.2
v 1.8 -6.5 -2.4
v 1.8 -6.3 2.4
v 1.8 -6.3 2.2
v 1.8 -6.3 -2.2
v 1.8 -6.3 -2.4
v 1.8 -6.1 2.4
v 1.8 -6.1 2.2
v 1.8 -6.1 -2.2
v 1.8 -6.1 -2.4
v 1.8 -5.9 2.4
v 1.8 -5.9 2.2
v 1.8 -5.9 -2.2
v 1.8 -5.9 -2.4
v 1.8 -5.1 2.4
v 1.8 -5.1 2.2
v 1.8 -5.1 -2.2
v 1.8 -5.1 -2.4
v 1.8 -4.9 2.4
v 1.8 -4.9 2.2
v 1.8 -4.9 -2.2
v 1.8 -4.9 -2.4
v 1.8 -4.7 2.4
v 1.8 -4.7 2.2
v 1.8 -4.7 -2.2
v 1.8 -4.7 -2.4
v 1.8 -4.5 2.4
v 1.8 -4.5 2.2
v 1.8 -4.5 2
v 1.8 -4.5 -2
v 1.8 -4.5 -2.2
v 1.8 -4.5 -2.4
v 1.8 -4.3 2.2
v 1.8 -4.3 2
v 1.8 -4.3 -2
v 1.8 -4.1 2.2
v 1.8 -4.1 2
v 1.8 -4.1 1.8
v 1.8 -4.1 -1.8
v 1.8 -4.1 -2
v 1.8 -4.1 -2.2
v 1.8 -3.9 2
v 1.8 -3.9 1.8
v 1.8 -3.9 1.6
v 1.8 -3.9 -1.6
v 1.8 -3.9 -1.8
v 1.8 -3.9 -2
v 1.8 -3.7 1.8
v 1.8 -3.7 1.6
v 1.8 -3.7 1.4
v 1.8 -3.7 -1.4
v 1.8 -3.7 -1.6
v 1.8 -3.7 -1.8
v 1.8 -3.5 1.6
v 1.8 -3.5 1.4
v 1.8 -3.5 1.2
v 1.8 -3.5 1
v 1.8 -3.5 -1
v 1.8 -3.5 -1.2
v 1.8 -3.5 -1.4
v 1.8 -3.5 -1.6
v 1.8 -3.3 1.4
v 1.8 -3.3 1.2
v 1.8 -3.3 1
v 1.8 -3.3 0.8
v 1.8 -3.3 0.6
v 1.8 -3.3 0.4
v 1.8 -3.3 -0.4
v 1.8 -3.3 -0.6
v 1.8 -3.3 -0.8
v 1.8 -3.3 -1
v 1.8 -3.3 -1.2
v 1.8 -3.3 -1.4
v 1.8 -3.1 1
v 1.8 -3.1 0.8
v 1.8 -3.1 0.6
v 1.8 -3.1 0.4
v 1.8 -3.1 -0.4
v 1.8 -3.1 -0.6
v 1.8 -3.1 -0.8
v 1.8 -3.1 -1
v 2 -7.9 0.4
v 2 -7.9 0.2
v 2 -7.9 -2.38419e-07
v 2 -7.9 -0.2
v 2 -7.9 -0.4
v 2 -7.7 1
v 2 -7.7 0.8
v 2 -7.7 0.6
v 2 -7.7 0.4
v 2 -7.7 0.2
v 2 -7.7 -2.38419e-07
v 2 -7.7 -0.2
v 2 -7.7 -0.4
v 2 -7.7 -0.6
v 2 -7.7 -0.8
v 2 -7.7 -1
v 2 -7.5 1.4
v 2 -7.5 1.2
v 2 -7.5 1
v 2 -7.5 0.8
v 2 -7.5 0.6
v 2 -7.5 0.4
v 2 -7.5 -0.4
v 2 -7.5 -0.6
v 2 -7.5 -0.8
v 2 -7.5 -1
v 2 -7.5 -1.2
v 2 -7.5 -1.4
v 2 -7.3 1.6
v 2 -7.3 1.4
v 2 -7.3 1.2
v 2 -7.3 1
v 2 -7.3 -1
v 2 -7.3 -1.2
v 2 -7.3 -1.4
v 2 -7.3 -1.6
v 2 -7.1 1.8
v 2 -7.1 1.6
v 2 -7.1 1.4
v 2 -7.1 -1.4
v 2 -7.1 -1.6
v 2 -7.1 -1.8
v 2 -6.9 2
v 2 -6.9 1.8
v 2 -6.9 1.6
v 2 -6.9 -1.6
v 2 -6.9 -1.8
v 2 -6.9 -2
v 2 -6.7 2
v 2 -6.7 1.8
v 2 -6.7 -1.8
v 2 -6.7 -2
v 2 -6.5 2.2
v 2 -6.5 2
v 2 -6.5 1.8
v 2 -6.5 -1.8
v 2 -6.5 -2
v 2 -6.5 -2.2
v 2 -6.3 2.2
v 2 -6.3 2
v 2 -6.3 -2
v 2 -6.3 -2.2
v 2 -6.1 2.2
v 2 -6.1 2
v 2 -6.1 -2
v 2 -6.1 -2.2
v 2 -5.9 2.4
v 2 -5.9 2.2
v 2 -5.9 2
v 2 -5.9 -2
v 2 -5.9 -2.2
v 2 -5.9 -2.4
v 2 -5.7 2.4
v 2 -5.7 2.2
v 2 -5.7 -2.2
v 2 -5.7 -2.4
v 2 -5.5 2.4
v 2 -5.5 2.2
v 2 -5.5 -2.2
v 2 -5.5 -2.4
v 2 -5.3 2.4
v 2 -5.3 2.2
v 2 -5.3 -2.2
v 2 -5.3 -2.4
v 2 -5.1 2.4
v 2 -5.1 2.2
v 2 -5.1 2
v 2 -5.1 -2
v 2 -5.1 -2.2
v 2 -5.1 -2.4
v 2 -4.9 2.2
v 2 -4.9 2
v 2 -4.9 -2
v 2 -4.9 -2.2
v 2 -4.7 2.2
v 2 -4.7 2
v 2 -4.7 -2
v 2 -4.7 -2.2
v 2 -4.5 2.2
v 2 -4.5 2
v 2 -4.5 1.8
v 2 -4.5 -1.8
v 2 -4.5 -2
v 2 -4.5 -2.2
v 2 -4.3 2
v 2 -4.3 1.8
v 2 -4.3 -1.8
v 2 -4.3 -2
v 2 -4.1 2
v 2 -4.1 1.8
v 2 -4.1 1.6
v 2 -4.1 -1.6
v 2 -4.1 -1.8
v 2 -4.1 -2
v 2 -3.9 1.8
v 2 -3.9 1.6
v 2 -3.9 1.4
v 2 -3.9 -1.4
v 2 -3.9 -1.6
v 2 -3.9 -1.8
v 2 -3.7 1.6
v 2 -3.7 1.4
v 2 -3.7 1.2
v 2 -3.7 1
v 2 -3.7 -1
v 2 -3.7 -1.2
v 2 -3.7 -1.4
v 2 -3.7 -1.6
v 2 -3.5 1.4
v 2 -3.5 1.2
v 2 -3.5 1
v 2 -3.5 0.8
v 2 -3.5 0.6
v 2 -3.5 0.4
v 2 -3.5 -0.4
v 2 -3.5 -0.6
v 2 -3.5 -0.8
v 2 -3.5 -1
v 2 -3.5 -1.2
v 2 -3.5 -1.4
v 2 -3.3 1
v 2 -3.3 0.8
v 2 -3.3 0.6
v 2 -3.3 0.4
v 2 -3.3 0.2
v 2 -3.3 -2.38419e-07
v 2 -3.3 -0.2
v 2 -3.3 -0.4
v 2 -3.3 -0.6
v 2 -3.3 -0.8
v 2 -3.3 -1
v 2 -3.1 0.4
v 2 -3.1 0.2
v 2 -3.1 -2.38419e-07
v 2 -3.1 -0.2
v 2 -3.1 -0.4
v 2.2 -7.7 0.4
v 2.2 -7.7 0.2
v 2.2 -7.7 -2.38419e-07
v 2.2 -7.7 -0.2
v 2.2 -7.7 -0.4
v 2.2 -7.5 1
v 2.2 -7.5 0.8
v 2.2 -7.5 0.6
v 2.2 -7.5 0.4
v 2.2 -7.5 0.2
v 2.2 -7.5 -2.38419e-07
v 2.2 -7.5 -0.2
v 2.2 -7.5 -0.4
v 2.2 -7.5 -0.6
v 2.2 -7.5 -0.8
v 2.2 -7.5 -1
v 2.2 -7.3 1.4
v 2.2 -7.3 1.2
v 2.2 -7.3 1
v 2.2 -7.3 0.8
v 2.2 -7.3 0.6
v 2.2 -7.3 0.4
v 2.2 -7.3 -0.4
v 2.2 -7.3 -0.6
v 2.2 -7.3 -0.8
v 2.2 -7.3 -1
v 2.2 -7.3 -1.2
v 2.2 -7.3 -1.4
v 2.2 -7.1 1.6
v 2.2 -7.1 1.4
v 2.2 -7.1 1.2
v 2.2 -7.1 1
v 2.2 -7.1 -1
v 2.2 -7.1 -1.2
v 2.2 -7.1 -1.4
v 2.2 -7.1 -1.6
v 2.2 -6.9 1.8
v 2.2 -6.9 1.6
v 2.2 -6.9 1.4
v 2.2 -6.9 1.2
v 2.2 -6.9 -1.2
v 2.2 -6.9 -1.4
v 2.2 -6.9 -1.6
v 2.2 -6.9 -1.8
v 2.2 -6.7 1.8
v 2.2 -6.7 1.6
v 2.2 -6.7 1.4
v 2.2 -6.7 -1.4
v 2.2 -6.7 -1.6
v 2.2 -6.7 -1.8
v 2.2 -6.5 2
v 2.2 -6.5 1.8
v 2.2 -6.5 1.6
v 2.2 -6.5 -1.6
v 2.2 -6.5 -1.8
v 2.2 -6.5 -2
v 2.2 -6.3 2
v 2.2 -6.3 1.8
v 2.2 -6.3 -1.8
v 2.2 -6.3 -2
v 2.2 -6.1 2
v 2.2 -6.1 1.8
v 2.2 -6.1 -1.8
v 2.2 -6.1 -2
v 2.2 -5.9 2.2
v 2.2 -5.9 2
v 2.2 -5.9 1.8
v 2.2 -5.9 -1.8
v 2.2 -5.9 -2
v 2.2 -5.9 -2.2
v 2.2 -5.7 2.2
v 2.2 -5.7 2
v 2.2 -5.7 -2
v 2.2 -5.7 -2.2
v 2.2 -5.5 2.2
v 2.2 -5.5 2
v 2.2 -5.5 -2
v 2.2 -5.5 -2.2
v 2.2 -5.3 2.2
v 2.2 -5.3 2
v 2.2 -5.3 -2
v 2.2 -5.3 -2.2
v 2.2 -5.1 2.2
v 2.2 -5.1 2
v 2.2 -5.1 1.8
v 2.2 -5.1 -1.8
v 2.2 -5.1 -2
v 2.2 -5.1 -2.2
v 2.2 -4.9 2
v 2.2 -4.9 1.8
v 2.2 -4.9 -1.8
v 2.2 -4.9 -2
v 2.2 -4.7 2
v 2.2 -4.7 1.8
v 2.2 -4.7 -1.8
v 2.2 -4.7 -2
v 2.2 -4.5 2
v 2.2 -4.5 1.8
v 2.2 -4.5 1.6
v 2.2 -4.5 -1.6
v 2.2 -4.5 -1.8
v 2.2 -4.5 -2
v 2.2 -4.3 1.8
v 2.2 -4.3 1.6
v 2.2 -4.3 1.4
v 2.2 -4.3 -1.4
v 2.2 -4.3 -1.6
v 2.2 -4.3 -1.8
v 2.2 -4.1 1.8
v 2.2 -4.1 1.6
v 2.2 -4.1 1.4
v 2.2 -4.1 1.2
v 2.2 -4.1 -1.2
v 2.2 -4.1 -1.4
v 2.2 -4.1 -1.6
v 2.2 -4.1 -1.8
v 2.2 -3.9 1.6
v 2.2 -3.9 1.4
v 2.2 -3.9 1.2
v 2.2 -3.9 1
v 2.2 -3.9 -1
v 2.2 -3.9 -1.2
v 2.2 -3.9 -1.4
v 2.2 -3.9 -1.6
v 2.2 -3.7 1.4
v 2.2 -3.7 1.2
v 2.2 -3.7 1
v 2.2 -3.7 0.8
v 2.2 -3.7 0.6
v 2.2 -3.7 0.4
v 2.2 -3.7 -0.4
v 2.2 -3.7 -0.6
v 2.2 -3.7 -0.8
v 2.2 -3.7 -1
v 2.2 -3.7 -1.2
v 2.2 -3.7 -1.4
v 2.2 -3.5 1
v 2.2 -3.5 0.8
v 2.2 -3.5 0.6
v 2.2 -3.5 0.4
v 2.2 -3.5 0.2
v 2.2 -3.5 -2.38419e-07
v 2.2 -3.5 -0.2
v 2.2 -3.5 -0.4
v 2.2 -3.5 -0.6
v 2.2 -3.5 -0.8
v 2.2 -3.5 -1
v 2.2 -3.3 0.4
v 2.2 -3.3 0.2
v 2.2 -3.3 -2.38419e-07
v 2.2 -3.3 -0.2
v 2.2 -3.3 -0.4
v 2.4 -7.5 0.4
v 2.4 -7.5 0.2
v 2.4 -7.5 -2.38419e-07
v 2.4 -7.5 -0.2
v 2.4 -7.5 -0.4
v 2.4 -7.3 1
v 2.4 -7.3 0.8
v 2.4 -7.3 0.6
v 2.4 -7.3 0.4
v 2.4 -7.3 0.2
v 2.4 -7.3 -2.38419e-07
v 2.4 -7.3 -0.2
v 2.4 -7.3 -0.4
v 2.4 -7.3 -0.6
v 2.4 -7.3 -0.8
v 2.4 -7.3 -1
v 2.4 -7.1 1.2
v 2.4 -7.1 1
v 2.4 -7.1 0.8
v 2.4 -7.1 0.6
v 2.4 -7.1 0.4
v 2.4 -7.1 0.2
v 2.4 -7.1 -2.38419e-07
v 2.4 -7.1 -0.2
v 2.4 -7.1 -0.4
v 2.4 -7.1 -0.6
v 2.4 -7.1 -0.8
v 2.4 -7.1 -1
v 2.4 -7.1 -1.2
v 2.4 -6.9 1.4
v 2.4 -6.9 1.2
v 2.4 -6.9 1
v 2.4 -6.9 0.8
v 2.4 -6.9 -0.8
v 2.4 -6.9 -1
v 2.4 -6.9 -1.2
v 2.4 -6.9 -1.4
v 2.4 -6.7 1.6
v 2.4 -6.7 1.4
v 2.4 -6.7 1.2
v 2.4 -6.7 1
v 2.4 -6.7 -1
v 2.4 -6.7 -1.2
v 2.4 -6.7 -1.4
v 2.4 -6.7 -1.6
v 2.4 -6.5 1.8
v 2.4 -6.5 1.6
v 2.4 -6.5 1.4
v 2.4 -6.5 1.2
v 2.4 -6.5 -1.2
v 2.4 -6.5 -1.4
v 2.4 -6.5 -1.6
v 2.4 -6.5 -1.8
v 2.4 -6.3 1.8
v 2.4 -6.3 1.6
v 2.4 -6.3 1.4
v 2.4 -6.3 -1.4
v 2.4 -6.3 -1.6
v 2.4 -6.3 -1.8
v 2.4 -6.1 1.8
v 2.4 -6.1 1.6
v 2.4 -6.1 -1.6
v 2.4 -6.1 -1.8
v 2.4 -5.9 2
v 2.4 -5.9 1.8
v 2.4 -5.9 1.6
v 2.4 -5.9 -1.6
v 2.4 -5.9 -1.8
v 2.4 -5.9 -2
v 2.4 -5.7 2
v 2.4 -5.7 1.8
v 2.4 -5.7 1.6
v 2.4 -5.7 -1.6
v 2.4 -5.7 -1.8
v 2.4 -5.7 -2
v 2.4 -5.5 2
v 2.4 -5.5 1.8
v 2.4 -5.5 1.6
v 2.4 -5.5 -1.6
v 2.4 -5.5 -1.8
v 2.4 -5.5 -2
v 2.4 -5.3 2
v 2.4 -5.3 1.8
v 2.4 -5.3 1.6
v 2.4 -5.3 -1.6
v 2.4 -5.3 -1.8
v 2.4 -5.3 -2
v 2.4 -5.1 2
v 2.4 -5.1 1.8
v 2.4 -5.1 1.6
v 2.4 -5.1 -1.6
v 2.4 -5.1 -1.8
v 2.4 -5.1 -2
v 2.4 -4.9 1.8
v 2.4 -4.9 1.6
v 2.4 -4.9 -1.6
v 2.4 -4.9 -1.8
v 2.4 -4.7 1.8
v 2.4 -4.7 1.6
v 2.4 -4.7 1.4
v 2.4 -4.7 -1.4
v 2.4 -4.7 -1.6
v 2.4 -4.7 -1.8
v 2.4 -4.5 1.8
v 2.4 -4.5 1.6
v 2.4 -4.5 1.4
v 2.4 -4.5 1.2
v 2.4 -4.5 -1.2
v 2.4 -4.5 -1.4
v 2.4 -4.5 -1.6
v 2.4 -4.5 -1.8
v 2.4 -4.3 1.6
v 2.4 -4.3 1.4
v 2.4 -4.3 1.2
v 2.4 -4.3 1
v 2.4 -4.3 -1
v 2.4 -4.3 -1.2
v 2.4 -4.3 -1.4
v 2.4 -4.3 -1.6
v 2.4 -4.1 1.4
v 2.4 -4.1 1.2
v 2.4 -4.1 1
v 2.4 -4.1 0.8
v 2.4 -4.1 -0.8
v 2.4 -4.1 -1
v 2.4 -4.1 -1.2
v 2.4 -4.1 -1.4
v 2.4 -3.9 1.2
v 2.4 -3.9 1
v 2.4 -3.9 0.8
v 2.4 -3.9 0.6
v 2.4 -3.9 0.4
v 2.4 -3.9 0.2
v 2.4 -3.9 -2.38419e-07
v 2.4 -3.9 -0.2
v 2.4 -3.9 -0.4
v 2.4 -3.9 -0.6
v 2.4 -3.9 -0.8
v 2.4 -3.9 -1
v 2.4 -3.9 -1.2
v 2.4 -3.7 1
v 2.4 -3.7 0.8
v 2.4 -3.7 0.6
v 2.4 -3.7 0.4
v 2.4 -3.7 0.2
v 2.4 -3.7 -2.38419e-07
v 2.4 -3.7 -0.2
v 2.4 -3.7 -0.4
v 2.4 -3.7 -0.6
v 2.4 -3.7 -0.8
v 2.4 -3.7 -1
v 2.4 -3.5 0.4
v 2.4 -3.5 0.2
v 2.4 -3.5 -2.38419e-07
v 2.4 -3.5 -0.2
v 2.4 -3.5 -0.4
v 2.6 -7.1 0.8
v 2.6 -7.1 0.6
v 2.6 -7.1 0.4
v 2.6 -7.1 0.2
v 2.6 -7.1 -2.38419e-07
v 2.6 -7.1 -0.2
v 2.6 -7.1 -0.4
v 2.6 -7.1 -0.6
v 2.6 -7.1 -0.8
v 2.6 -6.9 1
v 2.6 -6.9 0.8
v 2.6 -6.9 0.6
v 2.6 -6.9 0.4
v 2.6 -6.9 0.2
v 2.6 -6.9 -2.38419e-07
v 2.6 -6.9 -0.2
v 2.6 -6.9 -0.4
v 2.6 -6.9 -0.6
v 2.6 -6.9 -0.8
v 2.6 -6.9 -1
v 2.6 -6.7 1.2
v 2.6 -6.7 1
v 2.6 -6.7 0.8
v 2.6 -6.7 0.6
v 2.6 -6.7 0.4
v 2.6 -6.7 0.2
v 2.6 -6.7 -0.2
v 2.6 -6.7 -0.4
v 2.6 -6.7 -0.6
v 2.6 -6.7 -0.8
v 2.6 -6.7 -1
v 2.6 -6.7 -1.2
v 2.6 -6.5 1.4
v 2.6 -6.5 1.2
v 2.6 -6.5 1
v 2.6 -6.5 0.8
v 2.6 -6.5 -0.8
v 2.6 -6.5 -1
v 2.6 -6.5 -1.2
v 2.6 -6.5 -1.4
v 2.6 -6.3 1.6
v 2.6 -6.3 1.4
v 2.6 -6.3 1.2
v 2.6 -6.3 1
v 2.6 -6.3 -1
v 2.6 -6.3 -1.2
v 2.6 -6.3 -1.4
v 2.6 -6.3 -1.6
v 2.6 -6.1 1.6
v 2.6 -6.1 1.4
v 2.6 -6.1 1.2
v 2.6 -6.1 -1.2
v 2.6 -6.1 -1.4
v 2.6 -6.1 -1.6
v 2.6 -5.9 1.6
v 2.6 -5.9 1.4
v 2.6 -5.9 1.2
v 2.6 -5.9 -1.2
v 2.6 -5.9 -1.4
v 2.6 -5.9 -1.6
v 2.6 -5.7 1.6
v 2.6 -5.7 1.4
v 2.6 -5.7 1.2
v 2.6 -5.7 -1.2
v 2.6 -5.7 -1.4
v 2.6 -5.7 -1.6
v 2.6 -5.5 1.6
v 2.6 -5.5 1.4
v 2.6 -5.5 -1.4
v 2.6 -5.5 -1.6
v 2.6 -5.3 1.6
v 2.6 -5.3 1.4
v 2.6 -5.3 1.2
v 2.6 -5.3 -1.2
v 2.6 -5.3 -1.4
v 2.6 -5.3 -1.6
v 2.6 -5.1 1.6
v 2.6 -5.1 1.4
v 2.6 -5.1 1.2
v 2.6 -5.1 -1.2
v 2.6 -5.1 -1.4
v 2.6 -5.1 -1.6
v 2.6 -4.9 1.6
v 2.6 -4.9 1.4
v 2.6 -4.9 1.2
v 2.6 -4.9 -1.2
v 2.6 -4.9 -1.4
v 2.6 -4.9 -1.6
v 2.6 -4.7 1.6
v 2.6 -4.7 1.4
v 2.6 -4.7 1.2
v 2.6 -4.7 1
v 2.6 -4.7 -1
v 2.6 -4.7 -1.2
v 2.6 -4.7 -1.4
v 2.6 -4.7 -1.6
v 2.6 -4.5 1.4
v 2.6 -4.5 1.2
v 2.6 -4.5 1
v 2.6 -4.5 0.8
v 2.6 -4.5 -0.8
v 2.6 -4.5 -1
v 2.6 -4.5 -1.2
v 2.6 -4.5 -1.4
v 2.6 -4.3 1.2
v 2.6 -4.3 1
v 2.6 -4.3 0.8
v 2.6 -4.3 0.6
v 2.6 -4.3 0.4
v 2.6 -4.3 0.2
v 2.6 -4.3 -0.2
v 2.6 -4.3 -0.4
v 2.6 -4.3 -0.6
v 2.6 -4.3 -0.8
v 2.6 -4.3 -1
v 2.6 -4.3 -1.2
v 2.6 -4.1 1
v 2.6 -4.1 0.8
v 2.6 -4.1 0.6
v 2.6 -4.1 0.4
v 2.6 -4.1 0.2
v 2.6 -4.1 -2.38419e-07
v 2.6 -4.1 -0.2
v 2.6 -4.1 -0.4
v 2.6 -4.1 -0.6
v 2.6 -4.1 -0.8
v 2.6 -4.1 -1
v 2.6 -3.9 0.8
v 2.6 -3.9 0.6
v 2.6 -3.9 0.4
v 2.6 -3.9 0.2
v 2.6 -3.9 -2.38419e-07
v 2.6 -3.9 -0.2
v 2.6 -3.9 -0.4
v 2.6 -3.9 -0.6
v 2.6 -3.9 -0.8
v 2.8 -6.9 0.2
v 2.8 -6.9 -2.38419e-07
v 2.8 -6.9 -0.2
v 2.8 -6.7 0.8
v 2.8 -6.7 0.6
v 2.8 -6.7 0.4
v 2.8 -6.7 0.2
v 2.8 -6.7 -2.38419e-07
v 2.8 -6.7 -0.2
v 2.8 -6.7 -0.4
v 2.8 -6.7 -0.6
v 2.8 -6.7 -0.8
v 2.8 -6.5 1
v 2.8 -6.5 0.8
v 2.8 -6.5 0.6
v 2.8 -6.5 0.4
v 2.8 -6.5 0.2
v 2.8 -6.5 -2.38419e-07
v 2.8 -6.5 -0.2
v 2.8 -6.5 -0.4
v 2.8 -6.5 -0.6
v 2.8 -6.5 -0.8
v 2.8 -6.5 -1
v 2.8 -6.3 1.2
v 2.8 -6.3 1
v 2.8 -6.3 0.8
v 2.8 -6.3 0.6
v 2.8 -6.3 0.4
v 2.8 -6.3 0.2
v 2.8 -6.3 -2.38419e-07
v 2.8 -6.3 -0.2
v 2.8 -6.3 -0.4
v 2.8 -6.3 -0.6
v 2.8 -6.3 -0.8
v 2.8 -6.3 -1
v 2.8 -6.3 -1.2
v 2.8 -6.1 1.2
v 2.8 -6.1 1
v 2.8 -6.1 0.8
v 2.8 -6.1 0.6
v 2.8 -6.1 0.4
v 2.8 -6.1 -0.4
v 2.8 -6.1 -0.6
v 2.8 -6.1 -0.8
v 2.8 -6.1 -1
v 2.8 -6.1 -1.2
v 2.8 -5.9 1.2
v 2.8 -5.9 1
v 2.8 -5.9 0.8
v 2.8 -5.9 0.6
v 2.8 -5.9 -0.6
v 2.8 -5.9 -0.8
v 2.8 -5.9 -1
v 2.8 -5.9 -1.2
v 2.8 -5.7 1.4
v 2.8 -5.7 1.2
v 2.8 -5.7 1
v 2.8 -5.7 0.8
v 2.8 -5.7 -0.8
v 2.8 -5.7 -1
v 2.8 -5.7 -1.2
v 2.8 -5.7 -1.4
v 2.8 -5.5 1.4
v 2.8 -5.5 1.2
v 2.8 -5.5 1
v 2.8 -5.5 0.8
v 2.8 -5.5 -0.8
v 2.8 -5.5 -1
v 2.8 -5.5 -1.2
v 2.8 -5.5 -1.4
v 2.8 -5.3 1.4
v 2.8 -5.3 1.2
v 2.8 -5.3 1
v 2.8 -5.3 0.8
v 2.8 -5.3 -0.8
v 2.8 -5.3 -1
v 2.8 -5.3 -1.2
v 2.8 -5.3 -1.4
v 2.8 -5.1 1.2
v 2.8 -5.1 1
v 2.8 -5.1 0.8
v 2.8 -5.1 0.6
v 2.8 -5.1 -0.6
v 2.8 -5.1 -0.8
v 2.8 -5.1 -1
v 2.8 -5.1 -1.2
v 2.8 -4.9 1.2
v 2.8 -4.9 1
v 2.8 -4.9 0.8
v 2.8 -4.9 0.6
v 2.8 -4.9 0.4
v 2.8 -4.9 -0.4
v 2.8 -4.9 -0.6
v 2.8 -4.9 -0.8
v 2.8 -4.9 -1
v 2.8 -4.9 -1.2
v 2.8 -4.7 1.2
v 2.8 -4.7 1
v 2.8 -4.7 0.8
v 2.8 -4.7 0.6
v 2.8 -4.7 0.4
v 2.8 -4.7 0.2
v 2.8 -4.7 -2.38419e-07
v 2.8 -4.7 -0.2
v 2.8 -4.7 -0.4
v 2.8 -4.7 -0.6
v 2.8 -4.7 -0.8
v 2.8 -4.7 -1
v 2.8 -4.7 -1.2
v 2.8 -4.5 1
v 2.8 -4.5 0.8
v 2.8 -4.5 0.6
v 2.8 -4.5 0.4
v 2.8 -4.5 0.2
v 2.8 -4.5 -2.38419e-07
v 2.8 -4.5 -0.2
v 2.8 -4.5 -0.4
v 2.8 -4.5 -0.6
v 2.8 -4.5 -0.8
v 2.8 -4.5 -1
v 2.8 -4.3 0.8
v 2.8 -4.3 0.6
v 2.8 -4.3 0.4
v 2.8 -4.3 0.2
v 2.8 -4.3 -2.38419e-07
v 2.8 -4.3 -0.2
v 2.8 -4.3 -0.4
v 2.8 -4.3 -0.6
v 2.8 -4.3 -0.8
v 2.8 -4.1 0.2
v 2.8 -4.1 -2.38419e-07
v 2.8 -4.1 -0.2
v 3 -6.3 0.4
v 3 -6.3 0.2
v 3 -6.3 -2.38419e-07
v 3 -6.3 -0.2
v 3 -6.3 -0.4
v 3 -6.1 0.6
v 3 -6.1 0.4
v 3 -6.1 0.2
v 3 -6.1 -2.38419e-07
v 3 -6.1 -0.2
v 3 -6.1 -0.4
v 3 -6.1 -0.6
v 3 -5.9 0.8
v 3 -5.9 0.6
v 3 -5.9 0.4
v 3 -5.9 0.2
v 3 -5.9 -2.38419e-07
v 3 -5.9 -0.2
v 3 -5.9 -0.4
v 3 -5.9 -0.6
v 3 -5.9 -0.8
v 3 -5.7 0.8
v 3 -5.7 0.6
v 3 -5.7 0.4
v 3 -5.7 0.2
v 3 -5.7 -2.38419e-07
v 3 -5.7 -0.2
v 3 -5.7 -0.4
v 3 -5.7 -0.6
v 3 -5.7 -0.8
v 3 -5.5 0.8
v 3 -5.5 0.6
v 3 -5.5 0.4
v 3 -5.5 0.2
v 3 -5.5 -2.38419e-07
v 3 -5.5 -0.2
v 3 -5.5 -0.4
v 3 -5.5 -0.6
v 3 -5.5 -0.8
v 3 -5.3 0.8
v 3 -5.3 0.6
v 3 -5.3 0.4
v 3 -5.3 0.2
v 3 -5.3 -2.38419e-07
v 3 -5.3 -0.2
v 3 -5.3 -0.4
v 3 -5.3 -0.6
v 3 -5.3 -0.8
v 3 -5.1 0.8
v 3 -5.1 0.6
v 3 -5.1 0.4
v 3 -5.1 0.2
v 3 -5.1 -2.38419e-07
v 3 -5.1 -0.2
v 3 -5.1 -0.4
v 3 -5.1 -0.6
v 3 -5.1 -0.8
v 3 -4.9 0.6
v 3 -4.9 0.4
v 3 -4.9 0.2
v 3 -4.9 -2.38419e-07
v 3 -4.9 -0.2
v 3 -4.9 -0.4
v 3 -4.9 -0.6
v 3 -4.7 0.4
v 3 -4.7 0.2
v 3 -4.7 -2.38419e-07
v 3 -4.7 -0.2
v 3 -4.7 -0.4
v -0.8 -5.9 3
v -0.8 -5.7 3
v -0.8 -5.5 3
v -0.8 -5.3 3
v -0.8 -5.1 3
v -0.6 -6.1 3
v -0.6 -5.9 3
v -0.6 -5.7 3
v -0.6 -5.5 3
v -0.6 -5.3 3
v -0.6 -5.1 3
v -0.6 -4.9 3
v -0.4 -6.3 3
v -0.4 -6.1 3
v -0.4 -5.9 3
v -0.4 -5.7 3
v -0.4 -5.5 3
v -0.4 -5.3 3
v -0.4 -5.1 3
v -0.4 -4.9 3
v -0.4 -4.7 3
v -0.2 -6.3 3
v -0.2 -6.1 3
v -0.2 -5.9 3
v -0.2 -5.7 3
v -0.2 -5.5 3
v -0.2 -5.3 3
v -0.2 -5.1 3
v -0.2 -4.9 3
v -0.2 -4.7 3
v 2.38419e-07 -6.3 3
v 2.38419e-07 -6.1 3
v 2.38419e-07 -5.9 3
v 2.38419e-07 -5.7 3
v 2.38419e-07 -5.5 3
v 2.38419e-07 -5.3 3
v 2.38419e-07 -5.1 3
v 2.38419e-07 -4.9 3
v 2.38419e-07 -4.7 3
v 0.2 -6.3 3
v 0.2 -6.1 3
v 0.2 -5.9 3
v 0.2 -5.7 3
v 0.2 -5.5 3
v 0.2 -5.3 3
v 0.2 -5.1 3
v 0.2 -4.9 3
v 0.2 -4.7 3
v 0.4 -6.3 3
v 0.4 -6.1 3
v 0.4 -5.9 3
v 0.4 -5.7 3
v 0.4 -5.5 3
v 0.4 -5.3 3
v 0.4 -5.1 3
v 0.4 -4.9 3
v 0.4 -4.7 3
v 0.6 -6.1 3
v 0.6 -5.9 3
v 0.6 -5.7 3
v 0.6 -5.5 3
v 0.6 -5.3 3
v 0.6 -5.1 3
v 0.6 -4.9 3
v 0.8 -5.9 3
v 0.8 -5.7 3
v 0.8 -5.5 3
v 0.8 -5.3 3
v 0.8 -5.1 3
v -1.4 -5.7 2.8
v -1.4 -5.5 2.8
v -1.4 -5.3 2.8
v -1.2 -6.3 2.8
v -1.2 -6.1 2.8
v -1.2 -5.9 2.8
v -1.2 -5.7 2.8
v -1.2 -5.5 2.8
v -1.2 -5.3 2.8
v -1.2 -5.1 2.8
v -1.2 -4.9 2.8
v -1.2 -4.7 2.8
v -1 -6.5 2.8
v -1 -6.3 2.8
v -1 -6.1 2.8
v -1 -5.9 2.8
v -1 -5.7 2.8
v -1 -5.5 2.8
v -1 -5.3 2.8
v -1 -5.1 2.8
v -1 -4.9 2.8
v -1 -4.7 2.8
v -1 -4.5 2.8
v -0.8 -6.7 2.8
v -0.8 -6.5 2.8
v -0.8 -6.3 2.8
v -0.8 -6.1 2.8
v -0.8 -5.9 2.8
v -0.8 -5.7 2.8
v -0.8 -5.5 2.8
v -0.8 -5.3 2.8
v -0.8 -5.1 2.8
v -0.8 -4.9 2.8
v -0.8 -4.7 2.8
v -0.8 -4.5 2.8
v -0.8 -4.3 2.8
v -0.6 -6.7 2.8
v -0.6 -6.5 2.8
v -0.6 -6.3 2.8
v -0.6 -6.1 2.8
v -0.6 -5.9 2.8
v -0.6 -5.1 2.8
v -0.6 -4.9 2.8
v -0.6 -4.7 2.8
v -0.6 -4.5 2.8
v -0.6 -4.3 2.8
v -0.4 -6.7 2.8
v -0.4 -6.5 2.8
v -0.4 -6.3 2.8
v -0.4 -6.1 2.8
v -0.4 -4.9 2.8
v -0.4 -4.7 2.8
v -0.4 -4.5 2.8
v -0.4 -4.3 2.8
v -0.2 -6.9 2.8
v -0.2 -6.7 2.8
v -0.2 -6.5 2.8
v -0.2 -6.3 2.8
v -0.2 -4.7 2.8
v -0.2 -4.5 2.8
v -0.2 -4.3 2.8
v -0.2 -4.1 2.8
v 2.38419e-07 -6.9 2.8
v 2.38419e-07 -6.7 2.8
v 2.38419e-07 -6.5 2.8
v 2.38419e-07 -6.3 2.8
v 2.38419e-07 -4.7 2.8
v 2.38419e-07 -4.5 2.8
v 2.38419e-07 -4.3 2.8
v 2.38419e-07 -4.1 2.8
v 0.2 -6.9 2.8
v 0.2 -6.7 2.8
v 0.2 -6.5 2.8
v 0.2 -6.3 2.8
v 0.2 -4.7 2.8
v 0.2 -4.5 2.8
v 0.2 -4.3 2.8
v 0.2 -4.1 2.8
v 0.4 -6.7 2.8
v 0.4 -6.5 2.8
v 0.4 -6.3 2.8
v 0.4 -6.1 2.8
v 0.4 -4.9 2.8
v 0.4 -4.7 2.8
v 0.4 -4.5 2.8
v 0.4 -4.3 2.8
v 0.6 -6.7 2.8
v 0.6 -6.5 2.8
v 0.6 -6.3 2.8
v 0.6 -6.1 2.8
v 0.6 -5.9 2.8
v 0.6 -5.1 2.8
v 0.6 -4.9 2.8
v 0.6 -4.7 2.8
v 0.6 -4.5 2.8
v 0.6 -4.3 2.8
v 0.8 -6.7 2.8
v 0.8 -6.5 2.8
v 0.8 -6.3 2.8
v 0.8 -6.1 2.8
v 0.8 -5.9 2.8
v 0.8 -5.7 2.8
v 0.8 -5.5 2.8
v 0.8 -5.3 2.8
v 0.8 -5.1 2.8
v 0.8 -4.9 2.8
v 0.8 -4.7 2.8
v 0.8 -4.5 2.8
v 0.8 -4.3 2.8
v 1 -6.5 2.8
v 1 -6.3 2.8
v 1 -6.1 2.8
v 1 -5.9 2.8
v 1 -5.7 2.8
v 1 -5.5 2.8
v 1 -5.3 2.8
v 1 -5.1 2.8
v 1 -4.9 2.8
v 1 -4.7 2.8
v 1 -4.5 2.8
v 1.2 -6.3 2.8
v 1.2 -6.1 2.8
v 1.2 -5.9 2.8
v 1.2 -5.7 2.8
v 1.2 -5.5 2.8
v 1.2 -5.3 2.8
v 1.2 -5.1 2.8
v 1.2 -4.9 2.8
v 1.2 -4.7 2.8
v 1.4 -5.7 2.8
v 1.4 -5.5 2.8
v 1.4 -5.3 2.8
v -1.6 -6.3 2.6
v -1.6 -6.1 2.6
v -1.6 -5.9 2.6
v -1.6 -5.7 2.6
v -1.6 -5.5 2.6
v -1.6 -5.3 2.6
v -1.6 -5.1 2.6
v -1.6 -4.9 2.6
v -1.6 -4.7 2.6
v -1.4 -6.5 2.6
v -1.4 -6.3 2.6
v -1.4 -6.1 2.6
v -1.4 -5.9 2.6
v -1.4 -5.7 2.6
v -1.4 -5.5 2.6
v -1.4 -5.3 2.6
v -1.4 -5.1 2.6
v -1.4 -4.9 2.6
v -1.4 -4.7 2.6
v -1.4 -4.5 2.6
v -1.2 -6.7 2.6
v -1.2 -6.5 2.6
v -1.2 -6.3 2.6
v -1.2 -6.1 2.6
v -1.2 -5.9 2.6
v -1.2 -5.7 2.6
v -1.2 -5.3 2.6
v -1.2 -5.1 2.6
v -1.2 -4.9 2.6
v -1.2 -4.7 2.6
v -1.2 -4.5 2.6
v -1.2 -4.3 2.6
v -1 -6.9 2.6
v -1 -6.7 2.6
v -1 -6.5 2.6
v -1 -6.3 2.6
v -1 -4.7 2.6
v -1 -4.5 2.6
v -1 -4.3 2.6
v -1 -4.1 2.6
v -0.8 -7.1 2.6
v -0.8 -6.9 2.6
v -0.8 -6.7 2.6
v -0.8 -6.5 2.6
v -0.8 -4.5 2.6
v -0.8 -4.3 2.6
v -0.8 -4.1 2.6
v -0.8 -3.9 2.6
v -0.6 -7.1 2.6
v -0.6 -6.9 2.6
v -0.6 -6.7 2.6
v -0.6 -4.3 2.6
v -0.6 -4.1 2.6
v -0.6 -3.9 2.6
v -0.4 -7.1 2.6
v -0.4 -6.9 2.6
v -0.4 -6.7 2.6
v -0.4 -4.3 2.6
v -0.4 -4.1 2.6
v -0.4 -3.9 2.6
v -0.2 -7.1 2.6
v -0.2 -6.9 2.6
v -0.2 -6.7 2.6
v -0.2 -4.3 2.6
v -0.2 -4.1 2.6
v -0.2 -3.9 2.6
v 2.38419e-07 -7.1 2.6
v 2.38419e-07 -6.9 2.6
v 2.38419e-07 -4.1 2.6
v 2.38419e-07 -3.9 2.6
v 0.2 -7.1 2.6
v 0.2 -6.9 2.6
v 0.2 -6.7 2.6
v 0.2 -4.3 2.6
v 0.2 -4.1 2.6
v 0.2 -3.9 2.6
v 0.4 -7.1 2.6
v 0.4 -6.9 2.6
v 0.4 -6.7 2.6
v 0.4 -4.3 2.6
v 0.4 -4.1 2.6
v 0.4 -3.9 2.6
v 0.6 -7.1 2.6
v 0.6 -6.9 2.6
v 0.6 -6.7 2.6
v 0.6 -4.3 2.6
v 0.6 -4.1 2.6
v 0.6 -3.9 2.6
v 0.8 -7.1 2.6
v 0.8 -6.9 2.6
v 0.8 -6.7 2.6
v 0.8 -6.5 2.6
v 0.8 -4.5 2.6
v 0.8 -4.3 2.6
v 0.8 -4.1 2.6
v 0.8 -3.9 2.6
v 1 -6.9 2.6
v 1 -6.7 2.6
v 1 -6.5 2.6
v 1 -6.3 2.6
v 1 -4.7 2.6
v 1 -4.5 2.6
v 1 -4.3 2.6
v 1 -4.1 2.6
v 1.2 -6.7 2.6
v 1.2 -6.5 2.6
v 1.2 -6.3 2.6
v 1.2 -6.1 2.6
v 1.2 -5.9 2.6
v 1.2 -5.7 2.6
v 1.2 -5.3 2.6
v 1.2 -5.1 2.6
v 1.2 -4.9 2.6
v 1.2 -4.7 2.6
v 1.2 -4.5 2.6
v 1.2 -4.3 2.6
v 1.4 -6.5 2.6
v 1.4 -6.3 2.6
v 1.4 -6.1 2.6
v 1.4 -5.9 2.6
v 1.4 -5.7 2.6
v 1.4 -5.5 2.6
v 1.4 -5.3 2.6
v 1.4 -5.1 2.6
v 1.4 -4.9 2.6
v 1.4 -4.7 2.6
v 1.4 -4.5 2.6
v 1.6 -6.3 2.6
v 1.6 -6.1 2.6
v 1.6 -5.9 2.6
v 1.6 -5.7 2.6
v 1.6 -5.5 2.6
v 1.6 -5.3 2.6
v 1.6 -5.1 2.6
v 1.6 -4.9 2.6
v 1.6 -4.7 2.6
v -2 -5.9 2.4
v -2 -5.7 2.4
v -2 -5.5 2.4
v -2 -5.3 2.4
v -2 -5.1 2.4
v -1.8 -6.5 2.4
v -1.8 -6.3 2.4
v -1.8 -6.1 2.4
v -1.8 -5.9 2.4
v -1.8 -5.7 2.4
v -1.8 -5.5 2.4
v -1.8 -5.3 2.4
v -1.8 -5.1 2.4
v -1.8 -4.9 2.4
v -1.8 -4.7 2.4
v -1.8 -4.5 2.4
v -1.6 -6.7 2.4
v -1.6 -6.5 2.4
v -1.6 -6.3 2.4
v -1.6 -6.1 2.4
v -1.6 -5.9 2.4
v -1.6 -5.7 2.4
v -1.6 -5.5 2.4
v -1.6 -5.3 2.4
v -1.6 -5.1 2.4
v -1.6 -4.9 2.4
v -1.6 -4.7 2.4
v -1.6 -4.5 2.4
v -1.6 -4.3 2.4
v -1.4 -6.9 2.4
v -1.4 -6.7 2.4
v -1.4 -6.5 2.4
v -1.4 -6.3 2.4
v -1.4 -4.7 2.4
v -1.4 -4.5 2.4
v -1.4 -4.3 2.4
v -1.4 -4.1 2.4
v -1.2 -7.1 2.4
v -1.2 -6.9 2.4
v -1.2 -6.7 2.4
v -1.2 -6.5 2.4
v -1.2 -4.5 2.4
v -1.2 -4.3 2.4
v -1.2 -4.1 2.4
v -1.2 -3.9 2.4
v -1 -7.3 2.4
v -1 -7.1 2.4
v -1 -6.9 2.4
v -1 -6.7 2.4
v -1 -4.3 2.4
v -1 -4.1 2.4
v -1 -3.9 2.4
v -1 -3.7 2.4
v -0.8 -7.3 2.4
v -0.8 -7.1 2.4
v -0.8 -6.9 2.4
v -0.8 -4.1 2.4
v -0.8 -3.9 2.4
v -0.8 -3.7 2.4
v -0.6 -7.3 2.4
v -0.6 -7.1 2.4
v -0.6 -3.9 2.4
v -0.6 -3.7 2.4
v -0.4 -7.5 2.4
v -0.4 -7.3 2.4
v -0.4 -7.1 2.4
v -0.4 -3.9 2.4
v -0.4 -3.7 2.4
v -0.4 -3.5 2.4
v -0.2 -7.5 2.4
v -0.2 -7.3 2.4
v -0.2 -7.1 2.4
v -0.2 -3.9 2.4
v -0.2 -3.7 2.4
v -0.2 -3.5 2.4
v 2.38419e-07 -7.5 2.4
v 2.38419e-07 -7.3 2.4
v 2.38419e-07 -7.1 2.4
v 2.38419e-07 -3.9 2.4
v 2.38419e-07 -3.7 2.4
v 2.38419e-07 -3.5 2.4
v 0.2 -7.5 2.4
v 0.2 -7.3 2.4
v 0.2 -7.1 2.4
v 0.2 -3.9 2.4
v 0.2 -3.7 2.4
v 0.2 -3.5 2.4
v 0.4 -7.5 2.4
v 0.4 -7.3 2.4
v 0.4 -7.1 2.4
v 0.4 -3.9 2.4
v 0.4 -3.7 2.4
v 0.4 -3.5 2.4
v 0.6 -7.3 2.4
v 0.6 -7.1 2.4
v 0.6 -3.9 2.4
v 0.6 -3.7 2.4
v 0.8 -7.3 2.4
v 0.8 -7.1 2.4
v 0.8 -6.9 2.4
v 0.8 -4.1 2.4
v 0.8 -3.9 2.4
v 0.8 -3.7 2.4
v 1 -7.3 2.4
v 1 -7.1 2.4
v 1 -6.9 2.4
v 1 -6.7 2.4
v 1 -4.3 2.4
v 1 -4.1 2.4
v 1 -3.9 2.4
v 1 -3.7 2.4
v 1.2 -7.1 2.4
v 1.2 -6.9 2.4
v 1.2 -6.7 2.4
v 1.2 -6.5 2.4
v 1.2 -4.5 2.4
v 1.2 -4.3 2.4
v 1.2 -4.1 2.4
v 1.2 -3.9 2.4
v 1.4 -6.9 2.4
v 1.4 -6.7 2.4
v 1.4 -6.5 2.4
v 1.4 -6.3 2.4
v 1.4 -4.7 2.4
v 1.4 -4.5 2.4
v 1.4 -4.3 2.4
v 1.4 -4.1 2.4
v 1.6 -6.7 2.4
v 1.6 -6.5 2.4
v 1.6 -6.3 2.4
v 1.6 -6.1 2.4
v 1.6 -5.9 2.4
v 1.6 -5.7 2.4
v 1.6 -5.5 2.4
v 1.6 -5.3 2.4
v 1.6 -5.1 2.4
v 1.6 -4.9 2.4
v 1.6 -4.7 2.4
v 1.6 -4.5 2.4
v 1.6 -4.3 2.4
v 1.8 -6.5 2.4
v 1.8 -6.3 2.4
v 1.8 -6.1 2.4
v 1.8 -5.9 2.4
v 1.8 -5.7 2.4
v 1.8 -5.5 2.4
v 1.8 -5.3 2.4
v 1.8 -5.1 2.4
v 1.8 -4.9 2.4
v 1.8 -4.7 2.4
v 1.8 -4.5 2.4
v 2 -5.9 2.4
v 2 -5.7 2.4
v 2 -5.5 2.4
v 2 -5.3 2.4
v 2 -5.1 2.4
v -2.2 -5.9 2.2
v -2.2 -5.7 2.2
v -2.2 -5.5 2.2
v -2.2 -5.3 2.2
v -2.2 -5.1 2.2
v -2 -6.5 2.2
v -2 -6.3 2.2
v -2 -6.1 2.2
v -2 -5.9 2.2
v -2 -5.7 2.2
v -2 -5.5 2.2
v -2 -5.3 2.2
v -2 -5.1 2.2
v -2 -4.9 2.2
v -2 -4.7 2.2
v -2 -4.5 2.2
v -1.8 -6.9 2.2
v -1.8 -6.7 2.2
v -1.8 -6.5 2.2
v -1.8 -6.3 2.2
v -1.8 -6.1 2.2
v -1.8 -5.9 2.2
v -1.8 -5.1 2.2
v -1.8 -4.9 2.2
v -1.8 -4.7 2.2
v -1.8 -4.5 2.2
v -1.8 -4.3 2.2
v -1.8 -4.1 2.2
v -1.6 -7.1 2.2
v -1.6 -6.9 2.2
v -1.6 -6.7 2.2
v -1.6 -6.5 2.2
v -1.6 -4.5 2.2
v -1.6 -4.3 2.2
v -1.6 -4.1 2.2
v -1.6 -3.9 2.2
v -1.4 -7.3 2.2
v -1.4 -7.1 2.2
v -1.4 -6.9 2.2
v -1.4 -6.7 2.2
v -1.4 -4.3 2.2
v -1.4 -4.1 2.2
v -1.4 -3.9 2.2
v -1.4 -3.7 2.2
v -1.2 -7.3 2.2
v -1.2 -7.1 2.2
v -1.2 -6.9 2.2
v -1.2 -4.1 2.2
v -1.2 -3.9 2.2
v -1.2 -3.7 2.2
v -1 -7.5 2.2
v -1 -7.3 2.2
v -1 -7.1 2.2
v -1 -3.9 2.2
v -1 -3.7 2.2
v -1 -3.5 2.2
v -0.8 -7.5 2.2
v -0.8 -7.3 2.2
v -0.8 -3.7 2.2
v -0.8 -3.5 2.2
v -0.6 -7.5 2.2
v -0.6 -7.3 2.2
v -0.6 -3.7 2.2
v -0.6 -3.5 2.2
v -0.4 -7.7 2.2
v -0.4 -7.5 2.2
v -0.4 -7.3 2.2
v -0.4 -3.7 2.2
v -0.4 -3.5 2.2
v -0.4 -3.3 2.2
v -0.2 -7.7 2.2
v -0.2 -7.5 2.2
v -0.2 -3.5 2.2
v -0.2 -3.3 2.2
v 2.38419e-07 -7.7 2.2
v 2.38419e-07 -7.5 2.2
v 2.38419e-07 -3.5 2.2
v 2.38419e-07 -3.3 2.2
v 0.2 -7.7 2.2
v 0.2 -7.5 2.2
v 0.2 -3.5 2.2
v 0.2 -3.3 2.2
v 0.4 -7.7 2.2
v 0.4 -7.5 2.2
v 0.4 -7.3 2.2
v 0.4 -3.7 2.2
v 0.4 -3.5 2.2
v 0.4 -3.3 2.2
v 0.6 -7.5 2.2
v 0.6 -7.3 2.2
v 0.6 -3.7 2.2
v 0.6 -3.5 2.2
v 0.8 -7.5 2.2
v 0.8 -7.3 2.2
v 0.8 -3.7 2.2
v 0.8 -3.5 2.2
v 1 -7.5 2.2
v 1 -7.3 2.2
v 1 -7.1 2.2
v 1 -3.9 2.2
v 1 -3.7 2.2
v 1 -3.5 2.2
v 1.2 -7.3 2.2
v 1.2 -7.1 2.2
v 1.2 -6.9 2.2
v 1.2 -4.1 2.2
v 1.2 -3.9 2.2
v 1.2 -3.7 2.2
v 1.4 -7.3 2.2
v 1.4 -7.1 2.2
v 1.4 -6.9 2.2
v 1.4 -6.7 2.2
v 1.4 -4.3 2.2
v 1.4 -4.1 2.2
v 1.4 -3.9 2.2
v 1.4 -3.7 2.2
v 1.6 -7.1 2.2
v 1.6 -6.9 2.2
v 1.6 -6.7 2.2
v 1.6 -6.5 2.2
v 1.6 -4.5 2.2
v 1.6 -4.3 2.2
v 1.6 -4.1 2.2
v 1.6 -3.9 2.2
v 1.8 -6.9 2.2
v 1.8 -6.7 2.2
v 1.8 -6.5 2.2
v 1.8 -6.3 2.2
v 1.8 -6.1 2.2
v 1.8 -5.9 2.2
v 1.8 -5.1 2.2
v 1.8 -4.9 2.2
v 1.8 -4.7 2.2
v 1.8 -4.5 2.2
v 1.8 -4.3 2.2
v 1.8 -4.1 2.2
v 2 -6.5 2.2
v 2 -6.3 2.2
v 2 -6.1 2.2
v 2 -5.9 2.2
v 2 -5.7 2.2
v 2 -5.5 2.2
v 2 -5.3 2.2
v 2 -5.1 2.2
v 2 -4.9 2.2
v 2 -4.7 2.2
v 2 -4.5 2.2
v 2.2 -5.9 2.2
v 2.2 -5.7 2.2
v 2.2 -5.5 2.2
v 2.2 -5.3 2.2
v 2.2 -5.1 2.2
v -2.4 -5.9 2
v -2.4 -5.7 2
v -2.4 -5.5 2
v -2.4 -5.3 2
v -2.4 -5.1 2
v -2.2 -6.5 2
v -2.2 -6.3 2
v -2.2 -6.1 2
v -2.2 -5.9 2
v -2.2 -5.7 2
v -2.2 -5.5 2
v -2.2 -5.3 2
v -2.2 -5.1 2
v -2.2 -4.9 2
v -2.2 -4.7 2
v -2.2 -4.5 2
v -2 -6.9 2
v -2 -6.7 2
v -2 -6.5 2
v -2 -6.3 2
v -2 -6.1 2
v -2 -5.9 2
v -2 -5.1 2
v -2 -4.9 2
v -2 -4.7 2
v -2 -4.5 2
v -2 -4.3 2
v -2 -4.1 2
v -1.8 -7.1 2
v -1.8 -6.9 2
v -1.8 -6.7 2
v -1.8 -6.5 2
v -1.8 -4.5 2
v -1.8 -4.3 2
v -1.8 -4.1 2
v -1.8 -3.9 2
v -1.6 -7.3 2
v -1.6 -7.1 2
v -1.6 -6.9 2
v -1.6 -4.1 2
v -1.6 -3.9 2
v -1.6 -3.7 2
v -1.4 -7.5 2
v -1.4 -7.3 2
v -1.4 -7.1 2
v -1.4 -3.9 2
v -1.4 -3.7 2
v -1.4 -3.5 2
v -1.2 -7.5 2
v -1.2 -7.3 2
v -1.2 -3.7 2
v -1.2 -3.5 2
v -1 -7.7 2
v -1 -7.5 2
v -1 -7.3 2
v -1 -3.7 2
v -1 -3.5 2
v -1 -3.3 2
v -0.8 -7.7 2
v -0.8 -7.5 2
v -0.8 -3.5 2
v -0.8 -3.3 2
v -0.6 -7.7 2
v -0.6 -7.5 2
v -0.6 -3.5 2
v -0.6 -3.3 2
v -0.4 -7.9 2
v -0.4 -7.7 2
v -0.4 -7.5 2
v -0.4 -3.5 2
v -0.4 -3.3 2
v -0.4 -3.1 2
v -0.2 -7.9 2
v -0.2 -7.7 2
v -0.2 -3.3 2
v -0.2 -3.1 2
v 2.38419e-07 -7.9 2
v 2.38419e-07 -7.7 2
v 2.38419e-07 -3.3 2
v 2.38419e-07 -3.1 2
v 0.2 -7.9 2
v 0.2 -7.7 2
v 0.2 -3.3 2
v 0.2 -3.1 2
v 0.4 -7.9 2
v 0.4 -7.7 2
v 0.4 -7.5 2
v 0.4 -3.5 2
v 0.4 -3.3 2
v 0.4 -3.1 2
v 0.6 -7.7 2
v 0.6 -7.5 2
v 0.6 -3.5 2
v 0.6 -3.3 2
v 0.8 -7.7 2
v 0.8 -7.5 2
v 0.8 -3.5 2
v 0.8 -3.3 2
v 1 -7.7 2
v 1 -7.5 2
v 1 -7.3 2
v 1 -3.7 2
v 1 -3.5 2
v 1 -3.3 2
v 1.2 -7.5 2
v 1.2 -7.3 2
v 1.2 -3.7 2
v 1.2 -3.5 2
v 1.4 -7.5 2
v 1.4 -7.3 2
v 1.4 -7.1 2
v 1.4 -3.9 2
v 1.4 -3.7 2
v 1.4 -3.5 2
v 1.6 -7.3 2
v 1.6 -7.1 2
v 1.6 -6.9 2
v 1.6 -4.1 2
v 1.6 -3.9 2
v 1.6 -3.7 2
v 1.8 -7.1 2
v 1.8 -6.9 2
v 1.8 -6.7 2
v 1.8 -6.5 2
v 1.8 -4.5 2
v 1.8 -4.3 2
v 1.8 -4.1 2
v 1.8 -3.9 2
v 2 -6.9 2
v 2 -6.7 2
v 2 -6.5 2
v 2 -6.3 2
v 2 -6.1 2
v 2 -5.9 2
v 2 -5.1 2
v 2 -4.9 2
v 2 -4.7 2
v 2 -4.5 2
v 2 -4.3 2
v 2 -4.1 2
v 2.2 -6.5 2
v 2.2 -6.3 2
v 2.2 -6.1 2
v 2.2 -5.9 2
v 2.2 -5.7 2
v 2.2 -5.5 2
v 2.2 -5.3 2
v 2.2 -5.1 2
v 2.2 -4.9 2
v 2.2 -4.7 2
v 2.2 -4.5 2
v 2.4 -5.9 2
v 2.4 -5.7 2
v 2.4 -5.5 2
v 2.4 -5.3 2
v 2.4 -5.1 2
v -2.4 -6.5 1.8
v -2.4 -6.3 1.8
v -2.4 -6.1 1.8
v -2.4 -5.9 1.8
v -2.4 -5.1 1.8
v -2.4 -4.9 1.8
v -2.4 -4.7 1.8
v -2.4 -4.5 1.8
v -2.2 -6.9 1.8
v -2.2 -6.7 1.8
v -2.2 -6.5 1.8
v -2.2 -6.3 1.8
v -2.2 -6.1 1.8
v -2.2 -5.9 1.8
v -2.2 -5.1 1.8
v -2.2 -4.9 1.8
v -2.2 -4.7 1.8
v -2.2 -4.5 1.8
v -2.2 -4.3 1.8
v -2.2 -4.1 1.8
v -2 -7.1 1.8
v -2 -6.9 1.8
v -2 -6.7 1.8
v -2 -6.5 1.8
v -2 -4.5 1.8
v -2 -4.3 1.8
v -2 -4.1 1.8
v -2 -3.9 1.8
v -1.8 -7.3 1.8
v -1.8 -7.1 1.8
v -1.8 -6.9 1.8
v -1.8 -4.1 1.8
v -1.8 -3.9 1.8
v -1.8 -3.7 1.8
v -1.6 -7.5 1.8
v -1.6 -7.3 1.8
v -1.6 -7.1 1.8
v -1.6 -3.9 1.8
v -1.6 -3.7 1.8
v -1.6 -3.5 1.8
v -1.4 -7.7 1.8
v -1.4 -7.5 1.8
v -1.4 -7.3 1.8
v -1.4 -3.7 1.8
v -1.4 -3.5 1.8
v -1.4 -3.3 1.8
v -1.2 -7.7 1.8
v -1.2 -7.5 1.8
v -1.2 -3.5 1.8
v -1.2 -3.3 1.8
v -1 -7.9 1.8
v -1 -7.7 1.8
v -1 -7.5 1.8
v -1 -3.5 1.8
v -1 -3.3 1.8
v -1 -3.1 1.8
v -0.8 -7.9 1.8
v -0.8 -7.7 1.8
v -0.8 -3.3 1.8
v -0.8 -3.1 1.8
v -0.6 -7.9 1.8
v -0.6 -7.7 1.8
v -0.6 -3.3 1.8
v -0.6 -3.1 1.8
v -0.4 -7.9 1.8
v -0.4 -7.7 1.8
v -0.4 -3.3 1.8
v -0.4 -3.1 1.8
v 0.4 -7.9 1.8
v 0.4 -7.7 1.8
v 0.4 -3.3 1.8
v 0.4 -3.1 1.8
v 0.6 -7.9 1.8
v 0.6 -7.7 1.8
v 0.6 -3.3 1.8
v 0.6 -3.1 1.8
v 0.8 -7.9 1.8
v 0.8 -7.7 1.8
v 0.8 -3.3 1.8
v 0.8 -3.1 1.8
v 1 -7.9 1.8
v 1 -7.7 1.8
v 1 -7.5 1.8
v 1 -3.5 1.8
v 1 -3.3 1.8
v 1 -3.1 1.8
v 1.2 -7.7 1.8
v 1.2 -7.5 1.8
v 1.2 -3.5 1.8
v 1.2 -3.3 1.8
v 1.4 -7.7 1.8
v 1.4 -7.5 1.8
v 1.4 -7.3 1.8
v 1.4 -3.7 1.8
v 1.4 -3.5 1.8
v 1.4 -3.3 1.8
v 1.6 -7.5 1.8
v 1.6 -7.3 1.8
v 1.6 -7.1 1.8
v 1.6 -3.9 1.8
v 1.6 -3.7 1.8
v 1.6 -3.5 1.8
v 1.8 -7.3 1.8
v 1.8 -7.1 1.8
v 1.8 -6.9 1.8
v 1.8 -4.1 1.8
v 1.8 -3.9 1.8
v 1.8 -3.7 1.8
v 2 -7.1 1.8
v 2 -6.9 1.8
v 2 -6.7 1.8
v 2 -6.5 1.8
v 2 -4.5 1.8
v 2 -4.3 1.8
v 2 -4.1 1.8
v 2 -3.9 1.8
v 2.2 -6.9 1.8
v 2.2 -6.7 1.8
v 2.2 -6.5 1.8
v 2.2 -6.3 1.8
v 2.2 -6.1 1.8
v 2.2 -5.9 1.8
v 2.2 -5.1 1.8
v 2.2 -4.9 1.8
v 2.2 -4.7 1.8
v 2.2 -4.5 1.8
v 2.2 -4.3 1.8
v 2.2 -4.1 1.8
v 2.4 -6.5 1.8
v 2.4 -6.3 1.8
v 2.4 -6.1 1.8
v 2.4 -5.9 1.8
v 2.4 -5.1 1.8
v 2.4 -4.9 1.8
v 2.4 -4.7 1.8
v 2.4 -4.5 1.8
v -2.6 -6.3 1.6
v -2.6 -6.1 1.6
v -2.6 -5.9 1.6
v -2.6 -5.7 1.6
v -2.6 -5.5 1.6
v -2.6 -5.3 1.6
v -2.6 -5.1 1.6
v -2.6 -4.9 1.6
v -2.6 -4.7 1.6
v -2.4 -6.7 1.6
v -2.4 -6.5 1.6
v -2.4 -6.3 1.6
v -2.4 -6.1 1.6
v -2.4 -5.9 1.6
v -2.4 -5.7 1.6
v -2.4 -5.5 1.6
v -2.4 -5.3 1.6
v -2.4 -5.1 1.6
v -2.4 -4.9 1.6
v -2.4 -4.7 1.6
v -2.4 -4.5 1.6
v -2.4 -4.3 1.6
v -2.2 -7.1 1.6
v -2.2 -6.9 1.6
v -2.2 -6.7 1.6
v -2.2 -6.5 1.6
v -2.2 -4.5 1.6
v -2.2 -4.3 1.6
v -2.2 -4.1 1.6
v -2.2 -3.9 1.6
v -2 -7.3 1.6
v -2 -7.1 1.6
v -2 -6.9 1.6
v -2 -4.1 1.6
v -2 -3.9 1.6
v -2 -3.7 1.6
v -1.8 -7.5 1.6
v -1.8 -7.3 1.6
v -1.8 -7.1 1.6
v -1.8 -3.9 1.6
v -1.8 -3.7 1.6
v -1.8 -3.5 1.6
v -1.6 -7.7 1.6
v -1.6 -7.5 1.6
v -1.6 -7.3 1.6
v -1.6 -3.7 1.6
v -1.6 -3.5 1.6
v -1.6 -3.3 1.6
v -1.4 -7.7 1.6
v -1.4 -7.5 1.6
v -1.4 -3.5 1.6
v -1.4 -3.3 1.6
v -1.2 -7.9 1.6
v -1.2 -7.7 1.6
v -1.2 -3.3 1.6
v -1.2 -3.1 1.6
v -1 -7.9 1.6
v -1 -7.7 1.6
v -1 -3.3 1.6
v -1 -3.1 1.6
v -0.8 -8.1 1.6
v -0.8 -7.9 1.6
v -0.8 -3.1 1.6
v -0.8 -2.9 1.6
v -0.6 -8.1 1.6
v -0.6 -7.9 1.6
v -0.6 -3.1 1.6
v -0.6 -2.9 1.6
v -0.4 -8.1 1.6
v -0.4 -7.9 1.6
v -0.4 -3.1 1.6
v -0.4 -2.9 1.6
v -0.2 -8.1 1.6
v -0.2 -7.9 1.6
v -0.2 -3.1 1.6
v -0.2 -2.9 1.6
v 2.38419e-07 -8.1 1.6
v 2.38419e-07 -7.9 1.6
v 2.38419e-07 -3.1 1.6
v 2.38419e-07 -2.9 1.6
v 0.2 -8.1 1.6
v 0.2 -7.9 1.6
v 0.2 -3.1 1.6
v 0.2 -2.9 1.6
v 0.4 -8.1 1.6
v 0.4 -7.9 1.6
v 0.4 -3.1 1.6
v 0.4 -2.9 1.6
v 0.6 -8.1 1.6
v 0.6 -7.9 1.6
v 0.6 -3.1 1.6
v 0.6 -2.9 1.6
v 0.8 -8.1 1.6
v 0.8 -7.9 1.6
v 0.8 -3.1 1.6
v 0.8 -2.9 1.6
v 1 -7.9 1.6
v 1 -7.7 1.6
v 1 -3.3 1.6
v 1 -3.1 1.6
v 1.2 -7.9 1.6
v 1.2 -7.7 1.6
v 1.2 -3.3 1.6
v 1.2 -3.1 1.6
v 1.4 -7.7 1.6
v 1.4 -7.5 1.6
v 1.4 -3.5 1.6
v 1.4 -3.3 1.6
v 1.6 -7.7 1.6
v 1.6 -7.5 1.6
v 1.6 -7.3 1.6
v 1.6 -3.7 1.6
v 1.6 -3.5 1.6
v 1.6 -3.3 1.6
v 1.8 -7.5 1.6
v 1.8 -7.3 1.6
v 1.8 -7.1 1.6
v 1.8 -3.9 1.6
v 1.8 -3.7 1.6
v 1.8 -3.5 1.6
v 2 -7.3 1.6
v 2 -7.1 1.6
v 2 -6.9 1.6
v 2 -4.1 1.6
v 2 -3.9 1.6
v 2 -3.7 1.6
v 2.2 -7.1 1.6
v 2.2 -6.9 1.6
v 2.2 -6.7 1.6
v 2.2 -6.5 1.6
v 2.2 -4.5 1.6
v 2.2 -4.3 1.6
v 2.2 -4.1 1.6
v 2.2 -3.9 1.6
v 2.4 -6.7 1.6
v 2.4 -6.5 1.6
v 2.4 -6.3 1.6
v 2.4 -6.1 1.6
v 2.4 -5.9 1.6
v 2.4 -5.7 1.6
v 2.4 -5.5 1.6
v 2.4 -5.3 1.6
v 2.4 -5.1 1.6
v 2.4 -4.9 1.6
v 2.4 -4.7 1.6
v 2.4 -4.5 1.6
v 2.4 -4.3 1.6
v 2.6 -6.3 1.6
v 2.6 -6.1 1.6
v 2.6 -5.9 1.6
v 2.6 -5.7 1.6
v 2.6 -5.5 1.6
v 2.6 -5.3 1.6
v 2.6 -5.1 1.6
v 2.6 -4.9 1.6
v 2.6 -4.7 1.6
v -2.8 -5.7 1.4
v -2.8 -5.5 1.4
v -2.8 -5.3 1.4
v -2.6 -6.5 1.4
v -2.6 -6.3 1.4
v -2.6 -5.7 1.4
v -2.6 -5.5 1.4
v -2.6 -5.3 1.4
v -2.6 -4.7 1.4
v -2.6 -4.5 1.4
v -2.4 -6.9 1.4
v -2.4 -6.7 1.4
v -2.4 -6.5 1.4
v -2.4 -6.3 1.4
v -2.4 -4.7 1.4
v -2.4 -4.5 1.4
v -2.4 -4.3 1.4
v -2.4 -4.1 1.4
v -2.2 -7.3 1.4
v -2.2 -7.1 1.4
v -2.2 -6.9 1.4
v -2.2 -6.7 1.4
v -2.2 -4.3 1.4
v -2.2 -4.1 1.4
v -2.2 -3.9 1.4
v -2.2 -3.7 1.4
v -2 -7.5 1.4
v -2 -7.3 1.4
v -2 -7.1 1.4
v -2 -3.9 1.4
v -2 -3.7 1.4
v -2 -3.5 1.4
v -1.8 -7.7 1.4
v -1.8 -7.5 1.4
v -1.8 -7.3 1.4
v -1.8 -3.7 1.4
v -1.8 -3.5 1.4
v -1.8 -3.3 1.4
v -1.6 -7.7 1.4
v -1.6 -7.5 1.4
v -1.6 -3.5 1.4
v -1.6 -3.3 1.4
v -1.4 -7.9 1.4
v -1.4 -7.7 1.4
v -1.4 -3.3 1.4
v -1.4 -3.1 1.4
v -1.2 -7.9 1.4
v -1.2 -7.7 1.4
v -1.2 -3.3 1.4
v -1.2 -3.1 1.4
v -1 -8.1 1.4
v -1 -7.9 1.4
v -1 -3.1 1.4
v -1 -2.9 1.4
v -0.8 -8.1 1.4
v -0.8 -7.9 1.4
v -0.8 -3.1 1.4
v -0.8 -2.9 1.4
v -0.2 -8.3 1.4
v -0.2 -8.1 1.4
v -0.2 -2.9 1.4
v -0.2 -2.7 1.4
v 2.38419e-07 -8.3 1.4
v 2.38419e-07 -8.1 1.4
v 2.38419e-07 -2.9 1.4
v 2.38419e-07 -2.7 1.4
v 0.2 -8.3 1.4
v 0.2 -8.1 1.4
v 0.2 -2.9 1.4
v 0.2 -2.7 1.4
v 0.8 -8.1 1.4
v 0.8 -7.9 1.4
v 0.8 -3.1 1.4
v 0.8 -2.9 1.4
v 1 -8.1 1.4
v 1 -7.9 1.4
v 1 -3.1 1.4
v 1 -2.9 1.4
v 1.2 -7.9 1.4
v 1.2 -7.7 1.4
v 1.2 -3.3 1.4
v 1.2 -3.1 1.4
v 1.4 -7.9 1.4
v 1.4 -7.7 1.4
v 1.4 -3.3 1.4
v 1.4 -3.1 1.4
v 1.6 -7.7 1.4
v 1.6 -7.5 1.4
v 1.6 -3.5 1.4
v 1.6 -3.3 1.4
v 1.8 -7.7 1.4
v 1.8 -7.5 1.4
v 1.8 -7.3 1.4
v 1.8 -3.7 1.4
v 1.8 -3.5 1.4
v 1.8 -3.3 1.4
v 2 -7.5 1.4
v 2 -7.3 1.4
v 2 -7.1 1.4
v 2 -3.9 1.4
v 2 -3.7 1.4
v 2 -3.5 1.4
v 2.2 -7.3 1.4
v 2.2 -7.1 1.4
v 2.2 -6.9 1.4
v 2.2 -6.7 1.4
v 2.2 -4.3 1.4
v 2.2 -4.1 1.4
v 2.2 -3.9 1.4
v 2.2 -3.7 1.4
v 2.4 -6.9 1.4
v 2.4 -6.7 1.4
v 2.4 -6.5 1.4
v 2.4 -6.3 1.4
v 2.4 -4.7 1.4
v 2.4 -4.5 1.4
v 2.4 -4.3 1.4
v 2.4 -4.1 1.4
v 2.6 -6.5 1.4
v 2.6 -6.3 1.4
v 2.6 -5.7 1.4
v 2.6 -5.5 1.4
v 2.6 -5.3 1.4
v 2.6 -4.7 1.4
v 2.6 -4.5 1.4
v 2.8 -5.7 1.4
v 2.8 -5.5 1.4
v 2.8 -5.3 1.4
v -2.8 -6.3 1.2
v -2.8 -6.1 1.2
v -2.8 -5.9 1.2
v -2.8 -5.7 1.2
v -2.8 -5.3 1.2
v -2.8 -5.1 1.2
v -2.8 -4.9 1.2
v -2.8 -4.7 1.2
v -2.6 -6.7 1.2
v -2.6 -6.5 1.2
v -2.6 -6.3 1.2
v -2.6 -6.1 1.2
v -2.6 -5.9 1.2
v -2.6 -5.7 1.2
v -2.6 -5.3 1.2
v -2.6 -5.1 1.2
v -2.6 -4.9 1.2
v -2.6 -4.7 1.2
v -2.6 -4.5 1.2
v -2.6 -4.3 1.2
v -2.4 -7.1 1.2
v -2.4 -6.9 1.2
v -2.4 -6.7 1.2
v -2.4 -6.5 1.2
v -2.4 -4.5 1.2
v -2.4 -4.3 1.2
v -2.4 -4.1 1.2
v -2.4 -3.9 1.2
v -2.2 -7.1 1.2
v -2.2 -6.9 1.2
v -2.2 -4.1 1.2
v -2.2 -3.9 1.2
v -1.6 -7.9 1.2
v -1.6 -7.7 1.2
v -1.6 -3.3 1.2
v -1.6 -3.1 1.2
v -1.4 -7.9 1.2
v -1.4 -7.7 1.2
v -1.4 -3.3 1.2
v -1.4 -3.1 1.2
v -1.2 -8.1 1.2
v -1.2 -7.9 1.2
v -1.2 -3.1 1.2
v -1.2 -2.9 1.2
v -1 -8.1 1.2
v -1 -7.9 1.2
v -1 -3.1 1.2
v -1 -2.9 1.2
v -0.8 -8.3 1.2
v -0.8 -8.1 1.2
v -0.8 -2.9 1.2
v -0.8 -2.7 1.2
v -0.6 -8.3 1.2
v -0.6 -8.1 1.2
v -0.6 -2.9 1.2
v -0.6 -2.7 1.2
v -0.4 -8.3 1.2
v -0.4 -8.1 1.2
v -0.4 -2.9 1.2
v -0.4 -2.7 1.2
v -0.2 -8.3 1.2
v -0.2 -8.1 1.2
v -0.2 -2.9 1.2
v -0.2 -2.7 1.2
v 0.2 -8.3 1.2
v 0.2 -8.1 1.2
v 0.2 -2.9 1.2
v 0.2 -2.7 1.2
v 0.4 -8.3 1.2
v 0.4 -8.1 1.2
v 0.4 -2.9 1.2
v 0.4 -2.7 1.2
v 0.6 -8.3 1.2
v 0.6 -8.1 1.2
v 0.6 -2.9 1.2
v 0.6 -2.7 1.2
v 0.8 -8.3 1.2
v 0.8 -8.1 1.2
v 0.8 -2.9 1.2
v 0.8 -2.7 1.2
v 1 -8.1 1.2
v 1 -7.9 1.2
v 1 -3.1 1.2
v 1 -2.9 1.2
v 1.2 -8.1 1.2
v 1.2 -7.9 1.2
v 1.2 -3.1 1.2
v 1.2 -2.9 1.2
v 1.4 -7.9 1.2
v 1.4 -7.7 1.2
v 1.4 -3.3 1.2
v 1.4 -3.1 1.2
v 1.6 -7.9 1.2
v 1.6 -7.7 1.2
v 1.6 -3.3 1.2
v 1.6 -3.1 1.2
v 2.2 -7.1 1.2
v 2.2 -6.9 1.2
v 2.2 -4.1 1.2
v 2.2 -3.9 1.2
v 2.4 -7.1 1.2
v 2.4 -6.9 1.2
v 2.4 -6.7 1.2
v 2.4 -6.5 1.2
v 2.4 -4.5 1.2
v 2.4 -4.3 1.2
v 2.4 -4.1 1.2
v 2.4 -3.9 1.2
v 2.6 -6.7 1.2
v 2.6 -6.5 1.2
v 2.6 -6.3 1.2
v 2.6 -6.1 1.2
v 2.6 -5.9 1.2
v 2.6 -5.7 1.2
v 2.6 -5.3 1.2
v 2.6 -5.1 1.2
v 2.6 -4.9 1.2
v 2.6 -4.7 1.2
v 2.6 -4.5 1.2
v 2.6 -4.3 1.2
v 2.8 -6.3 1.2
v 2.8 -6.1 1.2
v 2.8 -5.9 1.2
v 2.8 -5.7 1.2
v 2.8 -5.3 1.2
v 2.8 -5.1 1.2
v 2.8 -4.9 1.2
v 2.8 -4.7 1.2
v -2.8 -6.5 1
v -2.8 -6.3 1
v -2.8 -4.7 1
v -2.8 -4.5 1
v -2.6 -6.9 1
v -2.6 -6.7 1
v -2.6 -6.5 1
v -2.6 -6.3 1
v -2.6 -4.7 1
v -2.6 -4.5 1
v -2.6 -4.3 1
v -2.6 -4.1 1
v -2.4 -7.3 1
v -2.4 -7.1 1
v -2.4 -6.9 1
v -2.4 -6.7 1
v -2.4 -4.3 1
v -2.4 -4.1 1
v -2.4 -3.9 1
v -2.4 -3.7 1
v -2.2 -7.5 1
v -2.2 -7.3 1
v -2.2 -7.1 1
v -2.2 -3.9 1
v -2.2 -3.7 1
v -2.2 -3.5 1
v -2 -7.7 1
v -2 -7.5 1
v -2 -7.3 1
v -2 -3.7 1
v -2 -3.5 1
v -2 -3.3 1
v -1.8 -7.9 1
v -1.8 -7.7 1
v -1.8 -7.5 1
v -1.8 -3.5 1
v -1.8 -3.3 1
v -1.8 -3.1 1
v -1.6 -7.9 1
v -1.6 -7.7 1
v -1.6 -3.3 1
v -1.6 -3.1 1
v -1.4 -8.1 1
v -1.4 -7.9 1
v -1.4 -3.1 1
v -1.4 -2.9 1
v -1.2 -8.1 1
v -1.2 -7.9 1
v -1.2 -3.1 1
v -1.2 -2.9 1
v -1 -8.3 1
v -1 -8.1 1
v -1 -2.9 1
v -1 -2.7 1
v -0.8 -8.3 1
v -0.8 -8.1 1
v -0.8 -2.9 1
v -0.8 -2.7 1
v 0.8 -8.3 1
v 0.8 -8.1 1
v 0.8 -2.9 1
v 0.8 -2.7 1
v 1 -8.3 1
v 1 -8.1 1
v 1 -2.9 1
v 1 -2.7 1
v 1.2 -8.1 1
v 1.2 -7.9 1
v 1.2 -3.1 1
v 1.2 -2.9 1
v 1.4 -8.1 1
v 1.4 -7.9 1
v 1.4 -3.1 1
v 1.4 -2.9 1
v 1.6 -7.9 1
v 1.6 -7.7 1
v 1.6 -3.3 1
v 1.6 -3.1 1
v 1.8 -7.9 1
v 1.8 -7.7 1
v 1.8 -7.5 1
v 1.8 -3.5 1
v 1.8 -3.3 1
v 1.8 -3.1 1
v 2 -7.7 1
v 2 -7.5 1
v 2 -7.3 1
v 2 -3.7 1
v 2 -3.5 1
v 2 -3.3 1
v 2.2 -7.5 1
v 2.2 -7.3 1
v 2.2 -7.1 1
v 2.2 -3.9 1
v 2.2 -3.7 1
v 2.2 -3.5 1
v 2.4 -7.3 1
v 2.4 -7.1 1
v 2.4 -6.9 1
v 2.4 -6.7 1
v 2.4 -4.3 1
v 2.4 -4.1 1
v 2.4 -3.9 1
v 2.4 -3.7 1
v 2.6 -6.9 1
v 2.6 -6.7 1
v 2.6 -6.5 1
v 2.6 -6.3 1
v 2.6 -4.7 1
v 2.6 -4.5 1
v 2.6 -4.3 1
v 2.6 -4.1 1
v 2.8 -6.5 1
v 2.8 -6.3 1
v 2.8 -4.7 1
v 2.8 -4.5 1
v -3 -5.9 0.8
v -3 -5.7 0.8
v -3 -5.5 0.8
v -3 -5.3 0.8
v -3 -5.1 0.8
v -2.8 -6.7 0.8
v -2.8 -6.5 0.8
v -2.8 -5.9 0.8
v -2.8 -5.7 0.8
v -2.8 -5.5 0.8
v -2.8 -5.3 0.8
v -2.8 -5.1 0.8
v -2.8 -4.5 0.8
v -2.8 -4.3 0.8
v -2.6 -7.1 0.8
v -2.6 -6.9 0.8
v -2.6 -6.7 0.8
v -2.6 -6.5 0.8
v -2.6 -4.5 0.8
v -2.6 -4.3 0.8
v -2.6 -4.1 0.8
v -2.6 -3.9 0.8
v -2.4 -7.1 0.8
v -2.4 -6.9 0.8
v -2.4 -4.1 0.8
v -2.4 -3.9 0.8
v -1.6 -8.1 0.8
v -1.6 -7.9 0.8
v -1.6 -3.1 0.8
v -1.6 -2.9 0.8
v -1.4 -8.1 0.8
v -1.4 -7.9 0.8
v -1.4 -3.1 0.8
v -1.4 -2.9 0.8
v -1.2 -8.3 0.8
v -1.2 -8.1 0.8
v -1.2 -2.9 0.8
v -1.2 -2.7 0.8
v -1 -8.3 0.8
v -1 -8.1 0.8
v -1 -2.9 0.8
v -1 -2.7 0.8
v -0.4 -8.5 0.8
v -0.4 -8.3 0.8
v -0.4 -2.7 0.8
v -0.4 -2.5 0.8
v -0.2 -8.5 0.8
v -0.2 -8.3 0.8
v -0.2 -2.7 0.8
v -0.2 -2.5 0.8
v 2.38419e-07 -8.5 0.8
v 2.38419e-07 -8.3 0.8
v 2.38419e-07 -2.7 0.8
v 2.38419e-07 -2.5 0.8
v 0.2 -8.5 0.8
v 0.2 -8.3 0.8
v 0.2 -2.7 0.8
v 0.2 -2.5 0.8
v 0.4 -8.5 0.8
v 0.4 -8.3 0.8
v 0.4 -2.7 0.8
v 0.4 -2.5 0.8
v 1 -8.3 0.8
v 1 -8.1 0.8
v 1 -2.9 0.8
v 1 -2.7 0.8
v 1.2 -8.3 0.8
v 1.2 -8.1 0.8
v 1.2 -2.9 0.8
v 1.2 -2.7 0.8
v 1.4 -8.1 0.8
v 1.4 -7.9 0.8
v 1.4 -3.1 0.8
v 1.4 -2.9 0.8
v 1.6 -8.1 0.8
v 1.6 -7.9 0.8
v 1.6 -3.1 0.8
v 1.6 -2.9 0.8
v 2.4 -7.1 0.8
v 2.4 -6.9 0.8
v 2.4 -4.1 0.8
v 2.4 -3.9 0.8
v 2.6 -7.1 0.8
v 2.6 -6.9 0.8
v 2.6 -6.7 0.8
v 2.6 -6.5 0.8
v 2.6 -4.5 0.8
v 2.6 -4.3 0.8
v 2.6 -4.1 0.8
v 2.6 -3.9 0.8
v 2.8 -6.7 0.8
v 2.8 -6.5 0.8
v 2.8 -5.9 0.8
v 2.8 -5.7 0.8
v 2.8 -5.5 0.8
v 2.8 -5.3 0.8
v 2.8 -5.1 0.8
v 2.8 -4.5 0.8
v 2.8 -4.3 0.8
v 3 -5.9 0.8
v 3 -5.7 0.8
v 3 -5.5 0.8
v 3 -5.3 0.8
v 3 -5.1 0.8
v -3 -6.1 0.6
v -3 -5.9 0.6
v -3 -5.1 0.6
v -3 -4.9 0.6
v -2.8 -6.1 0.6
v -2.8 -5.9 0.6
v -2.8 -5.1 0.6
v -2.8 -4.9 0.6
v -0.6 -8.5 0.6
v -0.6 -8.3 0.6
v -0.6 -2.7 0.6
v -0.6 -2.5 0.6
v -0.4 -8.5 0.6
v -0.4 -8.3 0.6
v -0.4 -2.7 0.6
v -0.4 -2.5 0.6
v 0.4 -8.5 0.6
v 0.4 -8.3 0.6
v 0.4 -2.7 0.6
v 0.4 -2.5 0.6
v 0.6 -8.5 0.6
v 0.6 -8.3 0.6
v 0.6 -2.7 0.6
v 0.6 -2.5 0.6
v 2.8 -6.1 0.6
v 2.8 -5.9 0.6
v 2.8 -5.1 0.6
v 2.8 -4.9 0.6
v 3 -6.1 0.6
v 3 -5.9 0.6
v 3 -5.1 0.6
v 3 -4.9 0.6
v -3 -6.3 0.4
v -3 -6.1 0.4
v -3 -4.9 0.4
v -3 -4.7 0.4
v -2.8 -6.3 0.4
v -2.8 -6.1 0.4
v -2.8 -4.9 0.4
v -2.8 -4.7 0.4
v -2.4 -7.5 0.4
v -2.4 -7.3 0.4
v -2.4 -3.7 0.4
v -2.4 -3.5 0.4
v -2.2 -7.7 0.4
v -2.2 -7.5 0.4
v -2.2 -7.3 0.4
v -2.2 -3.7 0.4
v -2.2 -3.5 0.4
v -2.2 -3.3 0.4
v -2 -7.9 0.4
v -2 -7.7 0.4
v -2 -7.5 0.4
v -2 -3.5 0.4
v -2 -3.3 0.4
v -2 -3.1 0.4
v -1.8 -7.9 0.4
v -1.8 -7.7 0.4
v -1.8 -3.3 0.4
v -1.8 -3.1 0.4
v -0.8 -8.5 0.4
v -0.8 -8.3 0.4
v -0.8 -2.7 0.4
v -0.8 -2.5 0.4
v -0.6 -8.5 0.4
v -0.6 -8.3 0.4
v -0.6 -2.7 0.4
v -0.6 -2.5 0.4
v 0.6 -8.5 0.4
v 0.6 -8.3 0.4
v 0.6 -2.7 0.4
v 0.6 -2.5 0.4
v 0.8 -8.5 0.4
v 0.8 -8.3 0.4
v 0.8 -2.7 0.4
v 0.8 -2.5 0.4
v 1.8 -7.9 0.4
v 1.8 -7.7 0.4
v 1.8 -3.3 0.4
v 1.8 -3.1 0.4
v 2 -7.9 0.4
v 2 -7.7 0.4
v 2 -7.5 0.4
v 2 -3.5 0.4
v 2 -3.3 0.4
v 2 -3.1 0.4
v 2.2 -7.7 0.4
v 2.2 -7.5 0.4
v 2.2 -7.3 0.4
v 2.2 -3.7 0.4
v 2.2 -3.5 0.4
v 2.2 -3.3 0.4
v 2.4 -7.5 0.4
v 2.4 -7.3 0.4
v 2.4 -3.7 0.4
v 2.4 -3.5 0.4
v 2.8 -6.3 0.4
v 2.8 -6.1 0.4
v 2.8 -4.9 0.4
v 2.8 -4.7 0.4
v 3 -6.3 0.4
v 3 -6.1 0.4
v 3 -4.9 0.4
v 3 -4.7 0.4
v -2.8 -6.9 0.2
v -2.8 -6.7 0.2
v -2.8 -4.3 0.2
v -2.8 -4.1 0.2
v -2.6 -6.9 0.2
v -2.6 -6.7 0.2
v -2.6 -4.3 0.2
v -2.6 -4.1 0.2
v -1.4 -8.3 0.2
v -1.4 -8.1 0.2
v -1.4 -2.9 0.2
v -1.4 -2.7 0.2
v -1.2 -8.3 0.2
v -1.2 -8.1 0.2
v -1.2 -2.9 0.2
v -1.2 -2.7 0.2
v 1.2 -8.3 0.2
v 1.2 -8.1 0.2
v 1.2 -2.9 0.2
v 1.2 -2.7 0.2
v 1.4 -8.3 0.2
v 1.4 -8.1 0.2
v 1.4 -2.9 0.2
v 1.4 -2.7 0.2
v 2.6 -6.9 0.2
v 2.6 -6.7 0.2
v 2.6 -4.3 0.2
v 2.6 -4.1 0.2
v 2.8 -6.9 0.2
v 2.8 -6.7 0.2
v 2.8 -4.3 0.2
v 2.8 -4.1 0.2
v -2.8 -6.9 -0.2
v -2.8 -6.7 -0.2
v -2.8 -4.3 -0.2
v -2.8 -4.1 -0.2
v -2.6 -6.9 -0.2
v -2.6 -6.7 -0.2
v -2.6 -4.3 -0.2
v -2.6 -4.1 -0.2
v -1.4 -8.3 -0.2
v -1.4 -8.1 -0.2
v -1.4 -2.9 -0.2
v -1.4 -2.7 -0.2
v -1.2 -8.3 -0.2
v -1.2 -8.1 -0.2
v -1.2 -2.9 -0.2
v -1.2 -2.7 -0.2
v 1.2 -8.3 -0.2
v 1.2 -8.1 -0.2
v 1.2 -2.9 -0.2
v 1.2 -2.7 -0.2
v 1.4 -8.3 -0.2
v 1.4 -8.1 -0.2
v 1.4 -2.9 -0.2
v 1.4 -2.7 -0.2
v 2.6 -6.9 -0.2
v 2.6 -6.7 -0.2
v 2.6 -4.3 -0.2
v 2.6 -4.1 -0.2
v 2.8 -6.9 -0.2
v 2.8 -6.7 -0.2
v 2.8 -4.3 -0.2
v 2.8 -4.1 -0.2
v -3 -6.3 -0.4
v -3 -6.1 -0.4
v -3 -4.9 -0.4
v -3 -4.7 -0.4
v -2.8 -6.3 -0.4
v -2.8 -6.1 -0.4
v -2.8 -4.9 -0.4
v -2.8 -4.7 -0.4
v -2.4 -7.5 -0.4
v -2.4 -7.3 -0.4
v -2.4 -3.7 -0.4
v -2.4 -3.5 -0.4
v -2.2 -7.7 -0.4
v -2.2 -7.5 -0.4
v -2.2 -7.3 -0.4
v -2.2 -3.7 -0.4
v -2.2 -3.5 -0.4
v -2.2 -3.3 -0.4
v -2 -7.9 -0.4
v -2 -7.7 -0.4
v -2 -7.5 -0.4
v -2 -3.5 -0.4
v -2 -3.3 -0.4
v -2 -3.1 -0.4
v -1.8 -7.9 -0.4
v -1.8 -7.7 -0.4
v -1.8 -3.3 -0.4
v -1.8 -3.1 -0.4
v -0.8 -8.5 -0.4
v -0.8 -8.3 -0.4
v -0.8 -2.7 -0.4
v -0.8 -2.5 -0.4
v -0.6 -8.5 -0.4
v -0.6 -8.3 -0.4
v -0.6 -2.7 -0.4
v -0.6 -2.5 -0.4
v 0.6 -8.5 -0.4
v 0.6 -8.3 -0.4
v 0.6 -2.7 -0.4
v 0.6 -2.5 -0.4
v 0.8 -8.5 -0.4
v 0.8 -8.3 -0.4
v 0.8 -2.7 -0.4
v 0.8 -2.5 -0.4
v 1.8 -7.9 -0.4
v 1.8 -7.7 -0.4
v 1.8 -3.3 -0.4
v 1.8 -3.1 -0.4
v 2 -7.9 -0.4
v 2 -7.7 -0.4
v 2 -7.5 -0.4
v 2 -3.5 -0.4
v 2 -3.3 -0.4
v 2 -3.1 -0.4
v 2.2 -7.7 -0.4
v 2.2 -7.5 -0.4
v 2.2 -7.3 -0.4
v 2.2 -3.7 -0.4
v 2.2 -3.5 -0.4
v 2.2 -3.3 -0.4
v 2.4 -7.5 -0.4
v 2.4 -7.3 -0.4
v 2.4 -3.7 -0.4
v 2.4 -3.5 -0.4
v 2.8 -6.3 -0.4
v 2.8 -6.1 -0.4
v 2.8 -4.9 -0.4
v 2.8 -4.7 -0.4
v 3 -6.3 -0.4
v 3 -6.1 -0.4
v 3 -4.9 -0.4
v 3 -4.7 -0.4
v -3 -6.1 -0.6
v -3 -5.9 -0.6
v -3 -5.1 -0.6
v -3 -4.9 -0.6
v -2.8 -6.1 -0.6
v -2.8 -5.9 -0.6
v -2.8 -5.1 -0.6
v -2.8 -4.9 -0.6
v -0.6 -8.5 -0.6
v -0.6 -8.3 -0.6
v -0.6 -2.7 -0.6
v -0.6 -2.5 -0.6
v -0.4 -8.5 -0.6
v -0.4 -8.3 -0.6
v -0.4 -2.7 -0.6
v -0.4 -2.5 -0.6
v 0.4 -8.5 -0.6
v 0.4 -8.3 -0.6
v 0.4 -2.7 -0.6
v 0.4 -2.5 -0.6
v 0.6 -8.5 -0.6
v 0.6 -8.3 -0.6
v 0.6 -2.7 -0.6
v 0.6 -2.5 -0.6
v 2.8 -6.1 -0.6
v 2.8 -5.9 -0.6
v 2.8 -5.1 -0.6
v 2.8 -4.9 -0.6
v 3 -6.1 -0.6
v 3 -5.9 -0.6
v 3 -5.1 -0.6
v 3 -4.9 -0.6
v -3 -5.9 -0.8
v -3 -5.7 -0.8
v -3 -5.5 -0.8
v -3 -5.3 -0.8
v -3 -5.1 -0.8
v -2.8 -6.7 -0.8
v -2.8 -6.5 -0.8
v -2.8 -5.9 -0.8
v -2.8 -5.7 -0.8
v -2.8 -5.5 -0.8
v -2.8 -5.3 -0.8
v -2.8 -5.1 -0.8
v -2.8 -4.5 -0.8
v -2.8 -4.3 -0.8
v -2.6 -7.1 -0.8
v -2.6 -6.9 -0.8
v -2.6 -6.7 -0.8
v -2.6 -6.5 -0.8
v -2.6 -4.5 -0.8
v -2.6 -4.3 -0.8
v -2.6 -4.1 -0.8
v -2.6 -3.9 -0.8
v -2.4 -7.1 -0.8
v -2.4 -6.9 -0.8
v -2.4 -4.1 -0.8
v -2.4 -3.9 -0.8
v -1.6 -8.1 -0.8
v -1.6 -7.9 -0.8
v -1.6 -3.1 -0.8
v -1.6 -2.9 -0.8
v -1.4 -8.1 -0.8
v -1.4 -7.9 -0.8
v -1.4 -3.1 -0.8
v -1.4 -2.9 -0.8
v -1.2 -8.3 -0.8
v -1.2 -8.1 -0.8
v -1.2 -2.9 -0.8
v -1.2 -2.7 -0.8
v -1 -8.3 -0.8
v -1 -8.1 -0.8
v -1 -2.9 -0.8
v -1 -2.7 -0.8
v -0.4 -8.5 -0.8
v -0.4 -8.3 -0.8
v -0.4 -2.7 -0.8
v -0.4 -2.5 -0.8
v -0.2 -8.5 -0.8
v -0.2 -8.3 -0.8
v -0.2 -2.7 -0.8
v -0.2 -2.5 -0.8
v 2.38419e-07 -8.5 -0.8
v 2.38419e-07 -8.3 -0.8
v 2.38419e-07 -2.7 -0.8
v 2.38419e-07 -2.5 -0.8
v 0.2 -8.5 -0.8
v 0.2 -8.3 -0.8
v 0.2 -2.7 -0.8
v 0.2 -2.5 -0.8
v 0.4 -8.5 -0.8
v 0.4 -8.3 -0.8
v 0.4 -2.7 -0.8
v 0.4 -2.5 -0.8
v 1 -8.3 -0.8
v 1 -8.1 -0.8
v 1 -2.9 -0.8
v 1 -2.7 -0.8
v 1.2 -8.3 -0.8
v 1.2 -8.1 -0.8
v 1.2 -2.9 -0.8
v 1.2 -2.7 -0.8
v 1.4 -8.1 -0.8
v 1.4 -7.9 -0.8
v 1.4 -3.1 -0.8
v 1.4 -2.9 -0.8
v 1.6 -8.1 -0.8
v 1.6 -7.9 -0.8
v 1.6 -3.1 -0.8
v 1.6 -2.9 -0.8
v 2.4 -7.1 -0.8
v 2.4 -6.9 -0.8
v 2.4 -4.1 -0.8
v 2.4 -3.9 -0.8
v 2.6 -7.1 -0.8
v 2.6 -6.9 -0.8
v 2.6 -6.7 -0.8
v 2.6 -6.5 -0.8
v 2.6 -4.5 -0.8
v 2.6 -4.3 -0.8
v 2.6 -4.1 -0.8
v 2.6 -3.9 -0.8
v 2.8 -6.7 -0.8
v 2.8 -6.5 -0.8
v 2.8 -5.9 -0.8
v 2.8 -5.7 -0.8
v 2.8 -5.5 -0.8
v 2.8 -5.3 -0.8
v 2.8 -5.1 -0.8
v 2.8 -4.5 -0.8
v 2.8 -4.3 -0.8
v 3 -5.9 -0.8
v 3 -5.7 -0.8
v 3 -5.5 -0.8
v 3 -5.3 -0.8
v 3 -5.1 -0.8
v -2.8 -6.5 -1
v -2.8 -6.3 -1
v -2.8 -4.7 -1
v -2.8 -4.5 -1
v -2.6 -6.9 -1
v -2.6 -6.7 -1
v -2.6 -6.5 -1
v -2.6 -6.3 -1
v -2.6 -4.7 -1
v -2.6 -4.5 -1
v -2.6 -4.3 -1
v -2.6 -4.1 -1
v -2.4 -7.3 -1
v -2.4 -7.1 -1
v -2.4 -6.9 -1
v -2.4 -6.7 -1
v -2.4 -4.3 -1
v -2.4 -4.1 -1
v -2.4 -3.9 -1
v -2.4 -3.7 -1
v -2.2 -7.5 -1
v -2.2 -7.3 -1
v -2.2 -7.1 -1
v -2.2 -3.9 -1
v -2.2 -3.7 -1
v -2.2 -3.5 -1
v -2 -7.7 -1
v -2 -7.5 -1
v -2 -7.3 -1
v -2 -3.7 -1
v -2 -3.5 -1
v -2 -3.3 -1
v -1.8 -7.9 -1
v -1.8 -7.7 -1
v -1.8 -7.5 -1
v -1.8 -3.5 -1
v -1.8 -3.3 -1
v -1.8 -3.1 -1
v -1.6 -7.9 -1
v -1.6 -7.7 -1
v -1.6 -3.3 -1
v -1.6 -3.1 -1
v -1.4 -8.1 -1
v -1.4 -7.9 -1
v -1.4 -3.1 -1
v -1.4 -2.9 -1
v -1.2 -8.1 -1
v -1.2 -7.9 -1
v -1.2 -3.1 -1
v -1.2 -2.9 -1
v -1 -8.3 -1
v -1 -8.1 -1
v -1 -2.9 -1
v -1 -2.7 -1
v -0.8 -8.3 -1
v -0.8 -8.1 -1
v -0.8 -2.9 -1
v -0.8 -2.7 -1
v 0.8 -8.3 -1
v 0.8 -8.1 -1
v 0.8 -2.9 -1
v 0.8 -2.7 -1
v 1 -8.3 -1
v 1 -8.1 -1
v 1 -2.9 -1
v 1 -2.7 -1
v 1.2 -8.1 -1
v 1.2 -7.9 -1
v 1.2 -3.1 -1
v 1.2 -2.9 -1
v 1.4 -8.1 -1
v 1.4 -7.9 -1
v 1.4 -3.1 -1
v 1.4 -2.9 -1
v 1.6 -7.9 -1
v 1.6 -7.7 -1
v 1.6 -3.3 -1
v 1.6 -3.1 -1
v 1.8 -7.9 -1
v 1.8 -7.7 -1
v 1.8 -7.5 -1
v 1.8 -3.5 -1
v 1.8 -3.3 -1
v 1.8 -3.1 -1
v 2 -7.7 -1
v 2 -7.5 -1
v 2 -7.3 -1
v 2 -3.7 -1
v 2 -3.5 -1
v 2 -3.3 -1
v 2.2 -7.5 -1
v 2.2 -7.3 -1
v 2.2 -7.1 -1
v 2.2 -3.9 -1
v 2.2 -3.7 -1
v 2.2 -3.5 -1
v 2.4 -7.3 -1
v 2.4 -7.1 -1
v 2.4 -6.9 -1
v 2.4 -6.7 -1
v 2.4 -4.3 -1
v 2.4 -4.1 -1
v 2.4 -3.9 -1
v 2.4 -3.7 -1
v 2.6 -6.9 -1
v 2.6 -6.7 -1
v 2.6 -6.5 -1
v 2.6 -6.3 -1
v 2.6 -4.7 -1
v 2.6 -4.5 -1
v 2.6 -4.3 -1
v 2.6 -4.1 -1
v 2.8 -6.5 -1
v 2.8 -6.3 -1
v 2.8 -4.7 -1
v 2.8 -4.5 -1
v -2.8 -6.3 -1.2
v -2.8 -6.1 -1.2
v -2.8 -5.9 -1.2
v -2.8 -5.7 -1.2
v -2.8 -5.3 -1.2
v -2.8 -5.1 -1.2
v -2.8 -4.9 -1.2
v -2.8 -4.7 -1.2
v -2.6 -6.7 -1.2
v -2.6 -6.5 -1.2
v -2.6 -6.3 -1.2
v -2.6 -6.1 -1.2
v -2.6 -5.9 -1.2
v -2.6 -5.7 -1.2
v -2.6 -5.3 -1.2
v -2.6 -5.1 -1.2
v -2.6 -4.9 -1.2
v -2.6 -4.7 -1.2
v -2.6 -4.5 -1.2
v -2.6 -4.3 -1.2
v -2.4 -7.1 -1.2
v -2.4 -6.9 -1.2
v -2.4 -6.7 -1.2
v -2.4 -6.5 -1.2
v -2.4 -4.5 -1.2
v -2.4 -4.3 -1.2
v -2.4 -4.1 -1.2
v -2.4 -3.9 -1.2
v -2.2 -7.1 -1.2
v -2.2 -6.9 -1.2
v -2.2 -4.1 -1.2
v -2.2 -3.9 -1.2
v -1.6 -7.9 -1.2
v -1.6 -7.7 -1.2
v -1.6 -3.3 -1.2
v -1.6 -3.1 -1.2
v -1.4 -7.9 -1.2
v -1.4 -7.7 -1.2
v -1.4 -3.3 -1.2
v -1.4 -3.1 -1.2
v -1.2 -8.1 -1.2
v -1.2 -7.9 -1.2
v -1.2 -3.1 -1.2
v -1.2 -2.9 -1.2
v -1 -8.1 -1.2
v -1 -7.9 -1.2
v -1 -3.1 -1.2
v -1 -2.9 -1.2
v -0.8 -8.3 -1.2
v -0.8 -8.1 -1.2
v -0.8 -2.9 -1.2
v -0.8 -2.7 -1.2
v -0.6 -8.3 -1.2
v -0.6 -8.1 -1.2
v -0.6 -2.9 -1.2
v -0.6 -2.7 -1.2
v -0.4 -8.3 -1.2
v -0.4 -8.1 -1.2
v -0.4 -2.9 -1.2
v -0.4 -2.7 -1.2
v -0.2 -8.3 -1.2
v -0.2 -8.1 -1.2
v -0.2 -2.9 -1.2
v -0.2 -2.7 -1.2
v 0.2 -8.3 -1.2
v 0.2 -8.1 -1.2
v 0.2 -2.9 -1.2
v 0.2 -2.7 -1.2
v 0.4 -8.3 -1.2
v 0.4 -8.1 -1.2
v 0.4 -2.9 -1.2
v 0.4 -2.7 -1.2
v 0.6 -8.3 -1.2
v 0.6 -8.1 -1.2
v 0.6 -2.9 -1.2
v 0.6 -2.7 -1.2
v 0.8 -8.3 -1.2
v 0.8 -8.1 -1.2
v 0.8 -2.9 -1.2
v 0.8 -2.7 -1.2
v 1 -8.1 -1.2
v 1 -7.9 -1.2
v 1 -3.1 -1.2
v 1 -2.9 -1.2
v 1.2 -8.1 -1.2
v 1.2 -7.9 -1.2
v 1.2 -3.1 -1.2
v 1.2 -2.9 -1.2
v 1.4 -7.9 -1.2
v 1.4 -7.7 -1.2
v 1.4 -3.3 -1.2
v 1.4 -3.1 -1.2
v 1.6 -7.9 -1.2
v 1.6 -7.7 -1.2
v 1.6 -3.3 -1.2
v 1.6 -3.1 -1.2
v 2.2 -7.1 -1.2
v 2.2 -6.9 -1.2
v 2.2 -4.1 -1.2
v 2.2 -3.9 -1.2
v 2.4 -7.1 -1.2
v 2.4 -6.9 -1.2
v 2.4 -6.7 -1.2
v 2.4 -6.5 -1.2
v 2.4 -4.5 -1.2
v 2.4 -4.3 -1.2
v 2.4 -4.1 -1.2
v 2.4 -3.9 -1.2
v 2.6 -6.7 -1.2
v 2.6 -6.5 -1.2
v 2.6 -6.3 -1.2
v 2.6 -6.1 -1.2
v 2.6 -5.9 -1.2
v 2.6 -5.7 -1.2
v 2.6 -5.3 -1.2
v 2.6 -5.1 -1.2
v 2.6 -4.9 -1.2
v 2.6 -4.7 -1.2
v 2.6 -4.5 -1.2
v 2.6 -4.3 -1.2
v 2.8 -6.3 -1.2
v 2.8 -6.1 -1.2
v 2.8 -5.9 -1.2
v 2.8 -5.7 -1.2
v 2.8 -5.3 -1.2
v 2.8 -5.1 -1.2
v 2.8 -4.9 -1.2
v 2.8 -4.7 -1.2
v -2.8 -5.7 -1.4
v -2.8 -5.5 -1.4
v -2.8 -5.3 -1.4
v -2.6 -6.5 -1.4
v -2.6 -6.3 -1.4
v -2.6 -5.7 -1.4
v -2.6 -5.5 -1.4
v -2.6 -5.3 -1.4
v -2.6 -4.7 -1.4
v -2.6 -4.5 -1.4
v -2.4 -6.9 -1.4
v -2.4 -6.7 -1.4
v -2.4 -6.5 -1.4
v -2.4 -6.3 -1.4
v -2.4 -4.7 -1.4
v -2.4 -4.5 -1.4
v -2.4 -4.3 -1.4
v -2.4 -4.1 -1.4
v -2.2 -7.3 -1.4
v -2.2 -7.1 -1.4
v -2.2 -6.9 -1.4
v -2.2 -6.7 -1.4
v -2.2 -4.3 -1.4
v -2.2 -4.1 -1.4
v -2.2 -3.9 -1.4
v -2.2 -3.7 -1.4
v -2 -7.5 -1.4
v -2 -7.3 -1.4
v -2 -7.1 -1.4
v -2 -3.9 -1.4
v -2 -3.7 -1.4
v -2 -3.5 -1.4
v -1.8 -7.7 -1.4
v -1.8 -7.5 -1.4
v -1.8 -7.3 -1.4
v -1.8 -3.7 -1.4
v -1.8 -3.5 -1.4
v -1.8 -3.3 -1.4
v -1.6 -7.7 -1.4
v -1.6 -7.5 -1.4
v -1.6 -3.5 -1.4
v -1.6 -3.3 -1.4
v -1.4 -7.9 -1.4
v -1.4 -7.7 -1.4
v -1.4 -3.3 -1.4
v -1.4 -3.1 -1.4
v -1.2 -7.9 -1.4
v -1.2 -7.7 -1.4
v -1.2 -3.3 -1.4
v -1.2 -3.1 -1.4
v -1 -8.1 -1.4
v -1 -7.9 -1.4
v -1 -3.1 -1.4
v -1 -2.9 -1.4
v -0.8 -8.1 -1.4
v -0.8 -7.9 -1.4
v -0.8 -3.1 -1.4
v -0.8 -2.9 -1.4
v -0.2 -8.3 -1.4
v -0.2 -8.1 -1.4
v -0.2 -2.9 -1.4
v -0.2 -2.7 -1.4
v 2.38419e-07 -8.3 -1.4
v 2.38419e-07 -8.1 -1.4
v 2.38419e-07 -2.9 -1.4
v 2.38419e-07 -2.7 -1.4
v 0.2 -8.3 -1.4
v 0.2 -8.1 -1.4
v 0.2 -2.9 -1.4
v 0.2 -2.7 -1.4
v 0.8 -8.1 -1.4
v 0.8 -7.9 -1.4
v 0.8 -3.1 -1.4
v 0.8 -2.9 -1.4
v 1 -8.1 -1.4
v 1 -7.9 -1.4
v 1 -3.1 -1.4
v 1 -2.9 -1.4
v 1.2 -7.9 -1.4
v 1.2 -7.7 -1.4
v 1.2 -3.3 -1.4
v 1.2 -3.1 -1.4
v 1.4 -7.9 -1.4
v 1.4 -7.7 -1.4
v 1.4 -3.3 -1.4
v 1.4 -3.1 -1.4
v 1.6 -7.7 -1.4
v 1.6 -7.5 -1.4
v 1.6 -3.5 -1.4
v 1.6 -3.3 -1.4
v 1.8 -7.7 -1.4
v 1.8 -7.5 -1.4
v 1.8 -7.3 -1.4
v 1.8 -3.7 -1.4
v 1.8 -3.5 -1.4
v 1.8 -3.3 -1.4
v 2 -7.5 -1.4
v 2 -7.3 -1.4
v 2 -7.1 -1.4
v 2 -3.9 -1.4
v 2 -3.7 -1.4
v 2 -3.5 -1.4
v 2.2 -7.3 -1.4
v 2.2 -7.1 -1.4
v 2.2 -6.9 -1.4
v 2.2 -6.7 -1.4
v 2.2 -4.3 -1.4
v 2.2 -4.1 -1.4
v 2.2 -3.9 -1.4
v 2.2 -3.7 -1.4
v 2.4 -6.9 -1.4
v 2.4 -6.7 -1.4
v 2.4 -6.5 -1.4
v 2.4 -6.3 -1.4
v 2.4 -4.7 -1.4
v 2.4 -4.5 -1.4
v 2.4 -4.3 -1.4
v 2.4 -4.1 -1.4
v 2.6 -6.5 -1.4
v 2.6 -6.3 -1.4
v 2.6 -5.7 -1.4
v 2.6 -5.5 -1.4
v 2.6 -5.3 -1.4
v 2.6 -4.7 -1.4
v 2.6 -4.5 -1.4
v 2.8 -5.7 -1.4
v 2.8 -5.5 -1.4
v 2.8 -5.3 -1.4
v -2.6 -6.3 -1.6
v -2.6 -6.1 -1.6
v -2.6 -5.9 -1.6
v -2.6 -5.7 -1.6
v -2.6 -5.5 -1.6
v -2.6 -5.3 -1.6
v -2.6 -5.1 -1.6
v -2.6 -4.9 -1.6
v -2.6 -4.7 -1.6
v -2.4 -6.7 -1.6
v -2.4 -6.5 -1.6
v -2.4 -6.3 -1.6
v -2.4 -6.1 -1.6
v -2.4 -5.9 -1.6
v -2.4 -5.7 -1.6
v -2.4 -5.5 -1.6
v -2.4 -5.3 -1.6
v -2.4 -5.1 -1.6
v -2.4 -4.9 -1.6
v -2.4 -4.7 -1.6
v -2.4 -4.5 -1.6
v -2.4 -4.3 -1.6
v -2.2 -7.1 -1.6
v -2.2 -6.9 -1.6
v -2.2 -6.7 -1.6
v -2.2 -6.5 -1.6
v -2.2 -4.5 -1.6
v -2.2 -4.3 -1.6
v -2.2 -4.1 -1.6
v -2.2 -3.9 -1.6
v -2 -7.3 -1.6
v -2 -7.1 -1.6
v -2 -6.9 -1.6
v -2 -4.1 -1.6
v -2 -3.9 -1.6
v -2 -3.7 -1.6
v -1.8 -7.5 -1.6
v -1.8 -7.3 -1.6
v -1.8 -7.1 -1.6
v -1.8 -3.9 -1.6
v -1.8 -3.7 -1.6
v -1.8 -3.5 -1.6
v -1.6 -7.7 -1.6
v -1.6 -7.5 -1.6
v -1.6 -7.3 -1.6
v -1.6 -3.7 -1.6
v -1.6 -3.5 -1.6
v -1.6 -3.3 -1.6
v -1.4 -7.7 -1.6
v -1.4 -7.5 -1.6
v -1.4 -3.5 -1.6
v -1.4 -3.3 -1.6
v -1.2 -7.9 -1.6
v -1.2 -7.7 -1.6
v -1.2 -3.3 -1.6
v -1.2 -3.1 -1.6
v -1 -7.9 -1.6
v -1 -7.7 -1.6
v -1 -3.3 -1.6
v -1 -3.1 -1.6
v -0.8 -8.1 -1.6
v -0.8 -7.9 -1.6
v -0.8 -3.1 -1.6
v -0.8 -2.9 -1.6
v -0.6 -8.1 -1.6
v -0.6 -7.9 -1.6
v -0.6 -3.1 -1.6
v -0.6 -2.9 -1.6
v -0.4 -8.1 -1.6
v -0.4 -7.9 -1.6
v -0.4 -3.1 -1.6
v -0.4 -2.9 -1.6
v -0.2 -8.1 -1.6
v -0.2 -7.9 -1.6
v -0.2 -3.1 -1.6
v -0.2 -2.9 -1.6
v 2.38419e-07 -8.1 -1.6
v 2.38419e-07 -7.9 -1.6
v 2.38419e-07 -3.1 -1.6
v 2.38419e-07 -2.9 -1.6
v 0.2 -8.1 -1.6
v 0.2 -7.9 -1.6
v 0.2 -3.1 -1.6
v 0.2 -2.9 -1.6
v 0.4 -8.1 -1.6
v 0.4 -7.9 -1.6
v 0.4 -3.1 -1.6
v 0.4 -2.9 -1.6
v 0.6 -8.1 -1.6
v 0.6 -7.9 -1.6
v 0.6 -3.1 -1.6
v 0.6 -2.9 -1.6
v 0.8 -8.1 -1.6
v 0.8 -7.9 -1.6
v 0.8 -3.1 -1.6
v 0.8 -2.9 -1.6
v 1 -7.9 -1.6
v 1 -7.7 -1.6
v 1 -3.3 -1.6
v 1 -3.1 -1.6
v 1.2 -7.9 -1.6
v 1.2 -7.7 -1.6
v 1.2 -3.3 -1.6
v 1.2 -3.1 -1.6
v 1.4 -7.7 -1.6
v 1.4 -7.5 -1.6
v 1.4 -3.5 -1.6
v 1.4 -3.3 -1.6
v 1.6 -7.7 -1.6
v 1.6 -7.5 -1.6
v 1.6 -7.3 -1.6
v 1.6 -3.7 -1.6
v 1.6 -3.5 -1.6
v 1.6 -3.3 -1.6
v 1.8 -7.5 -1.6
v 1.8 -7.3 -1.6
v 1.8 -7.1 -1.6
v 1.8 -3.9 -1.6
v 1.8 -3.7 -1.6
v 1.8 -3.5 -1.6
v 2 -7.3 -1.6
v 2 -7.1 -1.6
v 2 -6.9 -1.6
v 2 -4.1 -1.6
v 2 -3.9 -1.6
v 2 -3.7 -1.6
v 2.2 -7.1 -1.6
v 2.2 -6.9 -1.6
v 2.2 -6.7 -1.6
v 2.2 -6.5 -1.6
v 2.2 -4.5 -1.6
v 2.2 -4.3 -1.6
v 2.2 -4.1 -1.6
v 2.2 -3.9 -1.6
v 2.4 -6.7 -1.6
v 2.4 -6.5 -1.6
v 2.4 -6.3 -1.6
v 2.4 -6.1 -1.6
v 2.4 -5.9 -1.6
v 2.4 -5.7 -1.6
v 2.4 -5.5 -1.6
v 2.4 -5.3 -1.6
v 2.4 -5.1 -1.6
v 2.4 -4.9 -1.6
v 2.4 -4.7 -1.6
v 2.4 -4.5 -1.6
v 2.4 -4.3 -1.6
v 2.6 -6.3 -1.6
v 2.6 -6.1 -1.6
v 2.6 -5.9 -1.6
v 2.6 -5.7 -1.6
v 2.6 -5.5 -1.6
v 2.6 -5.3 -1.6
v 2.6 -5.1 -1.6
v 2.6 -4.9 -1.6
v 2.6 -4.7 -1.6
v -2.4 -6.5 -1.8
v -2.4 -6.3 -1.8
v -2.4 -6.1 -1.8
v -2.4 -5.9 -1.8
v -2.4 -5.1 -1.8
v -2.4 -4.9 -1.8
v -2.4 -4.7 -1.8
v -2.4 -4.5 -1.8
v -2.2 -6.9 -1.8
v -2.2 -6.7 -1.8
v -2.2 -6.5 -1.8
v -2.2 -6.3 -1.8
v -2.2 -6.1 -1.8
v -2.2 -5.9 -1.8
v -2.2 -5.1 -1.8
v -2.2 -4.9 -1.8
v -2.2 -4.7 -1.8
v -2.2 -4.5 -1.8
v -2.2 -4.3 -1.8
v -2.2 -4.1 -1.8
v -2 -7.1 -1.8
v -2 -6.9 -1.8
v -2 -6.7 -1.8
v -2 -6.5 -1.8
v -2 -4.5 -1.8
v -2 -4.3 -1.8
v -2 -4.1 -1.8
v -2 -3.9 -1.8
v -1.8 -7.3 -1.8
v -1.8 -7.1 -1.8
v -1.8 -6.9 -1.8
v -1.8 -4.1 -1.8
v -1.8 -3.9 -1.8
v -1.8 -3.7 -1.8
v -1.6 -7.5 -1.8
v -1.6 -7.3 -1.8
v -1.6 -7.1 -1.8
v -1.6 -3.9 -1.8
v -1.6 -3.7 -1.8
v -1.6 -3.5 -1.8
v -1.4 -7.7 -1.8
v -1.4 -7.5 -1.8
v -1.4 -7.3 -1.8
v -1.4 -3.7 -1.8
v -1.4 -3.5 -1.8
v -1.4 -3.3 -1.8
v -1.2 -7.7 -1.8
v -1.2 -7.5 -1.8
v -1.2 -3.5 -1.8
v -1.2 -3.3 -1.8
v -1 -7.9 -1.8
v -1 -7.7 -1.8
v -1 -7.5 -1.8
v -1 -3.5 -1.8
v -1 -3.3 -1.8
v -1 -3.1 -1.8
v -0.8 -7.9 -1.8
v -0.8 -7.7 -1.8
v -0.8 -3.3 -1.8
v -0.8 -3.1 -1.8
v -0.6 -7.9 -1.8
v -0.6 -7.7 -1.8
v -0.6 -3.3 -1.8
v -0.6 -3.1 -1.8
v -0.4 -7.9 -1.8
v -0.4 -7.7 -1.8
v -0.4 -3.3 -1.8
v -0.4 -3.1 -1.8
v 0.4 -7.9 -1.8
v 0.4 -7.7 -1.8
v 0.4 -3.3 -1.8
v 0.4 -3.1 -1.8
v 0.6 -7.9 -1.8
v 0.6 -7.7 -1.8
v 0.6 -3.3 -1.8
v 0.6 -3.1 -1.8
v 0.8 -7.9 -1.8
v 0.8 -7.7 -1.8
v 0.8 -3.3 -1.8
v 0.8 -3.1 -1.8
v 1 -7.9 -1.8
v 1 -7.7 -1.8
v 1 -7.5 -1.8
v 1 -3.5 -1.8
v 1 -3.3 -1.8
v 1 -3.1 -1.8
v 1.2 -7.7 -1.8
v 1.2 -7.5 -1.8
v 1.2 -3.5 -1.8
v 1.2 -3.3 -1.8
v 1.4 -7.7 -1.8
v 1.4 -7.5 -1.8
v 1.4 -7.3 -1.8
v 1.4 -3.7 -1.8
v 1.4 -3.5 -1.8
v 1.4 -3.3 -1.8
v 1.6 -7.5 -1.8
v 1.6 -7.3 -1.8
v 1.6 -7.1 -1.8
v 1.6 -3.9 -1.8
v 1.6 -3.7 -1.8
v 1.6 -3.5 -1.8
v 1.8 -7.3 -1.8
v 1.8 -7.1 -1.8
v 1.8 -6.9 -1.8
v 1.8 -4.1 -1.8
v 1.8 -3.9 -1.8
v 1.8 -3.7 -1.8
v 2 -7.1 -1.8
v 2 -6.9 -1.8
v 2 -6.7 -1.8
v 2 -6.5 -1.8
v 2 -4.5 -1.8
v 2 -4.3 -1.8
v 2 -4.1 -1.8
v 2 -3.9 -1.8
v 2.2 -6.9 -1.8
v 2.2 -6.7 -1.8
v 2.2 -6.5 -1.8
v 2.2 -6.3 -1.8
v 2.2 -6.1 -1.8
v 2.2 -5.9 -1.8
v 2.2 -5.1 -1.8
v 2.2 -4.9 -1.8
v 2.2 -4.7 -1.8
v 2.2 -4.5 -1.8
v 2.2 -4.3 -1.8
v 2.2 -4.1 -1.8
v 2.4 -6.5 -1.8
v 2.4 -6.3 -1.8
v 2.4 -6.1 -1.8
v 2.4 -5.9 -1.8
v 2.4 -5.1 -1.8
v 2.4 -4.9 -1.8
v 2.4 -4.7 -1.8
v 2.4 -4.5 -1.8
v -2.4 -5.9 -2
v -2.4 -5.7 -2
v -2.4 -5.5 -2
v -2.4 -5.3 -2
v -2.4 -5.1 -2
v -2.2 -6.5 -2
v -2.2 -6.3 -2
v -2.2 -6.1 -2
v -2.2 -5.9 -2
v -2.2 -5.7 -2
v -2.2 -5.5 -2
v -2.2 -5.3 -2
v -2.2 -5.1 -2
v -2.2 -4.9 -2
v -2.2 -4.7 -2
v -2.2 -4.5 -2
v -2 -6.9 -2
v -2 -6.7 -2
v -2 -6.5 -2
v -2 -6.3 -2
v -2 -6.1 -2
v -2 -5.9 -2
v -2 -5.1 -2
v -2 -4.9 -2
v -2 -4.7 -2
v -2 -4.5 -2
v -2 -4.3 -2
v -2 -4.1 -2
v -1.8 -7.1 -2
v -1.8 -6.9 -2
v -1.8 -6.7 -2
v -1.8 -6.5 -2
v -1.8 -4.5 -2
v -1.8 -4.3 -2
v -1.8 -4.1 -2
v -1.8 -3.9 -2
v -1.6 -7.3 -2
v -1.6 -7.1 -2
v -1.6 -6.9 -2
v -1.6 -4.1 -2
v -1.6 -3.9 -2
v -1.6 -3.7 -2
v -1.4 -7.5 -2
v -1.4 -7.3 -2
v -1.4 -7.1 -2
v -1.4 -3.9 -2
v -1.4 -3.7 -2
v -1.4 -3.5 -2
v -1.2 -7.5 -2
v -1.2 -7.3 -2
v -1.2 -3.7 -2
v -1.2 -3.5 -2
v -1 -7.7 -2
v -1 -7.5 -2
v -1 -7.3 -2
v -1 -3.7 -2
v -1 -3.5 -2
v -1 -3.3 -2
v -0.8 -7.7 -2
v -0.8 -7.5 -2
v -0.8 -3.5 -2
v -0.8 -3.3 -2
v -0.6 -7.7 -2
v -0.6 -7.5 -2
v -0.6 -3.5 -2
v -0.6 -3.3 -2
v -0.4 -7.9 -2
v -0.4 -7.7 -2
v -0.4 -7.5 -2
v -0.4 -3.5 -2
v -0.4 -3.3 -2
v -0.4 -3.1 -2
v -0.2 -7.9 -2
v -0.2 -7.7 -2
v -0.2 -3.3 -2
v -0.2 -3.1 -2
v 2.38419e-07 -7.9 -2
v 2.38419e-07 -7.7 -2
v 2.38419e-07 -3.3 -2
v 2.38419e-07 -3.1 -2
v 0.2 -7.9 -2
v 0.2 -7.7 -2
v 0.2 -3.3 -2
v 0.2 -3.1 -2
v 0.4 -7.9 -2
v 0.4 -7.7 -2
v 0.4 -7.5 -2
v 0.4 -3.5 -2
v 0.4 -3.3 -2
v 0.4 -3.1 -2
v 0.6 -7.7 -2
v 0.6 -7.5 -2
v 0.6 -3.5 -2
v 0.6 -3.3 -2
v 0.8 -7.7 -2
v 0.8 -7.5 -2
v 0.8 -3.5 -2
v 0.8 -3.3 -2
v 1 -7.7 -2
v 1 -7.5 -2
v 1 -7.3 -2
v 1 -3.7 -2
v 1 -3.5 -2
v 1 -3.3 -2
v 1.2 -7.5 -2
v 1.2 -7.3 -2
v 1.2 -3.7 -2
v 1.2 -3.5 -2
v 1.4 -7.5 -2
v 1.4 -7.3 -2
v 1.4 -7.1 -2
v 1.4 -3.9 -2
v 1.4 -3.7 -2
v 1.4 -3.5 -2
v 1.6 -7.3 -2
v 1.6 -7.1 -2
v 1.6 -6.9 -2
v 1.6 -4.1 -2
v 1.6 -3.9 -2
v 1.6 -3.7 -2
v 1.8 -7.1 -2
v 1.8 -6.9 -2
v 1.8 -6.7 -2
v 1.8 -6.5 -2
v 1.8 -4.5 -2
v 1.8 -4.3 -2
v 1.8 -4.1 -2
v 1.8 -3.9 -2
v 2 -6.9 -2
v 2 -6.7 -2
v 2 -6.5 -2
v 2 -6.3 -2
v 2 -6.1 -2
v 2 -5.9 -2
v 2 -5.1 -2
v 2 -4.9 -2
v 2 -4.7 -2
v 2 -4.5 -2
v 2 -4.3 -2
v 2 -4.1 -2
v 2.2 -6.5 -2
v 2.2 -6.3 -2
v 2.2 -6.1 -2
v 2.2 -5.9 -2
v 2.2 -5.7 -2
v 2.2 -5.5 -2
v 2.2 -5.3 -2
v 2.2 -5.1 -2
v 2.2 -4.9 -2
v 2.2 -4.7 -2
v 2.2 -4.5 -2
v 2.4 -5.9 -2
v 2.4 -5.7 -2
v 2.4 -5.5 -2
v 2.4 -5.3 -2
v 2.4 -5.1 -2
v -2.2 -5.9 -2.2
v -2.2 -5.7 -2.2
v -2.2 -5.5 -2.2
v -2.2 -5.3 -2.2
v -2.2 -5.1 -2.2
v -2 -6.5 -2.2
v -2 -6.3 -2.2
v -2 -6.1 -2.2
v -2 -5.9 -2.2
v -2 -5.7 -2.2
v -2 -5.5 -2.2
v -2 -5.3 -2.2
v -2 -5.1 -2.2
v -2 -4.9 -2.2
v -2 -4.7 -2.2
v -2 -4.5 -2.2
v -1.8 -6.9 -2.2
v -1.8 -6.7 -2.2
v -1.8 -6.5 -2.2
v -1.8 -6.3 -2.2
v -1.8 -6.1 -2.2
v -1.8 -5.9 -2.2
v -1.8 -5.1 -2.2
v -1.8 -4.9 -2.2
v -1.8 -4.7 -2.2
v -1.8 -4.5 -2.2
v -1.8 -4.3 -2.2
v -1.8 -4.1 -2.2
v -1.6 -7.1 -2.2
v -1.6 -6.9 -2.2
v -1.6 -6.7 -2.2
v -1.6 -6.5 -2.2
v -1.6 -4.5 -2.2
v -1.6 -4.3 -2.2
v -1.6 -4.1 -2.2
v -1.6 -3.9 -2.2
v -1.4 -7.3 -2.2
v -1.4 -7.1 -2.2
v -1.4 -6.9 -2.2
v -1.4 -6.7 -2.2
v -1.4 -4.3 -2.2
v -1.4 -4.1 -2.2
v -1.4 -3.9 -2.2
v -1.4 -3.7 -2.2
v -1.2 -7.3 -2.2
v -1.2 -7.1 -2.2
v -1.2 -6.9 -2.2
v -1.2 -4.1 -2.2
v -1.2 -3.9 -2.2
v -1.2 -3.7 -2.2
v -1 -7.5 -2.2
v -1 -7.3 -2.2
v -1 -7.1 -2.2
v -1 -3.9 -2.2
v -1 -3.7 -2.2
v -1 -3.5 -2.2
v -0.8 -7.5 -2.2
v -0.8 -7.3 -2.2
v -0.8 -3.7 -2.2
v -0.8 -3.5 -2.2
v -0.6 -7.5 -2.2
v -0.6 -7.3 -2.2
v -0.6 -3.7 -2.2
v -0.6 -3.5 -2.2
v -0.4 -7.7 -2.2
v -0.4 -7.5 -2.2
v -0.4 -7.3 -2.2
v -0.4 -3.7 -2.2
v -0.4 -3.5 -2.2
v -0.4 -3.3 -2.2
v -0.2 -7.7 -2.2
v -0.2 -7.5 -2.2
v -0.2 -3.5 -2.2
v -0.2 -3.3 -2.2
v 2.38419e-07 -7.7 -2.2
v 2.38419e-07 -7.5 -2.2
v 2.38419e-07 -3.5 -2.2
v 2.38419e-07 -3.3 -2.2
v 0.2 -7.7 -2.2
v 0.2 -7.5 -2.2
v 0.2 -3.5 -2.2
v 0.2 -3.3 -2.2
v 0.4 -7.7 -2.2
v 0.4 -7.5 -2.2
v 0.4 -7.3 -2.2
v 0.4 -3.7 -2.2
v 0.4 -3.5 -2.2
v 0.4 -3.3 -2.2
v 0.6 -7.5 -2.2
v 0.6 -7.3 -2.2
v 0.6 -3.7 -2.2
v 0.6 -3.5 -2.2
v 0.8 -7.5 -2.2
v 0.8 -7.3 -2.2
v 0.8 -3.7 -2.2
v 0.8 -3.5 -2.2
v 1 -7.5 -2.2
v 1 -7.3 -2.2
v 1 -7.1 -2.2
v 1 -3.9 -2.2
v 1 -3.7 -2.2
v 1 -3.5 -2.2
v 1.2 -7.3 -2.2
v 1.2 -7.1 -2.2
v 1.2 -6.9 -2.2
v 1.2 -4.1 -2.2
v 1.2 -3.9 -2.2
v 1.2 -3.7 -2.2
v 1.4 -7.3 -2.2
v 1.4 -7.1 -2.2
v 1.4 -6.9 -2.2
v 1.4 -6.7 -2.2
v 1.4 -4.3 -2.2
v 1.4 -4.1 -2.2
v 1.4 -3.9 -2.2
v 1.4 -3.7 -2.2
v 1.6 -7.1 -2.2
v 1.6 -6.9 -2.2
v 1.6 -6.7 -2.2
v 1.6 -6.5 -2.2
v 1.6 -4.5 -2.2
v 1.6 -4.3 -2.2
v 1.6 -4.1 -2.2
v 1.6 -3.9 -2.2
v 1.8 -6.9 -2.2
v 1.8 -6.7 -2.2
v 1.8 -6.5 -2.2
v 1.8 -6.3 -2.2
v 1.8 -6.1 -2.2
v 1.8 -5.9 -2.2
v 1.8 -5.1 -2.2
v 1.8 -4.9 -2.2
v 1.8 -4.7 -2.2
v 1.8 -4.5 -2.2
v 1.8 -4.1 -2.2
v 2 -6.5 -2.2
v 2 -6.3 -2.2
v 2 -6.1 -2.2
v 2 -5.9 -2.2
v 2 -5.7 -2.2
v 2 -5.5 -2.2
v 2 -5.3 -2.2
v 2 -5.1 -2.2
v 2 -4.9 -2.2
v 2 -4.7 -2.2
v 2 -4.5 -2.2
v 2.2 -5.9 -2.2
v 2.2 -5.7 -2.2
v 2.2 -5.5 -2.2
v 2.2 -5.3 -2.2
v 2.2 -5.1 -2.2
v -2 -5.9 -2.4
v -2 -5.7 -2.4
v -2 -5.5 -2.4
v -2 -5.3 -2.4
v -2 -5.1 -2.4
v -1.8 -6.5 -2.4
v -1.8 -6.3 -2.4
v -1.8 -6.1 -2.4
v -1.8 -5.9 -2.4
v -1.8 -5.7 -2.4
v -1.8 -5.5 -2.4
v -1.8 -5.3 -2.4
v -1.8 -5.1 -2.4
v -1.8 -4.9 -2.4
v -1.8 -4.7 -2.4
v -1.8 -4.5 -2.4
v -1.6 -6.7 -2.4
v -1.6 -6.5 -2.4
v -1.6 -6.3 -2.4
v -1.6 -6.1 -2.4
v -1.6 -5.9 -2.4
v -1.6 -5.7 -2.4
v -1.6 -5.5 -2.4
v -1.6 -5.3 -2.4
v -1.6 -5.1 -2.4
v -1.6 -4.9 -2.4
v -1.6 -4.7 -2.4
v -1.6 -4.5 -2.4
v -1.6 -4.3 -2.4
v -1.4 -6.9 -2.4
v -1.4 -6.7 -2.4
v -1.4 -6.5 -2.4
v -1.4 -6.3 -2.4
v -1.4 -4.7 -2.4
v -1.4 -4.5 -2.4
v -1.4 -4.3 -2.4
v -1.4 -4.1 -2.4
v -1.2 -7.1 -2.4
v -1.2 -6.9 -2.4
v -1.2 -6.7 -2.4
v -1.2 -6.5 -2.4
v -1.2 -4.5 -2.4
v -1.2 -4.3 -2.4
v -1.2 -4.1 -2.4
v -1.2 -3.9 -2.4
v -1 -7.3 -2.4
v -1 -7.1 -2.4
v -1 -6.9 -2.4
v -1 -6.7 -2.4
v -1 -4.3 -2.4
v -1 -4.1 -2.4
v -1 -3.9 -2.4
v -1 -3.7 -2.4
v -0.8 -7.3 -2.4
v -0.8 -7.1 -2.4
v -0.8 -6.9 -2.4
v -0.8 -4.1 -2.4
v -0.8 -3.9 -2.4
v -0.8 -3.7 -2.4
v -0.6 -7.3 -2.4
v -0.6 -7.1 -2.4
v -0.6 -3.9 -2.4
v -0.6 -3.7 -2.4
v -0.4 -7.5 -2.4
v -0.4 -7.3 -2.4
v -0.4 -7.1 -2.4
v -0.4 -3.9 -2.4
v -0.4 -3.7 -2.4
v -0.4 -3.5 -2.4
v -0.2 -7.5 -2.4
v -0.2 -7.3 -2.4
v -0.2 -7.1 -2.4
v -0.2 -3.9 -2.4
v -0.2 -3.7 -2.4
v -0.2 -3.5 -2.4
v 2.38419e-07 -7.5 -2.4
v 2.38419e-07 -7.3 -2.4
v 2.38419e-07 -7.1 -2.4
v 2.38419e-07 -3.9 -2.4
v 2.38419e-07 -3.7 -2.4
v 2.38419e-07 -3.5 -2.4
v 0.2 -7.5 -2.4
v 0.2 -7.3 -2.4
v 0.2 -7.1 -2.4
v 0.2 -3.9 -2.4
v 0.2 -3.7 -2.4
v 0.2 -3.5 -2.4
v 0.4 -7.5 -2.4
v 0.4 -7.3 -2.4
v 0.4 -7.1 -2.4
v 0.4 -3.9 -2.4
v 0.4 -3.7 -2.4
v 0.4 -3.5 -2.4
v 0.6 -7.3 -2.4
v 0.6 -7.1 -2.4
v 0.6 -3.9 -2.4
v 0.6 -3.7 -2.4
v 0.8 -7.3 -2.4
v 0.8 -7.1 -2.4
v 0.8 -6.9 -2.4
v 0.8 -4.1 -2.4
v 0.8 -3.9 -2.4
v 0.8 -3.7 -2.4
v 1 -7.3 -2.4
v 1 -7.1 -2.4
v 1 -6.9 -2.4
v 1 -6.7 -2.4
v 1 -4.3 -2.4
v 1 -4.1 -2.4
v 1 -3.9 -2.4
v 1 -3.7 -2.4
v 1.2 -7.1 -2.4
v 1.2 -6.9 -2.4
v 1.2 -6.7 -2.4
v 1.2 -6.5 -2.4
v 1.2 -4.5 -2.4
v 1.2 -4.3 -2.4
v 1.2 -4.1 -2.4
v 1.2 -3.9 -2.4
v 1.4 -6.9 -2.4
v 1.4 -6.7 -2.4
v 1.4 -6.5 -2.4
v 1.4 -6.3 -2.4
v 1.4 -4.7 -2.4
v 1.4 -4.5 -2.4
v 1.4 -4.3 -2.4
v 1.4 -4.1 -2.4
v 1.6 -6.7 -2.4
v 1.6 -6.5 -2.4
v 1.6 -6.3 -2.4
v 1.6 -6.1 -2.4
v 1.6 -5.9 -2.4
v 1.6 -5.7 -2.4
v 1.6 -5.5 -2.4
v 1.6 -5.3 -2.4
v 1.6 -5.1 -2.4
v 1.6 -4.9 -2.4
v 1.6 -4.7 -2.4
v 1.6 -4.5 -2.4
v 1.6 -4.3 -2.4
v 1.8 -6.5 -2.4
v 1.8 -6.3 -2.4
v 1.8 -6.1 -2.4
v 1.8 -5.9 -2.4
v 1.8 -5.7 -2.4
v 1.8 -5.5 -2.4
v 1.8 -5.3 -2.4
v 1.8 -5.1 -2.4
v 1.8 -4.9 -2.4
v 1.8 -4.7 -2.4
v 1.8 -4.5 -2.4
v 2 -5.9 -2.4
v 2 -5.7 -2.4
v 2 -5.5 -2.4
v 2 -5.3 -2.4
v 2 -5.1 -2.4
v -1.6 -6.3 -2.6
v -1.6 -6.1 -2.6
v -1.6 -5.9 -2.6
v -1.6 -5.7 -2.6
v -1.6 -5.5 -2.6
v -1.6 -5.3 -2.6
v -1.6 -5.1 -2.6
v -1.6 -4.9 -2.6
v -1.6 -4.7 -2.6
v -1.4 -6.5 -2.6
v -1.4 -6.3 -2.6
v -1.4 -6.1 -2.6
v -1.4 -5.9 -2.6
v -1.4 -5.7 -2.6
v -1.4 -5.5 -2.6
v -1.4 -5.3 -2.6
v -1.4 -5.1 -2.6
v -1.4 -4.9 -2.6
v -1.4 -4.7 -2.6
v -1.4 -4.5 -2.6
v -1.2 -6.7 -2.6
v -1.2 -6.5 -2.6
v -1.2 -6.3 -2.6
v -1.2 -6.1 -2.6
v -1.2 -5.9 -2.6
v -1.2 -5.7 -2.6
v -1.2 -5.3 -2.6
v -1.2 -5.1 -2.6
v -1.2 -4.9 -2.6
v -1.2 -4.7 -2.6
v -1.2 -4.5 -2.6
v -1.2 -4.3 -2.6
v -1 -6.9 -2.6
v -1 -6.7 -2.6
v -1 -6.5 -2.6
v -1 -6.3 -2.6
v -1 -4.7 -2.6
v -1 -4.5 -2.6
v -1 -4.3 -2.6
v -1 -4.1 -2.6
v -0.8 -7.1 -2.6
v -0.8 -6.9 -2.6
v -0.8 -6.7 -2.6
v -0.8 -6.5 -2.6
v -0.8 -4.5 -2.6
v -0.8 -4.3 -2.6
v -0.8 -4.1 -2.6
v -0.8 -3.9 -2.6
v -0.6 -7.1 -2.6
v -0.6 -6.9 -2.6
v -0.6 -6.7 -2.6
v -0.6 -4.3 -2.6
v -0.6 -4.1 -2.6
v -0.6 -3.9 -2.6
v -0.4 -7.1 -2.6
v -0.4 -6.9 -2.6
v -0.4 -6.7 -2.6
v -0.4 -4.3 -2.6
v -0.4 -4.1 -2.6
v -0.4 -3.9 -2.6
v -0.2 -7.1 -2.6
v -0.2 -6.9 -2.6
v -0.2 -6.7 -2.6
v -0.2 -4.3 -2.6
v -0.2 -4.1 -2.6
v -0.2 -3.9 -2.6
v 2.38419e-07 -7.1 -2.6
v 2.38419e-07 -6.9 -2.6
v 2.38419e-07 -4.1 -2.6
v 2.38419e-07 -3.9 -2.6
v 0.2 -7.1 -2.6
v 0.2 -6.9 -2.6
v 0.2 -6.7 -2.6
v 0.2 -4.3 -2.6
v 0.2 -4.1 -2.6
v 0.2 -3.9 -2.6
v 0.4 -7.1 -2.6
v 0.4 -6.9 -2.6
v 0.4 -6.7 -2.6
v 0.4 -4.3 -2.6
v 0.4 -4.1 -2.6
v 0.4 -3.9 -2.6
v 0.6 -7.1 -2.6
v 0.6 -6.9 -2.6
v 0.6 -6.7 -2.6
v 0.6 -4.3 -2.6
v 0.6 -4.1 -2.6
v 0.6 -3.9 -2.6
v 0.8 -7.1 -2.6
v 0.8 -6.9 -2.6
v 0.8 -6.7 -2.6
v 0.8 -6.5 -2.6
v 0.8 -4.5 -2.6
v 0.8 -4.3 -2.6
v 0.8 -4.1 -2.6
v 0.8 -3.9 -2.6
v 1 -6.9 -2.6
v 1 -6.7 -2.6
v 1 -6.5 -2.6
v 1 -6.3 -2.6
v 1 -4.7 -2.6
v 1 -4.5 -2.6
v 1 -4.3 -2.6
v 1 -4.1 -2.6
v 1.2 -6.7 -2.6
v 1.2 -6.5 -2.6
v 1.2 -6.3 -2.6
v 1.2 -6.1 -2.6
v 1.2 -5.9 -2.6
v 1.2 -5.7 -2.6
v 1.2 -5.3 -2.6
v 1.2 -5.1 -2.6
v 1.2 -4.9 -2.6
v 1.2 -4.7 -2.6
v 1.2 -4.5 -2.6
v 1.2 -4.3 -2.6
v 1.4 -6.5 -2.6
v 1.4 -6.3 -2.6
v 1.4 -6.1 -2.6
v 1.4 -5.9 -2.6
v 1.4 -5.7 -2.6
v 1.4 -5.5 -2.6
v 1.4 -5.3 -2.6
v 1.4 -5.1 -2.6
v 1.4 -4.9 -2.6
v 1.4 -4.7 -2.6
v 1.4 -4.5 -2.6
v 1.6 -6.3 -2.6
v 1.6 -6.1 -2.6
v 1.6 -5.9 -2.6
v 1.6 -5.7 -2.6
v 1.6 -5.5 -2.6
v 1.6 -5.3 -2.6
v 1.6 -5.1 -2.6
v 1.6 -4.9 -2.6
v 1.6 -4.7 -2.6
v -1.4 -5.7 -2.8
v -1.4 -5.5 -2.8
v -1.4 -5.3 -2.8
v -1.2 -6.3 -2.8
v -1.2 -6.1 -2.8
v -1.2 -5.9 -2.8
v -1.2 -5.7 -2.8
v -1.2 -5.5 -2.8
v -1.2 -5.3 -2.8
v -1.2 -5.1 -2.8
v -1.2 -4.9 -2.8
v -1.2 -4.7 -2.8
v -1 -6.5 -2.8
v -1 -6.3 -2.8
v -1 -6.1 -2.8
v -1 -5.9 -2.8
v -1 -5.7 -2.8
v -1 -5.5 -2.8
v -1 -5.3 -2.8
v -1 -5.1 -2.8
v -1 -4.9 -2.8
v -1 -4.7 -2.8
v -1 -4.5 -2.8
v -0.8 -6.7 -2.8
v -0.8 -6.5 -2.8
v -0.8 -6.3 -2.8
v -0.8 -6.1 -2.8
v -0.8 -5.9 -2.8
v -0.8 -5.7 -2.8
v -0.8 -5.5 -2.8
v -0.8 -5.3 -2.8
v -0.8 -5.1 -2.8
v -0.8 -4.9 -2.8
v -0.8 -4.7 -2.8
v -0.8 -4.5 -2.8
v -0.8 -4.3 -2.8
v -0.6 -6.7 -2.8
v -0.6 -6.5 -2.8
v -0.6 -6.3 -2.8
v -0.6 -6.1 -2.8
v -0.6 -5.9 -2.8
v -0.6 -5.1 -2.8
v -0.6 -4.9 -2.8
v -0.6 -4.7 -2.8
v -0.6 -4.5 -2.8
v -0.6 -4.3 -2.8
v -0.4 -6.7 -2.8
v -0.4 -6.5 -2.8
v -0.4 -6.3 -2.8
v -0.4 -6.1 -2.8
v -0.4 -4.9 -2.8
v -0.4 -4.7 -2.8
v -0.4 -4.5 -2.8
v -0.4 -4.3 -2.8
v -0.2 -6.9 -2.8
v -0.2 -6.7 -2.8
v -0.2 -6.5 -2.8
v -0.2 -6.3 -2.8
v -0.2 -4.7 -2.8
v -0.2 -4.5 -2.8
v -0.2 -4.3 -2.8
v -0.2 -4.1 -2.8
v 2.38419e-07 -6.9 -2.8
v 2.38419e-07 -6.7 -2.8
v 2.38419e-07 -6.5 -2.8
v 2.38419e-07 -6.3 -2.8
v 2.38419e-07 -4.7 -2.8
v 2.38419e-07 -4.5 -2.8
v 2.38419e-07 -4.3 -2.8
v 2.38419e-07 -4.1 -2.8
v 0.2 -6.9 -2.8
v 0.2 -6.7 -2.8
v 0.2 -6.5 -2.8
v 0.2 -6.3 -2.8
v 0.2 -4.7 -2.8
v 0.2 -4.5 -2.8
v 0.2 -4.3 -2.8
v 0.2 -4.1 -2.8
v 0.4 -6.7 -2.8
v 0.4 -6.5 -2.8
v 0.4 -6.3 -2.8
v 0.4 -6.1 -2.8
v 0.4 -4.9 -2.8
v 0.4 -4.7 -2.8
v 0.4 -4.5 -2.8
v 0.4 -4.3 -2.8
v 0.6 -6.7 -2.8
v 0.6 -6.5 -2.8
v 0.6 -6.3 -2.8
v 0.6 -6.1 -2.8
v 0.6 -5.9 -2.8
v 0.6 -5.1 -2.8
v 0.6 -4.9 -2.8
v 0.6 -4.7 -2.8
v 0.6 -4.5 -2.8
v 0.6 -4.3 -2.8
v 0.8 -6.7 -2.8
v 0.8 -6.5 -2.8
v 0.8 -6.3 -2.8
v 0.8 -6.1 -2.8
v 0.8 -5.9 -2.8
v 0.8 -5.7 -2.8
v 0.8 -5.5 -2.8
v 0.8 -5.3 -2.8
v 0.8 -5.1 -2.8
v 0.8 -4.9 -2.8
v 0.8 -4.7 -2.8
v 0.8 -4.5 -2.8
v 0.8 -4.3 -2.8
v 1 -6.5 -2.8
v 1 -6.3 -2.8
v 1 -6.1 -2.8
v 1 -5.9 -2.8
v 1 -5.7 -2.8
v 1 -5.5 -2.8
v 1 -5.3 -2.8
v 1 -5.1 -2.8
v 1 -4.9 -2.8
v 1 -4.7 -2.8
v 1 -4.5 -2.8
v 1.2 -6.3 -2.8
v 1.2 -6.1 -2.8
v 1.2 -5.9 -2.8
v 1.2 -5.7 -2.8
v 1.2 -5.5 -2.8
v 1.2 -5.3 -2.8
v 1.2 -5.1 -2.8
v 1.2 -4.9 -2.8
v 1.2 -4.7 -2.8
v 1.4 -5.7 -2.8
v 1.4 -5.5 -2.8
v 1.4 -5.3 -2.8
v -0.8 -5.9 -3
v -0.8 -5.7 -3
v -0.8 -5.5 -3
v -0.8 -5.3 -3
v -0.8 -5.1 -3
v -0.6 -6.1 -3
v -0.6 -5.9 -3
v -0.6 -5.7 -3
v -0.6 -5.5 -3
v -0.6 -5.3 -3
v -0.6 -5.1 -3
v -0.6 -4.9 -3
v -0.4 -6.3 -3
v -0.4 -6.1 -3
v -0.4 -5.9 -3
v -0.4 -5.7 -3
v -0.4 -5.5 -3
v -0.4 -5.3 -3
v -0.4 -5.1 -3
v -0.4 -4.9 -3
v -0.4 -4.7 -3
v -0.2 -6.3 -3
v -0.2 -6.1 -3
v -0.2 -5.9 -3
v -0.2 -5.7 -3
v -0.2 -5.5 -3
v -0.2 -5.3 -3
v -0.2 -5.1 -3
v -0.2 -4.9 -3
v -0.2 -4.7 -3
v 2.38419e-07 -6.3 -3
v 2.38419e-07 -6.1 -3
v 2.38419e-07 -5.9 -3
v 2.38419e-07 -5.7 -3
v 2.38419e-07 -5.5 -3
v 2.38419e-07 -5.3 -3
v 2.38419e-07 -5.1 -3
v 2.38419e-07 -4.9 -3
v 2.38419e-07 -4.7 -3
v 0.2 -6.3 -3
v 0.2 -6.1 -3
v 0.2 -5.9 -3
v 0.2 -5.7 -3
v 0.2 -5.5 -3
v 0.2 -5.3 -3
v 0.2 -5.1 -3
v 0.2 -4.9 -3
v 0.2 -4.7 -3
v 0.4 -6.3 -3
v 0.4 -6.1 -3
v 0.4 -5.9 -3
v 0.4 -5.7 -3
v 0.4 -5.5 -3
v 0.4 -5.3 -3
v 0.4 -5.1 -3
v 0.4 -4.9 -3
v 0.4 -4.7 -3
v 0.6 -6.1 -3
v 0.6 -5.9 -3
v 0.6 -5.7 -3
v 0.6 -5.5 -3
v 0.6 -5.3 -3
v 0.6 -5.1 -3
v 0.6 -4.9 -3
v 0.8 -5.9 -3
v 0.8 -5.7 -3
v 0.8 -5.5 -3
v 0.8 -5.3 -3
v 0.8 -5.1 -3
v -0.4 -8.5 0.8
v -0.2 -8.5 0.8
v 2.38419e-07 -8.5 0.8
v 0.2 -8.5 0.8
v 0.4 -8.5 0.8
v -0.6 -8.5 0.6
v -0.4 -8.5 0.6
v -0.2 -8.5 0.6
v 2.38419e-07 -8.5 0.6
v 0.2 -8.5 0.6
v 0.4 -8.5 0.6
v 0.6 -8.5 0.6
v -0.8 -8.5 0.4
v -0.6 -8.5 0.4
v -0.4 -8.5 0.4
v -0.2 -8.5 0.4
v 2.38419e-07 -8.5 0.4
v 0.2 -8.5 0.4
v 0.4 -8.5 0.4
v 0.6 -8.5 0.4
v 0.8 -8.5 0.4
v -0.8 -8.5 0.2
v -0.6 -8.5 0.2
v -0.4 -8.5 0.2
v -0.2 -8.5 0.2
v 2.38419e-07 -8.5 0.2
v 0.2 -8.5 0.2
v 0.4 -8.5 0.2
v 0.6 -8.5 0.2
v 0.8 -8.5 0.2
v -0.8 -8.5 -2.38419e-07
v -0.6 -8.5 -2.38419e-07
v -0.4 -8.5 -2.38419e-07
v -0.2 -8.5 -2.38419e-07
v 2.38419e-07 -8.5 -2.38419e-07
v 0.2 -8.5 -2.38419e-07
v 0.4 -8.5 -2.38419e-07
v 0.6 -8.5 -2.38419e-07
v 0.8 -8.5 -2.38419e-07
v -0.8 -8.5 -0.2
v -0.6 -8.5 -0.2
v -0.4 -8.5 -0.2
v -0.2 -8.5 -0.2
v 2.38419e-07 -8.5 -0.2
v 0.2 -8.5 -0.2
v 0.4 -8.5 -0.2
v 0.6 -8.5 -0.2
v 0.8 -8.5 -0.2
v -0.8 -8.5 -0.4
v -0.6 -8.5 -0.4
v -0.4 -8.5 -0.4
v -0.2 -8.5 -0.4
v 2.38419e-07 -8.5 -0.4
v 0.2 -8.5 -0.4
v 0.4 -8.5 -0.4
v 0.6 -8.5 -0.4
v 0.8 -8.5 -0.4
v -0.6 -8.5 -0.6
v -0.4 -8.5 -0.6
v -0.2 -8.5 -0.6
v 2.38419e-07 -8.5 -0.6
v 0.2 -8.5 -0.6
v 0.4 -8.5 -0.6
v 0.6 -8.5 -0.6
v -0.4 -8.5 -0.8
v -0.2 -8.5 -0.8
v 2.38419e-07 -8.5 -0.8
v 0.2 -8.5 -0.8
v 0.4 -8.5 -0.8
v -0.2 -8.3 1.4
v 2.38419e-07 -8.3 1.4
v 0.2 -8.3 1.4
v -0.8 -8.3 1.2
v -0.6 -8.3 1.2
v -0.4 -8.3 1.2
v -0.2 -8.3 1.2
v 2.38419e-07 -8.3 1.2
v 0.2 -8.3 1.2
v 0.4 -8.3 1.2
v 0.6 -8.3 1.2
v 0.8 -8.3 1.2
v -1 -8.3 1
v -0.8 -8.3 1
v -0.6 -8.3 1
v -0.4 -8.3 1
v -0.2 -8.3 1
v 2.38419e-07 -8.3 1
v 0.2 -8.3 1
v 0.4 -8.3 1
v 0.6 -8.3 1
v 0.8 -8.3 1
v 1 -8.3 1
v -1.2 -8.3 0.8
v -1 -8.3 0.8
v -0.8 -8.3 0.8
v -0.6 -8.3 0.8
v -0.4 -8.3 0.8
v -0.2 -8.3 0.8
v 2.38419e-07 -8.3 0.8
v 0.2 -8.3 0.8
v 0.4 -8.3 0.8
v 0.6 -8.3 0.8
v 0.8 -8.3 0.8
v 1 -8.3 0.8
v 1.2 -8.3 0.8
v -1.2 -8.3 0.6
v -1 -8.3 0.6
v -0.8 -8.3 0.6
v -0.6 -8.3 0.6
v -0.4 -8.3 0.6
v 0.4 -8.3 0.6
v 0.6 -8.3 0.6
v 0.8 -8.3 0.6
v 1 -8.3 0.6
v 1.2 -8.3 0.6
v -1.2 -8.3 0.4
v -1 -8.3 0.4
v -0.8 -8.3 0.4
v -0.6 -8.3 0.4
v 0.6 -8.3 0.4
v 0.8 -8.3 0.4
v 1 -8.3 0.4
v 1.2 -8.3 0.4
v -1.4 -8.3 0.2
v -1.2 -8.3 0.2
v -1 -8.3 0.2
v -0.8 -8.3 0.2
v 0.8 -8.3 0.2
v 1 -8.3 0.2
v 1.2 -8.3 0.2
v 1.4 -8.3 0.2
v -1.4 -8.3 -2.38419e-07
v -1.2 -8.3 -2.38419e-07
v -1 -8.3 -2.38419e-07
v -0.8 -8.3 -2.38419e-07
v 0.8 -8.3 -2.38419e-07
v 1 -8.3 -2.38419e-07
v 1.2 -8.3 -2.38419e-07
v 1.4 -8.3 -2.38419e-07
v -1.4 -8.3 -0.2
v -1.2 -8.3 -0.2
v -1 -8.3 -0.2
v -0.8 -8.3 -0.2
v 0.8 -8.3 -0.2
v 1 -8.3 -0.2
v 1.2 -8.3 -0.2
v 1.4 -8.3 -0.2
v -1.2 -8.3 -0.4
v -1 -8.3 -0.4
v -0.8 -8.3 -0.4
v -0.6 -8.3 -0.4
v 0.6 -8.3 -0.4
v 0.8 -8.3 -0.4
v 1 -8.3 -0.4
v 1.2 -8.3 -0.4
v -1.2 -8.3 -0.6
v -1 -8.3 -0.6
v -0.8 -8.3 -0.6
v -0.6 -8.3 -0.6
v -0.4 -8.3 -0.6
v 0.4 -8.3 -0.6
v 0.6 -8.3 -0.6
v 0.8 -8.3 -0.6
v 1 -8.3 -0.6
v 1.2 -8.3 -0.6
v -1.2 -8.3 -0.8
v -1 -8.3 -0.8
v -0.8 -8.3 -0.8
v -0.6 -8.3 -0.8
v -0.4 -8.3 -0.8
v -0.2 -8.3 -0.8
v 2.38419e-07 -8.3 -0.8
v 0.2 -8.3 -0.8
v 0.4 -8.3 -0.8
v 0.6 -8.3 -0.8
v 0.8 -8.3 -0.8
v 1 -8.3 -0.8
v 1.2 -8.3 -0.8
v -1 -8.3 -1
v -0.8 -8.3 -1
v -0.6 -8.3 -1
v -0.4 -8.3 -1
v -0.2 -8.3 -1
v 2.38419e-07 -8.3 -1
v 0.2 -8.3 -1
v 0.4 -8.3 -1
v 0.6 -8.3 -1
v 0.8 -8.3 -1
v 1 -8.3 -1
v -0.8 -8.3 -1.2
v -0.6 -8.3 -1.2
v -0.4 -8.3 -1.2
v -0.2 -8.3 -1.2
v 2.38419e-07 -8.3 -1.2
v 0.2 -8.3 -1.2
v 0.4 -8.3 -1.2
v 0.6 -8.3 -1.2
v 0.8 -8.3 -1.2
v -0.2 -8.3 -1.4
v 2.38419e-07 -8.3 -1.4
v 0.2 -8.3 -1.4
v -0.8 -8.1 1.6
v -0.6 -8.1 1.6
v -0.4 -8.1 1.6
v -0.2 -8.1 1.6
v 2.38419e-07 -8.1 1.6
v 0.2 -8.1 1.6
v 0.4 -8.1 1.6
v 0.6 -8.1 1.6
v 0.8 -8.1 1.6
v -1 -8.1 1.4
v -0.8 -8.1 1.4
v -0.6 -8.1 1.4
v -0.4 -8.1 1.4
v -0.2 -8.1 1.4
v 2.38419e-07 -8.1 1.4
v 0.2 -8.1 1.4
v 0.4 -8.1 1.4
v 0.6 -8.1 1.4
v 0.8 -8.1 1.4
v 1 -8.1 1.4
v -1.2 -8.1 1.2
v -1 -8.1 1.2
v -0.8 -8.1 1.2
v -0.6 -8.1 1.2
v -0.4 -8.1 1.2
v -0.2 -8.1 1.2
v 0.2 -8.1 1.2
v 0.4 -8.1 1.2
v 0.6 -8.1 1.2
v 0.8 -8.1 1.2
v 1 -8.1 1.2
v 1.2 -8.1 1.2
v -1.4 -8.1 1
v -1.2 -8.1 1
v -1 -8.1 1
v -0.8 -8.1 1
v 0.8 -8.1 1
v 1 -8.1 1
v 1.2 -8.1 1
v 1.4 -8.1 1
v -1.6 -8.1 0.8
v -1.4 -8.1 0.8
v -1.2 -8.1 0.8
v -1 -8.1 0.8
v 1 -8.1 0.8
v 1.2 -8.1 0.8
v 1.4 -8.1 0.8
v 1.6 -8.1 0.8
v -1.6 -8.1 0.6
v -1.4 -8.1 0.6
v -1.2 -8.1 0.6
v 1.2 -8.1 0.6
v 1.4 -8.1 0.6
v 1.6 -8.1 0.6
v -1.6 -8.1 0.4
v -1.4 -8.1 0.4
v -1.2 -8.1 0.4
v 1.2 -8.1 0.4
v 1.4 -8.1 0.4
v 1.6 -8.1 0.4
v -1.6 -8.1 0.2
v -1.4 -8.1 0.2
v -1.2 -8.1 0.2
v 1.2 -8.1 0.2
v 1.4 -8.1 0.2
v 1.6 -8.1 0.2
v -1.6 -8.1 -2.38419e-07
v -1.4 -8.1 -2.38419e-07
v 1.4 -8.1 -2.38419e-07
v 1.6 -8.1 -2.38419e-07
v -1.6 -8.1 -0.2
v -1.4 -8.1 -0.2
v -1.2 -8.1 -0.2
v 1.2 -8.1 -0.2
v 1.4 -8.1 -0.2
v 1.6 -8.1 -0.2
v -1.6 -8.1 -0.4
v -1.4 -8.1 -0.4
v -1.2 -8.1 -0.4
v 1.2 -8.1 -0.4
v 1.4 -8.1 -0.4
v 1.6 -8.1 -0.4
v -1.6 -8.1 -0.6
v -1.4 -8.1 -0.6
v -1.2 -8.1 -0.6
v 1.2 -8.1 -0.6
v 1.4 -8.1 -0.6
v 1.6 -8.1 -0.6
v -1.6 -8.1 -0.8
v -1.4 -8.1 -0.8
v -1.2 -8.1 -0.8
v -1 -8.1 -0.8
v 1 -8.1 -0.8
v 1.2 -8.1 -0.8
v 1.4 -8.1 -0.8
v 1.6 -8.1 -0.8
v -1.4 -8.1 -1
v -1.2 -8.1 -1
v -1 -8.1 -1
v -0.8 -8.1 -1
v 0.8 -8.1 -1
v 1 -8.1 -1
v 1.2 -8.1 -1
v 1.4 -8.1 -1
v -1.2 -8.1 -1.2
v -1 -8.1 -1.2
v -0.8 -8.1 -1.2
v -0.6 -8.1 -1.2
v -0.4 -8.1 -1.2
v -0.2 -8.1 -1.2
v 0.2 -8.1 -1.2
v 0.4 -8.1 -1.2
v 0.6 -8.1 -1.2
v 0.8 -8.1 -1.2
v 1 -8.1 -1.2
v 1.2 -8.1 -1.2
v -1 -8.1 -1.4
v -0.8 -8.1 -1.4
v -0.6 -8.1 -1.4
v -0.4 -8.1 -1.4
v -0.2 -8.1 -1.4
v 2.38419e-07 -8.1 -1.4
v 0.2 -8.1 -1.4
v 0.4 -8.1 -1.4
v 0.6 -8.1 -1.4
v 0.8 -8.1 -1.4
v 1 -8.1 -1.4
v -0.8 -8.1 -1.6
v -0.6 -8.1 -1.6
v -0.4 -8.1 -1.6
v -0.2 -8.1 -1.6
v 2.38419e-07 -8.1 -1.6
v 0.2 -8.1 -1.6
v 0.4 -8.1 -1.6
v 0.6 -8.1 -1.6
v 0.8 -8.1 -1.6
v -0.4 -7.9 2
v -0.2 -7.9 2
v 2.38419e-07 -7.9 2
v 0.2 -7.9 2
v 0.4 -7.9 2
v -1 -7.9 1.8
v -0.8 -7.9 1.8
v -0.6 -7.9 1.8
v -0.4 -7.9 1.8
v -0.2 -7.9 1.8
v 2.38419e-07 -7.9 1.8
v 0.2 -7.9 1.8
v 0.4 -7.9 1.8
v 0.6 -7.9 1.8
v 0.8 -7.9 1.8
v 1 -7.9 1.8
v -1.2 -7.9 1.6
v -1 -7.9 1.6
v -0.8 -7.9 1.6
v -0.6 -7.9 1.6
v -0.4 -7.9 1.6
v -0.2 -7.9 1.6
v 2.38419e-07 -7.9 1.6
v 0.2 -7.9 1.6
v 0.4 -7.9 1.6
v 0.6 -7.9 1.6
v 0.8 -7.9 1.6
v 1 -7.9 1.6
v 1.2 -7.9 1.6
v -1.4 -7.9 1.4
v -1.2 -7.9 1.4
v -1 -7.9 1.4
v -0.8 -7.9 1.4
v 0.8 -7.9 1.4
v 1 -7.9 1.4
v 1.2 -7.9 1.4
v 1.4 -7.9 1.4
v -1.6 -7.9 1.2
v -1.4 -7.9 1.2
v -1.2 -7.9 1.2
v -1 -7.9 1.2
v 1 -7.9 1.2
v 1.2 -7.9 1.2
v 1.4 -7.9 1.2
v 1.6 -7.9 1.2
v -1.8 -7.9 1
v -1.6 -7.9 1
v -1.4 -7.9 1
v -1.2 -7.9 1
v 1.2 -7.9 1
v 1.4 -7.9 1
v 1.6 -7.9 1
v 1.8 -7.9 1
v -1.8 -7.9 0.8
v -1.6 -7.9 0.8
v -1.4 -7.9 0.8
v 1.4 -7.9 0.8
v 1.6 -7.9 0.8
v 1.8 -7.9 0.8
v -1.8 -7.9 0.6
v -1.6 -7.9 0.6
v 1.6 -7.9 0.6
v 1.8 -7.9 0.6
v -2 -7.9 0.4
v -1.8 -7.9 0.4
v -1.6 -7.9 0.4
v 1.6 -7.9 0.4
v 1.8 -7.9 0.4
v 2 -7.9 0.4
v -2 -7.9 0.2
v -1.8 -7.9 0.2
v -1.6 -7.9 0.2
v 1.6 -7.9 0.2
v 1.8 -7.9 0.2
v 2 -7.9 0.2
v -2 -7.9 -2.38419e-07
v -1.8 -7.9 -2.38419e-07
v -1.6 -7.9 -2.38419e-07
v 1.6 -7.9 -2.38419e-07
v 1.8 -7.9 -2.38419e-07
v 2 -7.9 -2.38419e-07
v -2 -7.9 -0.2
v -1.8 -7.9 -0.2
v -1.6 -7.9 -0.2
v 1.6 -7.9 -0.2
v 1.8 -7.9 -0.2
v 2 -7.9 -0.2
v -2 -7.9 -0.4
v -1.8 -7.9 -0.4
v -1.6 -7.9 -0.4
v 1.6 -7.9 -0.4
v 1.8 -7.9 -0.4
v 2 -7.9 -0.4
v -1.8 -7.9 -0.6
v -1.6 -7.9 -0.6
v 1.6 -7.9 -0.6
v 1.8 -7.9 -0.6
v -1.8 -7.9 -0.8
v -1.6 -7.9 -0.8
v -1.4 -7.9 -0.8
v 1.4 -7.9 -0.8
v 1.6 -7.9 -0.8
v 1.8 -7.9 -0.8
v -1.8 -7.9 -1
v -1.6 -7.9 -1
v -1.4 -7.9 -1
v -1.2 -7.9 -1
v 1.2 -7.9 -1
v 1.4 -7.9 -1
v 1.6 -7.9 -1
v 1.8 -7.9 -1
v -1.6 -7.9 -1.2
v -1.4 -7.9 -1.2
v -1.2 -7.9 -1.2
v -1 -7.9 -1.2
v 1 -7.9 -1.2
v 1.2 -7.9 -1.2
v 1.4 -7.9 -1.2
v 1.6 -7.9 -1.2
v -1.4 -7.9 -1.4
v -1.2 -7.9 -1.4
v -1 -7.9 -1.4
v -0.8 -7.9 -1.4
v 0.8 -7.9 -1.4
v 1 -7.9 -1.4
v 1.2 -7.9 -1.4
v 1.4 -7.9 -1.4
v -1.2 -7.9 -1.6
v -1 -7.9 -1.6
v -0.8 -7.9 -1.6
v -0.6 -7.9 -1.6
v -0.4 -7.9 -1.6
v -0.2 -7.9 -1.6
v 2.38419e-07 -7.9 -1.6
v 0.2 -7.9 -1.6
v 0.4 -7.9 -1.6
v 0.6 -7.9 -1.6
v 0.8 -7.9 -1.6
v 1 -7.9 -1.6
v 1.2 -7.9 -1.6
v -1 -7.9 -1.8
v -0.8 -7.9 -1.8
v -0.6 -7.9 -1.8
v -0.4 -7.9 -1.8
v -0.2 -7.9 -1.8
v 2.38419e-07 -7.9 -1.8
v 0.2 -7.9 -1.8
v 0.4 -7.9 -1.8
v 0.6 -7.9 -1.8
v 0.8 -7.9 -1.8
v 1 -7.9 -1.8
v -0.4 -7.9 -2
v -0.2 -7.9 -2
v 2.38419e-07 -7.9 -2
v 0.2 -7.9 -2
v 0.4 -7.9 -2
v -0.4 -7.7 2.2
v -0.2 -7.7 2.2
v 2.38419e-07 -7.7 2.2
v 0.2 -7.7 2.2
v 0.4 -7.7 2.2
v -1 -7.7 2
v -0.8 -7.7 2
v -0.6 -7.7 2
v -0.4 -7.7 2
v -0.2 -7.7 2
v 2.38419e-07 -7.7 2
v 0.2 -7.7 2
v 0.4 -7.7 2
v 0.6 -7.7 2
v 0.8 -7.7 2
v 1 -7.7 2
v -1.4 -7.7 1.8
v -1.2 -7.7 1.8
v -1 -7.7 1.8
v -0.8 -7.7 1.8
v -0.6 -7.7 1.8
v -0.4 -7.7 1.8
v 0.4 -7.7 1.8
v 0.6 -7.7 1.8
v 0.8 -7.7 1.8
v 1 -7.7 1.8
v 1.2 -7.7 1.8
v 1.4 -7.7 1.8
v -1.6 -7.7 1.6
v -1.4 -7.7 1.6
v -1.2 -7.7 1.6
v -1 -7.7 1.6
v 1 -7.7 1.6
v 1.2 -7.7 1.6
v 1.4 -7.7 1.6
v 1.6 -7.7 1.6
v -1.8 -7.7 1.4
v -1.6 -7.7 1.4
v -1.4 -7.7 1.4
v -1.2 -7.7 1.4
v 1.2 -7.7 1.4
v 1.4 -7.7 1.4
v 1.6 -7.7 1.4
v 1.8 -7.7 1.4
v -1.8 -7.7 1.2
v -1.6 -7.7 1.2
v -1.4 -7.7 1.2
v 1.4 -7.7 1.2
v 1.6 -7.7 1.2
v 1.8 -7.7 1.2
v -2 -7.7 1
v -1.8 -7.7 1
v -1.6 -7.7 1
v 1.6 -7.7 1
v 1.8 -7.7 1
v 2 -7.7 1
v -2 -7.7 0.8
v -1.8 -7.7 0.8
v 1.8 -7.7 0.8
v 2 -7.7 0.8
v -2 -7.7 0.6
v -1.8 -7.7 0.6
v 1.8 -7.7 0.6
v 2 -7.7 0.6
v -2.2 -7.7 0.4
v -2 -7.7 0.4
v -1.8 -7.7 0.4
v 1.8 -7.7 0.4
v 2 -7.7 0.4
v 2.2 -7.7 0.4
v -2.2 -7.7 0.2
v -2 -7.7 0.2
v 2 -7.7 0.2
v 2.2 -7.7 0.2
v -2.2 -7.7 -2.38419e-07
v -2 -7.7 -2.38419e-07
v 2 -7.7 -2.38419e-07
v 2.2 -7.7 -2.38419e-07
v -2.2 -7.7 -0.2
v -2 -7.7 -0.2
v 2 -7.7 -0.2
v 2.2 -7.7 -0.2
v -2.2 -7.7 -0.4
v -2 -7.7 -0.4
v -1.8 -7.7 -0.4
v 1.8 -7.7 -0.4
v 2 -7.7 -0.4
v 2.2 -7.7 -0.4
v -2 -7.7 -0.6
v -1.8 -7.7 -0.6
v 1.8 -7.7 -0.6
v 2 -7.7 -0.6
v -2 -7.7 -0.8
v -1.8 -7.7 -0.8
v 1.8 -7.7 -0.8
v 2 -7.7 -0.8
v -2 -7.7 -1
v -1.8 -7.7 -1
v -1.6 -7.7 -1
v 1.6 -7.7 -1
v 1.8 -7.7 -1
v 2 -7.7 -1
v -1.8 -7.7 -1.2
v -1.6 -7.7 -1.2
v -1.4 -7.7 -1.2
v 1.4 -7.7 -1.2
v 1.6 -7.7 -1.2
v 1.8 -7.7 -1.2
v -1.8 -7.7 -1.4
v -1.6 -7.7 -1.4
v -1.4 -7.7 -1.4
v -1.2 -7.7 -1.4
v 1.2 -7.7 -1.4
v 1.4 -7.7 -1.4
v 1.6 -7.7 -1.4
v 1.8 -7.7 -1.4
v -1.6 -7.7 -1.6
v -1.4 -7.7 -1.6
v -1.2 -7.7 -1.6
v -1 -7.7 -1.6
v 1 -7.7 -1.6
v 1.2 -7.7 -1.6
v 1.4 -7.7 -1.6
v 1.6 -7.7 -1.6
v -1.4 -7.7 -1.8
v -1.2 -7.7 -1.8
v -1 -7.7 -1.8
v -0.8 -7.7 -1.8
v -0.6 -7.7 -1.8
v -0.4 -7.7 -1.8
v 0.4 -7.7 -1.8
v 0.6 -7.7 -1.8
v 0.8 -7.7 -1.8
v 1 -7.7 -1.8
v 1.2 -7.7 -1.8
v 1.4 -7.7 -1.8
v -1 -7.7 -2
v -0.8 -7.7 -2
v -0.6 -7.7 -2
v -0.4 -7.7 -2
v -0.2 -7.7 -2
v 2.38419e-07 -7.7 -2
v 0.2 -7.7 -2
v 0.4 -7.7 -2
v 0.6 -7.7 -2
v 0.8 -7.7 -2
v 1 -7.7 -2
v -0.4 -7.7 -2.2
v -0.2 -7.7 -2.2
v 2.38419e-07 -7.7 -2.2
v 0.2 -7.7 -2.2
v 0.4 -7.7 -2.2
v -0.4 -7.5 2.4
v -0.2 -7.5 2.4
v 2.38419e-07 -7.5 2.4
v 0.2 -7.5 2.4
v 0.4 -7.5 2.4
v -1 -7.5 2.2
v -0.8 -7.5 2.2
v -0.6 -7.5 2.2
v -0.4 -7.5 2.2
v -0.2 -7.5 2.2
v 2.38419e-07 -7.5 2.2
v 0.2 -7.5 2.2
v 0.4 -7.5 2.2
v 0.6 -7.5 2.2
v 0.8 -7.5 2.2
v 1 -7.5 2.2
v -1.4 -7.5 2
v -1.2 -7.5 2
v -1 -7.5 2
v -0.8 -7.5 2
v -0.6 -7.5 2
v -0.4 -7.5 2
v 0.4 -7.5 2
v 0.6 -7.5 2
v 0.8 -7.5 2
v 1 -7.5 2
v 1.2 -7.5 2
v 1.4 -7.5 2
v -1.6 -7.5 1.8
v -1.4 -7.5 1.8
v -1.2 -7.5 1.8
v -1 -7.5 1.8
v 1 -7.5 1.8
v 1.2 -7.5 1.8
v 1.4 -7.5 1.8
v 1.6 -7.5 1.8
v -1.8 -7.5 1.6
v -1.6 -7.5 1.6
v -1.4 -7.5 1.6
v 1.4 -7.5 1.6
v 1.6 -7.5 1.6
v 1.8 -7.5 1.6
v -2 -7.5 1.4
v -1.8 -7.5 1.4
v -1.6 -7.5 1.4
v 1.6 -7.5 1.4
v 1.8 -7.5 1.4
v 2 -7.5 1.4
v -2 -7.5 1.2
v -1.8 -7.5 1.2
v 1.8 -7.5 1.2
v 2 -7.5 1.2
v -2.2 -7.5 1
v -2 -7.5 1
v -1.8 -7.5 1
v 1.8 -7.5 1
v 2 -7.5 1
v 2.2 -7.5 1
v -2.2 -7.5 0.8
v -2 -7.5 0.8
v 2 -7.5 0.8
v 2.2 -7.5 0.8
v -2.2 -7.5 0.6
v -2 -7.5 0.6
v 2 -7.5 0.6
v 2.2 -7.5 0.6
v -2.4 -7.5 0.4
v -2.2 -7.5 0.4
v -2 -7.5 0.4
v 2 -7.5 0.4
v 2.2 -7.5 0.4
v 2.4 -7.5 0.4
v -2.4 -7.5 0.2
v -2.2 -7.5 0.2
v 2.2 -7.5 0.2
v 2.4 -7.5 0.2
v -2.4 -7.5 -2.38419e-07
v -2.2 -7.5 -2.38419e-07
v 2.2 -7.5 -2.38419e-07
v 2.4 -7.5 -2.38419e-07
v -2.4 -7.5 -0.2
v -2.2 -7.5 -0.2
v 2.2 -7.5 -0.2
v 2.4 -7.5 -0.2
v -2.4 -7.5 -0.4
v -2.2 -7.5 -0.4
v -2 -7.5 -0.4
v 2 -7.5 -0.4
v 2.2 -7.5 -0.4
v 2.4 -7.5 -0.4
v -2.2 -7.5 -0.6
v -2 -7.5 -0.6
v 2 -7.5 -0.6
v 2.2 -7.5 -0.6
v -2.2 -7.5 -0.8
v -2 -7.5 -0.8
v 2 -7.5 -0.8
v 2.2 -7.5 -0.8
v -2.2 -7.5 -1
v -2 -7.5 -1
v -1.8 -7.5 -1
v 1.8 -7.5 -1
v 2 -7.5 -1
v 2.2 -7.5 -1
v -2 -7.5 -1.2
v -1.8 -7.5 -1.2
v 1.8 -7.5 -1.2
v 2 -7.5 -1.2
v -2 -7.5 -1.4
v -1.8 -7.5 -1.4
v -1.6 -7.5 -1.4
v 1.6 -7.5 -1.4
v 1.8 -7.5 -1.4
v 2 -7.5 -1.4
v -1.8 -7.5 -1.6
v -1.6 -7.5 -1.6
v -1.4 -7.5 -1.6
v 1.4 -7.5 -1.6
v 1.6 -7.5 -1.6
v 1.8 -7.5 -1.6
v -1.6 -7.5 -1.8
v -1.4 -7.5 -1.8
v -1.2 -7.5 -1.8
v -1 -7.5 -1.8
v 1 -7.5 -1.8
v 1.2 -7.5 -1.8
v 1.4 -7.5 -1.8
v 1.6 -7.5 -1.8
v -1.4 -7.5 -2
v -1.2 -7.5 -2
v -1 -7.5 -2
v -0.8 -7.5 -2
v -0.6 -7.5 -2
v -0.4 -7.5 -2
v 0.4 -7.5 -2
v 0.6 -7.5 -2
v 0.8 -7.5 -2
v 1 -7.5 -2
v 1.2 -7.5 -2
v 1.4 -7.5 -2
v -1 -7.5 -2.2
v -0.8 -7.5 -2.2
v -0.6 -7.5 -2.2
v -0.4 -7.5 -2.2
v -0.2 -7.5 -2.2
v 2.38419e-07 -7.5 -2.2
v 0.2 -7.5 -2.2
v 0.4 -7.5 -2.2
v 0.6 -7.5 -2.2
v 0.8 -7.5 -2.2
v 1 -7.5 -2.2
v -0.4 -7.5 -2.4
v -0.2 -7.5 -2.4
v 2.38419e-07 -7.5 -2.4
v 0.2 -7.5 -2.4
v 0.4 -7.5 -2.4
v -1 -7.3 2.4
v -0.8 -7.3 2.4
v -0.6 -7.3 2.4
v -0.4 -7.3 2.4
v 0.4 -7.3 2.4
v 0.6 -7.3 2.4
v 0.8 -7.3 2.4
v 1 -7.3 2.4
v -1.4 -7.3 2.2
v -1.2 -7.3 2.2
v -1 -7.3 2.2
v -0.8 -7.3 2.2
v -0.6 -7.3 2.2
v -0.4 -7.3 2.2
v 0.4 -7.3 2.2
v 0.6 -7.3 2.2
v 0.8 -7.3 2.2
v 1 -7.3 2.2
v 1.2 -7.3 2.2
v 1.4 -7.3 2.2
v -1.6 -7.3 2
v -1.4 -7.3 2
v -1.2 -7.3 2
v -1 -7.3 2
v 1 -7.3 2
v 1.2 -7.3 2
v 1.4 -7.3 2
v 1.6 -7.3 2
v -1.8 -7.3 1.8
v -1.6 -7.3 1.8
v -1.4 -7.3 1.8
v 1.4 -7.3 1.8
v 1.6 -7.3 1.8
v 1.8 -7.3 1.8
v -2 -7.3 1.6
v -1.8 -7.3 1.6
v -1.6 -7.3 1.6
v 1.6 -7.3 1.6
v 1.8 -7.3 1.6
v 2 -7.3 1.6
v -2.2 -7.3 1.4
v -2 -7.3 1.4
v -1.8 -7.3 1.4
v 1.8 -7.3 1.4
v 2 -7.3 1.4
v 2.2 -7.3 1.4
v -2.2 -7.3 1.2
v -2 -7.3 1.2
v 2 -7.3 1.2
v 2.2 -7.3 1.2
v -2.4 -7.3 1
v -2.2 -7.3 1
v -2 -7.3 1
v 2 -7.3 1
v 2.2 -7.3 1
v 2.4 -7.3 1
v -2.4 -7.3 0.8
v -2.2 -7.3 0.8
v 2.2 -7.3 0.8
v 2.4 -7.3 0.8
v -2.4 -7.3 0.6
v -2.2 -7.3 0.6
v 2.2 -7.3 0.6
v 2.4 -7.3 0.6
v -2.4 -7.3 0.4
v -2.2 -7.3 0.4
v 2.2 -7.3 0.4
v 2.4 -7.3 0.4
v -2.4 -7.3 -0.4
v -2.2 -7.3 -0.4
v 2.2 -7.3 -0.4
v 2.4 -7.3 -0.4
v -2.4 -7.3 -0.6
v -2.2 -7.3 -0.6
v 2.2 -7.3 -0.6
v 2.4 -7.3 -0.6
v -2.4 -7.3 -0.8
v -2.2 -7.3 -0.8
v 2.2 -7.3 -0.8
v 2.4 -7.3 -0.8
v -2.4 -7.3 -1
v -2.2 -7.3 -1
v -2 -7.3 -1
v 2 -7.3 -1
v 2.2 -7.3 -1
v 2.4 -7.3 -1
v -2.2 -7.3 -1.2
v -2 -7.3 -1.2
v 2 -7.3 -1.2
v 2.2 -7.3 -1.2
v -2.2 -7.3 -1.4
v -2 -7.3 -1.4
v -1.8 -7.3 -1.4
v 1.8 -7.3 -1.4
v 2 -7.3 -1.4
v 2.2 -7.3 -1.4
v -2 -7.3 -1.6
v -1.8 -7.3 -1.6
v -1.6 -7.3 -1.6
v 1.6 -7.3 -1.6
v 1.8 -7.3 -1.6
v 2 -7.3 -1.6
v -1.8 -7.3 -1.8
v -1.6 -7.3 -1.8
v -1.4 -7.3 -1.8
v 1.4 -7.3 -1.8
v 1.6 -7.3 -1.8
v 1.8 -7.3 -1.8
v -1.6 -7.3 -2
v -1.4 -7.3 -2
v -1.2 -7.3 -2
v -1 -7.3 -2
v 1 -7.3 -2
v 1.2 -7.3 -2
v 1.4 -7.3 -2
v 1.6 -7.3 -2
v -1.4 -7.3 -2.2
v -1.2 -7.3 -2.2
v -1 -7.3 -2.2
v -0.8 -7.3 -2.2
v -0.6 -7.3 -2.2
v -0.4 -7.3 -2.2
v 0.4 -7.3 -2.2
v 0.6 -7.3 -2.2
v 0.8 -7.3 -2.2
v 1 -7.3 -2.2
v 1.2 -7.3 -2.2
v 1.4 -7.3 -2.2
v -1 -7.3 -2.4
v -0.8 -7.3 -2.4
v -0.6 -7.3 -2.4
v -0.4 -7.3 -2.4
v 0.4 -7.3 -2.4
v 0.6 -7.3 -2.4
v 0.8 -7.3 -2.4
v 1 -7.3 -2.4
v -0.8 -7.1 2.6
v -0.6 -7.1 2.6
v -0.4 -7.1 2.6
v -0.2 -7.1 2.6
v 2.38419e-07 -7.1 2.6
v 0.2 -7.1 2.6
v 0.4 -7.1 2.6
v 0.6 -7.1 2.6
v 0.8 -7.1 2.6
v -1.2 -7.1 2.4
v -1 -7.1 2.4
v -0.8 -7.1 2.4
v -0.6 -7.1 2.4
v -0.4 -7.1 2.4
v -0.2 -7.1 2.4
v 2.38419e-07 -7.1 2.4
v 0.2 -7.1 2.4
v 0.4 -7.1 2.4
v 0.6 -7.1 2.4
v 0.8 -7.1 2.4
v 1 -7.1 2.4
v 1.2 -7.1 2.4
v -1.6 -7.1 2.2
v -1.4 -7.1 2.2
v -1.2 -7.1 2.2
v -1 -7.1 2.2
v 1 -7.1 2.2
v 1.2 -7.1 2.2
v 1.4 -7.1 2.2
v 1.6 -7.1 2.2
v -1.8 -7.1 2
v -1.6 -7.1 2
v -1.4 -7.1 2
v 1.4 -7.1 2
v 1.6 -7.1 2
v 1.8 -7.1 2
v -2 -7.1 1.8
v -1.8 -7.1 1.8
v -1.6 -7.1 1.8
v 1.6 -7.1 1.8
v 1.8 -7.1 1.8
v 2 -7.1 1.8
v -2.2 -7.1 1.6
v -2 -7.1 1.6
v -1.8 -7.1 1.6
v 1.8 -7.1 1.6
v 2 -7.1 1.6
v 2.2 -7.1 1.6
v -2.2 -7.1 1.4
v -2 -7.1 1.4
v 2 -7.1 1.4
v 2.2 -7.1 1.4
v -2.4 -7.1 1.2
v -2.2 -7.1 1.2
v 2.2 -7.1 1.2
v 2.4 -7.1 1.2
v -2.4 -7.1 1
v -2.2 -7.1 1
v 2.2 -7.1 1
v 2.4 -7.1 1
v -2.6 -7.1 0.8
v -2.4 -7.1 0.8
v 2.4 -7.1 0.8
v 2.6 -7.1 0.8
v -2.6 -7.1 0.6
v -2.4 -7.1 0.6
v 2.4 -7.1 0.6
v 2.6 -7.1 0.6
v -2.6 -7.1 0.4
v -2.4 -7.1 0.4
v 2.4 -7.1 0.4
v 2.6 -7.1 0.4
v -2.6 -7.1 0.2
v -2.4 -7.1 0.2
v 2.4 -7.1 0.2
v 2.6 -7.1 0.2
v -2.6 -7.1 -2.38419e-07
v -2.4 -7.1 -2.38419e-07
v 2.4 -7.1 -2.38419e-07
v 2.6 -7.1 -2.38419e-07
v -2.6 -7.1 -0.2
v -2.4 -7.1 -0.2
v 2.4 -7.1 -0.2
v 2.6 -7.1 -0.2
v -2.6 -7.1 -0.4
v -2.4 -7.1 -0.4
v 2.4 -7.1 -0.4
v 2.6 -7.1 -0.4
v -2.6 -7.1 -0.6
v -2.4 -7.1 -0.6
v 2.4 -7.1 -0.6
v 2.6 -7.1 -0.6
v -2.6 -7.1 -0.8
v -2.4 -7.1 -0.8
v 2.4 -7.1 -0.8
v 2.6 -7.1 -0.8
v -2.4 -7.1 -1
v -2.2 -7.1 -1
v 2.2 -7.1 -1
v 2.4 -7.1 -1
v -2.4 -7.1 -1.2
v -2.2 -7.1 -1.2
v 2.2 -7.1 -1.2
v 2.4 -7.1 -1.2
v -2.2 -7.1 -1.4
v -2 -7.1 -1.4
v 2 -7.1 -1.4
v 2.2 -7.1 -1.4
v -2.2 -7.1 -1.6
v -2 -7.1 -1.6
v -1.8 -7.1 -1.6
v 1.8 -7.1 -1.6
v 2 -7.1 -1.6
v 2.2 -7.1 -1.6
v -2 -7.1 -1.8
v -1.8 -7.1 -1.8
v -1.6 -7.1 -1.8
v 1.6 -7.1 -1.8
v 1.8 -7.1 -1.8
v 2 -7.1 -1.8
v -1.8 -7.1 -2
v -1.6 -7.1 -2
v -1.4 -7.1 -2
v 1.4 -7.1 -2
v 1.6 -7.1 -2
v 1.8 -7.1 -2
v -1.6 -7.1 -2.2
v -1.4 -7.1 -2.2
v -1.2 -7.1 -2.2
v -1 -7.1 -2.2
v 1 -7.1 -2.2
v 1.2 -7.1 -2.2
v 1.4 -7.1 -2.2
v 1.6 -7.1 -2.2
v -1.2 -7.1 -2.4
v -1 -7.1 -2.4
v -0.8 -7.1 -2.4
v -0.6 -7.1 -2.4
v -0.4 -7.1 -2.4
v -0.2 -7.1 -2.4
v 2.38419e-07 -7.1 -2.4
v 0.2 -7.1 -2.4
v 0.4 -7.1 -2.4
v 0.6 -7.1 -2.4
v 0.8 -7.1 -2.4
v 1 -7.1 -2.4
v 1.2 -7.1 -2.4
v -0.8 -7.1 -2.6
v -0.6 -7.1 -2.6
v -0.4 -7.1 -2.6
v -0.2 -7.1 -2.6
v 2.38419e-07 -7.1 -2.6
v 0.2 -7.1 -2.6
v 0.4 -7.1 -2.6
v 0.6 -7.1 -2.6
v 0.8 -7.1 -2.6
v -0.2 -6.9 2.8
v 2.38419e-07 -6.9 2.8
v 0.2 -6.9 2.8
v -1 -6.9 2.6
v -0.8 -6.9 2.6
v -0.2 -6.9 2.6
v 2.38419e-07 -6.9 2.6
v 0.2 -6.9 2.6
v 0.8 -6.9 2.6
v 1 -6.9 2.6
v -1.4 -6.9 2.4
v -1.2 -6.9 2.4
v -1 -6.9 2.4
v -0.8 -6.9 2.4
v 0.8 -6.9 2.4
v 1 -6.9 2.4
v 1.2 -6.9 2.4
v 1.4 -6.9 2.4
v -1.8 -6.9 2.2
v -1.6 -6.9 2.2
v -1.4 -6.9 2.2
v -1.2 -6.9 2.2
v 1.2 -6.9 2.2
v 1.4 -6.9 2.2
v 1.6 -6.9 2.2
v 1.8 -6.9 2.2
v -2 -6.9 2
v -1.8 -6.9 2
v -1.6 -6.9 2
v 1.6 -6.9 2
v 1.8 -6.9 2
v 2 -6.9 2
v -2.2 -6.9 1.8
v -2 -6.9 1.8
v -1.8 -6.9 1.8
v 1.8 -6.9 1.8
v 2 -6.9 1.8
v 2.2 -6.9 1.8
v -2.2 -6.9 1.6
v -2 -6.9 1.6
v 2 -6.9 1.6
v 2.2 -6.9 1.6
v -2.4 -6.9 1.4
v -2.2 -6.9 1.4
v 2.2 -6.9 1.4
v 2.4 -6.9 1.4
v -2.4 -6.9 1.2
v -2.2 -6.9 1.2
v 2.2 -6.9 1.2
v 2.4 -6.9 1.2
v -2.6 -6.9 1
v -2.4 -6.9 1
v 2.4 -6.9 1
v 2.6 -6.9 1
v -2.6 -6.9 0.8
v -2.4 -6.9 0.8
v 2.4 -6.9 0.8
v 2.6 -6.9 0.8
v -2.8 -6.9 0.2
v -2.6 -6.9 0.2
v 2.6 -6.9 0.2
v 2.8 -6.9 0.2
v -2.8 -6.9 -2.38419e-07
v -2.6 -6.9 -2.38419e-07
v 2.6 -6.9 -2.38419e-07
v 2.8 -6.9 -2.38419e-07
v -2.8 -6.9 -0.2
v -2.6 -6.9 -0.2
v 2.6 -6.9 -0.2
v 2.8 -6.9 -0.2
v -2.6 -6.9 -0.8
v -2.4 -6.9 -0.8
v 2.4 -6.9 -0.8
v 2.6 -6.9 -0.8
v -2.6 -6.9 -1
v -2.4 -6.9 -1
v 2.4 -6.9 -1
v 2.6 -6.9 -1
v -2.4 -6.9 -1.2
v -2.2 -6.9 -1.2
v 2.2 -6.9 -1.2
v 2.4 -6.9 -1.2
v -2.4 -6.9 -1.4
v -2.2 -6.9 -1.4
v 2.2 -6.9 -1.4
v 2.4 -6.9 -1.4
v -2.2 -6.9 -1.6
v -2 -6.9 -1.6
v 2 -6.9 -1.6
v 2.2 -6.9 -1.6
v -2.2 -6.9 -1.8
v -2 -6.9 -1.8
v -1.8 -6.9 -1.8
v 1.8 -6.9 -1.8
v 2 -6.9 -1.8
v 2.2 -6.9 -1.8
v -2 -6.9 -2
v -1.8 -6.9 -2
v -1.6 -6.9 -2
v 1.6 -6.9 -2
v 1.8 -6.9 -2
v 2 -6.9 -2
v -1.8 -6.9 -2.2
v -1.6 -6.9 -2.2
v -1.4 -6.9 -2.2
v -1.2 -6.9 -2.2
v 1.2 -6.9 -2.2
v 1.4 -6.9 -2.2
v 1.6 -6.9 -2.2
v 1.8 -6.9 -2.2
v -1.4 -6.9 -2.4
v -1.2 -6.9 -2.4
v -1 -6.9 -2.4
v -0.8 -6.9 -2.4
v 0.8 -6.9 -2.4
v 1 -6.9 -2.4
v 1.2 -6.9 -2.4
v 1.4 -6.9 -2.4
v -1 -6.9 -2.6
v -0.8 -6.9 -2.6
v -0.2 -6.9 -2.6
v 2.38419e-07 -6.9 -2.6
v 0.2 -6.9 -2.6
v 0.8 -6.9 -2.6
v 1 -6.9 -2.6
v -0.2 -6.9 -2.8
v 2.38419e-07 -6.9 -2.8
v 0.2 -6.9 -2.8
v -0.8 -6.7 2.8
v -0.6 -6.7 2.8
v -0.4 -6.7 2.8
v -0.2 -6.7 2.8
v 0.2 -6.7 2.8
v 0.4 -6.7 2.8
v 0.6 -6.7 2.8
v 0.8 -6.7 2.8
v -1.2 -6.7 2.6
v -1 -6.7 2.6
v -0.8 -6.7 2.6
v -0.6 -6.7 2.6
v -0.4 -6.7 2.6
v -0.2 -6.7 2.6
v 0.2 -6.7 2.6
v 0.4 -6.7 2.6
v 0.6 -6.7 2.6
v 0.8 -6.7 2.6
v 1 -6.7 2.6
v 1.2 -6.7 2.6
v -1.6 -6.7 2.4
v -1.4 -6.7 2.4
v -1.2 -6.7 2.4
v -1 -6.7 2.4
v 1 -6.7 2.4
v 1.2 -6.7 2.4
v 1.4 -6.7 2.4
v 1.6 -6.7 2.4
v -1.6 -6.7 2.2
v -1.4 -6.7 2.2
v 1.4 -6.7 2.2
v 1.6 -6.7 2.2
v -2.4 -6.7 1.6
v -2.2 -6.7 1.6
v 2.2 -6.7 1.6
v 2.4 -6.7 1.6
v -2.4 -6.7 1.4
v -2.2 -6.7 1.4
v 2.2 -6.7 1.4
v 2.4 -6.7 1.4
v -2.6 -6.7 1.2
v -2.4 -6.7 1.2
v 2.4 -6.7 1.2
v 2.6 -6.7 1.2
v -2.6 -6.7 1
v -2.4 -6.7 1
v 2.4 -6.7 1
v 2.6 -6.7 1
v -2.8 -6.7 0.8
v -2.6 -6.7 0.8
v 2.6 -6.7 0.8
v 2.8 -6.7 0.8
v -2.8 -6.7 0.6
v -2.6 -6.7 0.6
v 2.6 -6.7 0.6
v 2.8 -6.7 0.6
v -2.8 -6.7 0.4
v -2.6 -6.7 0.4
v 2.6 -6.7 0.4
v 2.8 -6.7 0.4
v -2.8 -6.7 0.2
v -2.6 -6.7 0.2
v 2.6 -6.7 0.2
v 2.8 -6.7 0.2
v -2.8 -6.7 -0.2
v -2.6 -6.7 -0.2
v 2.6 -6.7 -0.2
v 2.8 -6.7 -0.2
v -2.8 -6.7 -0.4
v -2.6 -6.7 -0.4
v 2.6 -6.7 -0.4
v 2.8 -6.7 -0.4
v -2.8 -6.7 -0.6
v -2.6 -6.7 -0.6
v 2.6 -6.7 -0.6
v 2.8 -6.7 -0.6
v -2.8 -6.7 -0.8
v -2.6 -6.7 -0.8
v 2.6 -6.7 -0.8
v 2.8 -6.7 -0.8
v -2.6 -6.7 -1
v -2.4 -6.7 -1
v 2.4 -6.7 -1
v 2.6 -6.7 -1
v -2.6 -6.7 -1.2
v -2.4 -6.7 -1.2
v 2.4 -6.7 -1.2
v 2.6 -6.7 -1.2
v -2.4 -6.7 -1.4
v -2.2 -6.7 -1.4
v 2.2 -6.7 -1.4
v 2.4 -6.7 -1.4
v -2.4 -6.7 -1.6
v -2.2 -6.7 -1.6
v 2.2 -6.7 -1.6
v 2.4 -6.7 -1.6
v -1.6 -6.7 -2.2
v -1.4 -6.7 -2.2
v 1.4 -6.7 -2.2
v 1.6 -6.7 -2.2
v -1.6 -6.7 -2.4
v -1.4 -6.7 -2.4
v -1.2 -6.7 -2.4
v -1 -6.7 -2.4
v 1 -6.7 -2.4
v 1.2 -6.7 -2.4
v 1.4 -6.7 -2.4
v 1.6 -6.7 -2.4
v -1.2 -6.7 -2.6
v -1 -6.7 -2.6
v -0.8 -6.7 -2.6
v -0.6 -6.7 -2.6
v -0.4 -6.7 -2.6
v -0.2 -6.7 -2.6
v 0.2 -6.7 -2.6
v 0.4 -6.7 -2.6
v 0.6 -6.7 -2.6
v 0.8 -6.7 -2.6
v 1 -6.7 -2.6
v 1.2 -6.7 -2.6
v -0.8 -6.7 -2.8
v -0.6 -6.7 -2.8
v -0.4 -6.7 -2.8
v -0.2 -6.7 -2.8
v 0.2 -6.7 -2.8
v 0.4 -6.7 -2.8
v 0.6 -6.7 -2.8
v 0.8 -6.7 -2.8
v -1 -6.5 2.8
v -0.8 -6.5 2.8
v 0.8 -6.5 2.8
v 1 -6.5 2.8
v -1.4 -6.5 2.6
v -1.2 -6.5 2.6
v -1 -6.5 2.6
v -0.8 -6.5 2.6
v 0.8 -6.5 2.6
v 1 -6.5 2.6
v 1.2 -6.5 2.6
v 1.4 -6.5 2.6
v -1.8 -6.5 2.4
v -1.6 -6.5 2.4
v -1.4 -6.5 2.4
v -1.2 -6.5 2.4
v 1.2 -6.5 2.4
v 1.4 -6.5 2.4
v 1.6 -6.5 2.4
v 1.8 -6.5 2.4
v -2 -6.5 2.2
v -1.8 -6.5 2.2
v -1.6 -6.5 2.2
v 1.6 -6.5 2.2
v 1.8 -6.5 2.2
v 2 -6.5 2.2
v -2.2 -6.5 2
v -2 -6.5 2
v -1.8 -6.5 2
v 1.8 -6.5 2
v 2 -6.5 2
v 2.2 -6.5 2
v -2.4 -6.5 1.8
v -2.2 -6.5 1.8
v -2 -6.5 1.8
v 2 -6.5 1.8
v 2.2 -6.5 1.8
v 2.4 -6.5 1.8
v -2.4 -6.5 1.6
v -2.2 -6.5 1.6
v 2.2 -6.5 1.6
v 2.4 -6.5 1.6
v -2.6 -6.5 1.4
v -2.4 -6.5 1.4
v 2.4 -6.5 1.4
v 2.6 -6.5 1.4
v -2.6 -6.5 1.2
v -2.4 -6.5 1.2
v 2.4 -6.5 1.2
v 2.6 -6.5 1.2
v -2.8 -6.5 1
v -2.6 -6.5 1
v 2.6 -6.5 1
v 2.8 -6.5 1
v -2.8 -6.5 0.8
v -2.6 -6.5 0.8
v 2.6 -6.5 0.8
v 2.8 -6.5 0.8
v -2.8 -6.5 -0.8
v -2.6 -6.5 -0.8
v 2.6 -6.5 -0.8
v 2.8 -6.5 -0.8
v -2.8 -6.5 -1
v -2.6 -6.5 -1
v 2.6 -6.5 -1
v 2.8 -6.5 -1
v -2.6 -6.5 -1.2
v -2.4 -6.5 -1.2
v 2.4 -6.5 -1.2
v 2.6 -6.5 -1.2
v -2.6 -6.5 -1.4
v -2.4 -6.5 -1.4
v 2.4 -6.5 -1.4
v 2.6 -6.5 -1.4
v -2.4 -6.5 -1.6
v -2.2 -6.5 -1.6
v 2.2 -6.5 -1.6
v 2.4 -6.5 -1.6
v -2.4 -6.5 -1.8
v -2.2 -6.5 -1.8
v -2 -6.5 -1.8
v 2 -6.5 -1.8
v 2.2 -6.5 -1.8
v 2.4 -6.5 -1.8
v -2.2 -6.5 -2
v -2 -6.5 -2
v -1.8 -6.5 -2
v 1.8 -6.5 -2
v 2 -6.5 -2
v 2.2 -6.5 -2
v -2 -6.5 -2.2
v -1.8 -6.5 -2.2
v -1.6 -6.5 -2.2
v 1.6 -6.5 -2.2
v 1.8 -6.5 -2.2
v 2 -6.5 -2.2
v -1.8 -6.5 -2.4
v -1.6 -6.5 -2.4
v -1.4 -6.5 -2.4
v -1.2 -6.5 -2.4
v 1.2 -6.5 -2.4
v 1.4 -6.5 -2.4
v 1.6 -6.5 -2.4
v 1.8 -6.5 -2.4
v -1.4 -6.5 -2.6
v -1.2 -6.5 -2.6
v -1 -6.5 -2.6
v -0.8 -6.5 -2.6
v 0.8 -6.5 -2.6
v 1 -6.5 -2.6
v 1.2 -6.5 -2.6
v 1.4 -6.5 -2.6
v -1 -6.5 -2.8
v -0.8 -6.5 -2.8
v 0.8 -6.5 -2.8
v 1 -6.5 -2.8
v -0.4 -6.3 3
v -0.2 -6.3 3
v 2.38419e-07 -6.3 3
v 0.2 -6.3 3
v 0.4 -6.3 3
v -1.2 -6.3 2.8
v -1 -6.3 2.8
v -0.4 -6.3 2.8
v -0.2 -6.3 2.8
v 2.38419e-07 -6.3 2.8
v 0.2 -6.3 2.8
v 0.4 -6.3 2.8
v 1 -6.3 2.8
v 1.2 -6.3 2.8
v -1.6 -6.3 2.6
v -1.4 -6.3 2.6
v -1.2 -6.3 2.6
v -1 -6.3 2.6
v 1 -6.3 2.6
v 1.2 -6.3 2.6
v 1.4 -6.3 2.6
v 1.6 -6.3 2.6
v -1.6 -6.3 2.4
v -1.4 -6.3 2.4
v 1.4 -6.3 2.4
v 1.6 -6.3 2.4
v -2.6 -6.3 1.6
v -2.4 -6.3 1.6
v 2.4 -6.3 1.6
v 2.6 -6.3 1.6
v -2.6 -6.3 1.4
v -2.4 -6.3 1.4
v 2.4 -6.3 1.4
v 2.6 -6.3 1.4
v -2.8 -6.3 1.2
v -2.6 -6.3 1.2
v 2.6 -6.3 1.2
v 2.8 -6.3 1.2
v -2.8 -6.3 1
v -2.6 -6.3 1
v 2.6 -6.3 1
v 2.8 -6.3 1
v -3 -6.3 0.4
v -2.8 -6.3 0.4
v 2.8 -6.3 0.4
v 3 -6.3 0.4
v -3 -6.3 0.2
v -2.8 -6.3 0.2
v 2.8 -6.3 0.2
v 3 -6.3 0.2
v -3 -6.3 -2.38419e-07
v -2.8 -6.3 -2.38419e-07
v 2.8 -6.3 -2.38419e-07
v 3 -6.3 -2.38419e-07
v -3 -6.3 -0.2
v -2.8 -6.3 -0.2
v 2.8 -6.3 -0.2
v 3 -6.3 -0.2
v -3 -6.3 -0.4
v -2.8 -6.3 -0.4
v 2.8 -6.3 -0.4
v 3 -6.3 -0.4
v -2.8 -6.3 -1
v -2.6 -6.3 -1
v 2.6 -6.3 -1
v 2.8 -6.3 -1
v -2.8 -6.3 -1.2
v -2.6 -6.3 -1.2
v 2.6 -6.3 -1.2
v 2.8 -6.3 -1.2
v -2.6 -6.3 -1.4
v -2.4 -6.3 -1.4
v 2.4 -6.3 -1.4
v 2.6 -6.3 -1.4
v -2.6 -6.3 -1.6
v -2.4 -6.3 -1.6
v 2.4 -6.3 -1.6
v 2.6 -6.3 -1.6
v -1.6 -6.3 -2.4
v -1.4 -6.3 -2.4
v 1.4 -6.3 -2.4
v 1.6 -6.3 -2.4
v -1.6 -6.3 -2.6
v -1.4 -6.3 -2.6
v -1.2 -6.3 -2.6
v -1 -6.3 -2.6
v 1 -6.3 -2.6
v 1.2 -6.3 -2.6
v 1.4 -6.3 -2.6
v 1.6 -6.3 -2.6
v -1.2 -6.3 -2.8
v -1 -6.3 -2.8
v -0.4 -6.3 -2.8
v -0.2 -6.3 -2.8
v 2.38419e-07 -6.3 -2.8
v 0.2 -6.3 -2.8
v 0.4 -6.3 -2.8
v 1 -6.3 -2.8
v 1.2 -6.3 -2.8
v -0.4 -6.3 -3
v -0.2 -6.3 -3
v 2.38419e-07 -6.3 -3
v 0.2 -6.3 -3
v 0.4 -6.3 -3
v -0.6 -6.1 3
v -0.4 -6.1 3
v 0.4 -6.1 3
v 0.6 -6.1 3
v -0.6 -6.1 2.8
v -0.4 -6.1 2.8
v 0.4 -6.1 2.8
v 0.6 -6.1 2.8
v -3 -6.1 0.6
v -2.8 -6.1 0.6
v 2.8 -6.1 0.6
v 3 -6.1 0.6
v -3 -6.1 0.4
v -2.8 -6.1 0.4
v 2.8 -6.1 0.4
v 3 -6.1 0.4
v -3 -6.1 -0.4
v -2.8 -6.1 -0.4
v 2.8 -6.1 -0.4
v 3 -6.1 -0.4
v -3 -6.1 -0.6
v -2.8 -6.1 -0.6
v 2.8 -6.1 -0.6
v 3 -6.1 -0.6
v -0.6 -6.1 -2.8
v -0.4 -6.1 -2.8
v 0.4 -6.1 -2.8
v 0.6 -6.1 -2.8
v -0.6 -6.1 -3
v -0.4 -6.1 -3
v 0.4 -6.1 -3
v 0.6 -6.1 -3
v -0.8 -5.9 3
v -0.6 -5.9 3
v 0.6 -5.9 3
v 0.8 -5.9 3
v -0.8 -5.9 2.8
v -0.6 -5.9 2.8
v 0.6 -5.9 2.8
v 0.8 -5.9 2.8
v -2 -5.9 2.4
v -1.8 -5.9 2.4
v 1.8 -5.9 2.4
v 2 -5.9 2.4
v -2.2 -5.9 2.2
v -2 -5.9 2.2
v -1.8 -5.9 2.2
v 1.8 -5.9 2.2
v 2 -5.9 2.2
v 2.2 -5.9 2.2
v -2.4 -5.9 2
v -2.2 -5.9 2
v -2 -5.9 2
v 2 -5.9 2
v 2.2 -5.9 2
v 2.4 -5.9 2
v -2.4 -5.9 1.8
v -2.2 -5.9 1.8
v 2.2 -5.9 1.8
v 2.4 -5.9 1.8
v -3 -5.9 0.8
v -2.8 -5.9 0.8
v 2.8 -5.9 0.8
v 3 -5.9 0.8
v -3 -5.9 0.6
v -2.8 -5.9 0.6
v 2.8 -5.9 0.6
v 3 -5.9 0.6
v -3 -5.9 -0.6
v -2.8 -5.9 -0.6
v 2.8 -5.9 -0.6
v 3 -5.9 -0.6
v -3 -5.9 -0.8
v -2.8 -5.9 -0.8
v 2.8 -5.9 -0.8
v 3 -5.9 -0.8
v -2.4 -5.9 -1.8
v -2.2 -5.9 -1.8
v 2.2 -5.9 -1.8
v 2.4 -5.9 -1.8
v -2.4 -5.9 -2
v -2.2 -5.9 -2
v -2 -5.9 -2
v 2 -5.9 -2
v 2.2 -5.9 -2
v 2.4 -5.9 -2
v -2.2 -5.9 -2.2
v -2 -5.9 -2.2
v -1.8 -5.9 -2.2
v 1.8 -5.9 -2.2
v 2 -5.9 -2.2
v 2.2 -5.9 -2.2
v -2 -5.9 -2.4
v -1.8 -5.9 -2.4
v 1.8 -5.9 -2.4
v 2 -5.9 -2.4
v -0.8 -5.9 -2.8
v -0.6 -5.9 -2.8
v 0.6 -5.9 -2.8
v 0.8 -5.9 -2.8
v -0.8 -5.9 -3
v -0.6 -5.9 -3
v 0.6 -5.9 -3
v 0.8 -5.9 -3
v -1.4 -5.7 2.8
v -1.2 -5.7 2.8
v 1.2 -5.7 2.8
v 1.4 -5.7 2.8
v -1.4 -5.7 2.6
v -1.2 -5.7 2.6
v 1.2 -5.7 2.6
v 1.4 -5.7 2.6
v -2.8 -5.7 1.4
v -2.6 -5.7 1.4
v 2.6 -5.7 1.4
v 2.8 -5.7 1.4
v -2.8 -5.7 1.2
v -2.6 -5.7 1.2
v 2.6 -5.7 1.2
v 2.8 -5.7 1.2
v -2.8 -5.7 -1.2
v -2.6 -5.7 -1.2
v 2.6 -5.7 -1.2
v 2.8 -5.7 -1.2
v -2.8 -5.7 -1.4
v -2.6 -5.7 -1.4
v 2.6 -5.7 -1.4
v 2.8 -5.7 -1.4
v -1.4 -5.7 -2.6
v -1.2 -5.7 -2.6
v 1.2 -5.7 -2.6
v 1.4 -5.7 -2.6
v -1.4 -5.7 -2.8
v -1.2 -5.7 -2.8
v 1.2 -5.7 -2.8
v 1.4 -5.7 -2.8
v -1.4 -5.3 2.8
v -1.2 -5.3 2.8
v 1.2 -5.3 2.8
v 1.4 -5.3 2.8
v -1.4 -5.3 2.6
v -1.2 -5.3 2.6
v 1.2 -5.3 2.6
v 1.4 -5.3 2.6
v -2.8 -5.3 1.4
v -2.6 -5.3 1.4
v 2.6 -5.3 1.4
v 2.8 -5.3 1.4
v -2.8 -5.3 1.2
v -2.6 -5.3 1.2
v 2.6 -5.3 1.2
v 2.8 -5.3 1.2
v -2.8 -5.3 -1.2
v -2.6 -5.3 -1.2
v 2.6 -5.3 -1.2
v 2.8 -5.3 -1.2
v -2.8 -5.3 -1.4
v -2.6 -5.3 -1.4
v 2.6 -5.3 -1.4
v 2.8 -5.3 -1.4
v -1.4 -5.3 -2.6
v -1.2 -5.3 -2.6
v 1.2 -5.3 -2.6
v 1.4 -5.3 -2.6
v -1.4 -5.3 -2.8
v -1.2 -5.3 -2.8
v 1.2 -5.3 -2.8
v 1.4 -5.3 -2.8
v -0.8 -5.1 3
v -0.6 -5.1 3
v 0.6 -5.1 3
v 0.8 -5.1 3
v -0.8 -5.1 2.8
v -0.6 -5.1 2.8
v 0.6 -5.1 2.8
v 0.8 -5.1 2.8
v -2 -5.1 2.4
v -1.8 -5.1 2.4
v 1.8 -5.1 2.4
v 2 -5.1 2.4
v -2.2 -5.1 2.2
v -2 -5.1 2.2
v -1.8 -5.1 2.2
v 1.8 -5.1 2.2
v 2 -5.1 2.2
v 2.2 -5.1 2.2
v -2.4 -5.1 2
v -2.2 -5.1 2
v -2 -5.1 2
v 2 -5.1 2
v 2.2 -5.1 2
v 2.4 -5.1 2
v -2.4 -5.1 1.8
v -2.2 -5.1 1.8
v 2.2 -5.1 1.8
v 2.4 -5.1 1.8
v -3 -5.1 0.8
v -2.8 -5.1 0.8
v 2.8 -5.1 0.8
v 3 -5.1 0.8
v -3 -5.1 0.6
v -2.8 -5.1 0.6
v 2.8 -5.1 0.6
v 3 -5.1 0.6
v -3 -5.1 -0.6
v -2.8 -5.1 -0.6
v 2.8 -5.1 -0.6
v 3 -5.1 -0.6
v -3 -5.1 -0.8
v -2.8 -5.1 -0.8
v 2.8 -5.1 -0.8
v 3 -5.1 -0.8
v -2.4 -5.1 -1.8
v -2.2 -5.1 -1.8
v 2.2 -5.1 -1.8
v 2.4 -5.1 -1.8
v -2.4 -5.1 -2
v -2.2 -5.1 -2
v -2 -5.1 -2
v 2 -5.1 -2
v 2.2 -5.1 -2
v 2.4 -5.1 -2
v -2.2 -5.1 -2.2
v -2 -5.1 -2.2
v -1.8 -5.1 -2.2
v 1.8 -5.1 -2.2
v 2 -5.1 -2.2
v 2.2 -5.1 -2.2
v -2 -5.1 -2.4
v -1.8 -5.1 -2.4
v 1.8 -5.1 -2.4
v 2 -5.1 -2.4
v -0.8 -5.1 -2.8
v -0.6 -5.1 -2.8
v 0.6 -5.1 -2.8
v 0.8 -5.1 -2.8
v -0.8 -5.1 -3
v -0.6 -5.1 -3
v 0.6 -5.1 -3
v 0.8 -5.1 -3
v -0.6 -4.9 3
v -0.4 -4.9 3
v 0.4 -4.9 3
v 0.6 -4.9 3
v -0.6 -4.9 2.8
v -0.4 -4.9 2.8
v 0.4 -4.9 2.8
v 0.6 -4.9 2.8
v -3 -4.9 0.6
v -2.8 -4.9 0.6
v 2.8 -4.9 0.6
v 3 -4.9 0.6
v -3 -4.9 0.4
v -2.8 -4.9 0.4
v 2.8 -4.9 0.4
v 3 -4.9 0.4
v -3 -4.9 -0.4
v -2.8 -4.9 -0.4
v 2.8 -4.9 -0.4
v 3 -4.9 -0.4
v -3 -4.9 -0.6
v -2.8 -4.9 -0.6
v 2.8 -4.9 -0.6
v 3 -4.9 -0.6
v -0.6 -4.9 -2.8
v -0.4 -4.9 -2.8
v 0.4 -4.9 -2.8
v 0.6 -4.9 -2.8
v -0.6 -4.9 -3
v -0.4 -4.9 -3
v 0.4 -4.9 -3
v 0.6 -4.9 -3
v -0.4 -4.7 3
v -0.2 -4.7 3
v 2.38419e-07 -4.7 3
v 0.2 -4.7 3
v 0.4 -4.7 3
v -1.2 -4.7 2.8
v -1 -4.7 2.8
v -0.4 -4.7 2.8
v -0.2 -4.7 2.8
v 2.38419e-07 -4.7 2.8
v 0.2 -4.7 2.8
v 0.4 -4.7 2.8
v 1 -4.7 2.8
v 1.2 -4.7 2.8
v -1.6 -4.7 2.6
v -1.4 -4.7 2.6
v -1.2 -4.7 2.6
v -1 -4.7 2.6
v 1 -4.7 2.6
v 1.2 -4.7 2.6
v 1.4 -4.7 2.6
v 1.6 -4.7 2.6
v -1.6 -4.7 2.4
v -1.4 -4.7 2.4
v 1.4 -4.7 2.4
v 1.6 -4.7 2.4
v -2.6 -4.7 1.6
v -2.4 -4.7 1.6
v 2.4 -4.7 1.6
v 2.6 -4.7 1.6
v -2.6 -4.7 1.4
v -2.4 -4.7 1.4
v 2.4 -4.7 1.4
v 2.6 -4.7 1.4
v -2.8 -4.7 1.2
v -2.6 -4.7 1.2
v 2.6 -4.7 1.2
v 2.8 -4.7 1.2
v -2.8 -4.7 1
v -2.6 -4.7 1
v 2.6 -4.7 1
v 2.8 -4.7 1
v -3 -4.7 0.4
v -2.8 -4.7 0.4
v 2.8 -4.7 0.4
v 3 -4.7 0.4
v -3 -4.7 0.2
v -2.8 -4.7 0.2
v 2.8 -4.7 0.2
v 3 -4.7 0.2
v -3 -4.7 -2.38419e-07
v -2.8 -4.7 -2.38419e-07
v 2.8 -4.7 -2.38419e-07
v 3 -4.7 -2.38419e-07
v -3 -4.7 -0.2
v -2.8 -4.7 -0.2
v 2.8 -4.7 -0.2
v 3 -4.7 -0.2
v -3 -4.7 -0.4
v -2.8 -4.7 -0.4
v 2.8 -4.7 -0.4
v 3 -4.7 -0.4
v -2.8 -4.7 -1
v -2.6 -4.7 -1
v 2.6 -4.7 -1
v 2.8 -4.7 -1
v -2.8 -4.7 -1.2
v -2.6 -4.7 -1.2
v 2.6 -4.7 -1.2
v 2.8 -4.7 -1.2
v -2.6 -4.7 -1.4
v -2.4 -4.7 -1.4
v 2.4 -4.7 -1.4
v 2.6 -4.7 -1.4
v -2.6 -4.7 -1.6
v -2.4 -4.7 -1.6
v 2.4 -4.7 -1.6
v 2.6 -4.7 -1.6
v -1.6 -4.7 -2.4
v -1.4 -4.7 -2.4
v 1.4 -4.7 -2.4
v 1.6 -4.7 -2.4
v -1.6 -4.7 -2.6
v -1.4 -4.7 -2.6
v -1.2 -4.7 -2.6
v -1 -4.7 -2.6
v 1 -4.7 -2.6
v 1.2 -4.7 -2.6
v 1.4 -4.7 -2.6
v 1.6 -4.7 -2.6
v -1.2 -4.7 -2.8
v -1 -4.7 -2.8
v -0.4 -4.7 -2.8
v -0.2 -4.7 -2.8
v 2.38419e-07 -4.7 -2.8
v 0.2 -4.7 -2.8
v 0.4 -4.7 -2.8
v 1 -4.7 -2.8
v 1.2 -4.7 -2.8
v -0.4 -4.7 -3
v -0.2 -4.7 -3
v 2.38419e-07 -4.7 -3
v 0.2 -4.7 -3
v 0.4 -4.7 -3
v -1 -4.5 2.8
v -0.8 -4.5 2.8
v 0.8 -4.5 2.8
v 1 -4.5 2.8
v -1.4 -4.5 2.6
v -1.2 -4.5 2.6
v -1 -4.5 2.6
v -0.8 -4.5 2.6
v 0.8 -4.5 2.6
v 1 -4.5 2.6
v 1.2 -4.5 2.6
v 1.4 -4.5 2.6
v -1.8 -4.5 2.4
v -1.6 -4.5 2.4
v -1.4 -4.5 2.4
v -1.2 -4.5 2.4
v 1.2 -4.5 2.4
v 1.4 -4.5 2.4
v 1.6 -4.5 2.4
v 1.8 -4.5 2.4
v -2 -4.5 2.2
v -1.8 -4.5 2.2
v -1.6 -4.5 2.2
v 1.6 -4.5 2.2
v 1.8 -4.5 2.2
v 2 -4.5 2.2
v -2.2 -4.5 2
v -2 -4.5 2
v -1.8 -4.5 2
v 1.8 -4.5 2
v 2 -4.5 2
v 2.2 -4.5 2
v -2.4 -4.5 1.8
v -2.2 -4.5 1.8
v -2 -4.5 1.8
v 2 -4.5 1.8
v 2.2 -4.5 1.8
v 2.4 -4.5 1.8
v -2.4 -4.5 1.6
v -2.2 -4.5 1.6
v 2.2 -4.5 1.6
v 2.4 -4.5 1.6
v -2.6 -4.5 1.4
v -2.4 -4.5 1.4
v 2.4 -4.5 1.4
v 2.6 -4.5 1.4
v -2.6 -4.5 1.2
v -2.4 -4.5 1.2
v 2.4 -4.5 1.2
v 2.6 -4.5 1.2
v -2.8 -4.5 1
v -2.6 -4.5 1
v 2.6 -4.5 1
v 2.8 -4.5 1
v -2.8 -4.5 0.8
v -2.6 -4.5 0.8
v 2.6 -4.5 0.8
v 2.8 -4.5 0.8
v -2.8 -4.5 -0.8
v -2.6 -4.5 -0.8
v 2.6 -4.5 -0.8
v 2.8 -4.5 -0.8
v -2.8 -4.5 -1
v -2.6 -4.5 -1
v 2.6 -4.5 -1
v 2.8 -4.5 -1
v -2.6 -4.5 -1.2
v -2.4 -4.5 -1.2
v 2.4 -4.5 -1.2
v 2.6 -4.5 -1.2
v -2.6 -4.5 -1.4
v -2.4 -4.5 -1.4
v 2.4 -4.5 -1.4
v 2.6 -4.5 -1.4
v -2.4 -4.5 -1.6
v -2.2 -4.5 -1.6
v 2.2 -4.5 -1.6
v 2.4 -4.5 -1.6
v -2.4 -4.5 -1.8
v -2.2 -4.5 -1.8
v -2 -4.5 -1.8
v 2 -4.5 -1.8
v 2.2 -4.5 -1.8
v 2.4 -4.5 -1.8
v -2.2 -4.5 -2
v -2 -4.5 -2
v -1.8 -4.5 -2
v 1.8 -4.5 -2
v 2 -4.5 -2
v 2.2 -4.5 -2
v -2 -4.5 -2.2
v -1.8 -4.5 -2.2
v -1.6 -4.5 -2.2
v 1.6 -4.5 -2.2
v 1.8 -4.5 -2.2
v 2 -4.5 -2.2
v -1.8 -4.5 -2.4
v -1.6 -4.5 -2.4
v -1.4 -4.5 -2.4
v -1.2 -4.5 -2.4
v 1.2 -4.5 -2.4
v 1.4 -4.5 -2.4
v 1.6 -4.5 -2.4
v 1.8 -4.5 -2.4
v -1.4 -4.5 -2.6
v -1.2 -4.5 -2.6
v -1 -4.5 -2.6
v -0.8 -4.5 -2.6
v 0.8 -4.5 -2.6
v 1 -4.5 -2.6
v 1.2 -4.5 -2.6
v 1.4 -4.5 -2.6
v -1 -4.5 -2.8
v -0.8 -4.5 -2.8
v 0.8 -4.5 -2.8
v 1 -4.5 -2.8
v -0.8 -4.3 2.8
v -0.6 -4.3 2.8
v -0.4 -4.3 2.8
v -0.2 -4.3 2.8
v 0.2 -4.3 2.8
v 0.4 -4.3 2.8
v 0.6 -4.3 2.8
v 0.8 -4.3 2.8
v -1.2 -4.3 2.6
v -1 -4.3 2.6
v -0.8 -4.3 2.6
v -0.6 -4.3 2.6
v -0.4 -4.3 2.6
v -0.2 -4.3 2.6
v 0.2 -4.3 2.6
v 0.4 -4.3 2.6
v 0.6 -4.3 2.6
v 0.8 -4.3 2.6
v 1 -4.3 2.6
v 1.2 -4.3 2.6
v -1.6 -4.3 2.4
v -1.4 -4.3 2.4
v -1.2 -4.3 2.4
v -1 -4.3 2.4
v 1 -4.3 2.4
v 1.2 -4.3 2.4
v 1.4 -4.3 2.4
v 1.6 -4.3 2.4
v -1.6 -4.3 2.2
v -1.4 -4.3 2.2
v 1.4 -4.3 2.2
v 1.6 -4.3 2.2
v -2.4 -4.3 1.6
v -2.2 -4.3 1.6
v 2.2 -4.3 1.6
v 2.4 -4.3 1.6
v -2.4 -4.3 1.4
v -2.2 -4.3 1.4
v 2.2 -4.3 1.4
v 2.4 -4.3 1.4
v -2.6 -4.3 1.2
v -2.4 -4.3 1.2
v 2.4 -4.3 1.2
v 2.6 -4.3 1.2
v -2.6 -4.3 1
v -2.4 -4.3 1
v 2.4 -4.3 1
v 2.6 -4.3 1
v -2.8 -4.3 0.8
v -2.6 -4.3 0.8
v 2.6 -4.3 0.8
v 2.8 -4.3 0.8
v -2.8 -4.3 0.6
v -2.6 -4.3 0.6
v 2.6 -4.3 0.6
v 2.8 -4.3 0.6
v -2.8 -4.3 0.4
v -2.6 -4.3 0.4
v 2.6 -4.3 0.4
v 2.8 -4.3 0.4
v -2.8 -4.3 0.2
v -2.6 -4.3 0.2
v 2.6 -4.3 0.2
v 2.8 -4.3 0.2
v -2.8 -4.3 -0.2
v -2.6 -4.3 -0.2
v 2.6 -4.3 -0.2
v 2.8 -4.3 -0.2
v -2.8 -4.3 -0.4
v -2.6 -4.3 -0.4
v 2.6 -4.3 -0.4
v 2.8 -4.3 -0.4
v -2.8 -4.3 -0.6
v -2.6 -4.3 -0.6
v 2.6 -4.3 -0.6
v 2.8 -4.3 -0.6
v -2.8 -4.3 -0.8
v -2.6 -4.3 -0.8
v 2.6 -4.3 -0.8
v 2.8 -4.3 -0.8
v -2.6 -4.3 -1
v -2.4 -4.3 -1
v 2.4 -4.3 -1
v 2.6 -4.3 -1
v -2.6 -4.3 -1.2
v -2.4 -4.3 -1.2
v 2.4 -4.3 -1.2
v 2.6 -4.3 -1.2
v -2.4 -4.3 -1.4
v -2.2 -4.3 -1.4
v 2.2 -4.3 -1.4
v 2.4 -4.3 -1.4
v -2.4 -4.3 -1.6
v -2.2 -4.3 -1.6
v 2.2 -4.3 -1.6
v 2.4 -4.3 -1.6
v -1.6 -4.3 -2.2
v -1.4 -4.3 -2.2
v 1.4 -4.3 -2.2
v 1.6 -4.3 -2.2
v -1.6 -4.3 -2.4
v -1.4 -4.3 -2.4
v -1.2 -4.3 -2.4
v -1 -4.3 -2.4
v 1 -4.3 -2.4
v 1.2 -4.3 -2.4
v 1.4 -4.3 -2.4
v 1.6 -4.3 -2.4
v -1.2 -4.3 -2.6
v -1 -4.3 -2.6
v -0.8 -4.3 -2.6
v -0.6 -4.3 -2.6
v -0.4 -4.3 -2.6
v -0.2 -4.3 -2.6
v 0.2 -4.3 -2.6
v 0.4 -4.3 -2.6
v 0.6 -4.3 -2.6
v 0.8 -4.3 -2.6
v 1 -4.3 -2.6
v 1.2 -4.3 -2.6
v -0.8 -4.3 -2.8
v -0.6 -4.3 -2.8
v -0.4 -4.3 -2.8
v -0.2 -4.3 -2.8
v 0.2 -4.3 -2.8
v 0.4 -4.3 -2.8
v 0.6 -4.3 -2.8
v 0.8 -4.3 -2.8
v -0.2 -4.1 2.8
v 2.38419e-07 -4.1 2.8
v 0.2 -4.1 2.8
v -1 -4.1 2.6
v -0.8 -4.1 2.6
v -0.2 -4.1 2.6
v 2.38419e-07 -4.1 2.6
v 0.2 -4.1 2.6
v 0.8 -4.1 2.6
v 1 -4.1 2.6
v -1.4 -4.1 2.4
v -1.2 -4.1 2.4
v -1 -4.1 2.4
v -0.8 -4.1 2.4
v 0.8 -4.1 2.4
v 1 -4.1 2.4
v 1.2 -4.1 2.4
v 1.4 -4.1 2.4
v -1.8 -4.1 2.2
v -1.6 -4.1 2.2
v -1.4 -4.1 2.2
v -1.2 -4.1 2.2
v 1.2 -4.1 2.2
v 1.4 -4.1 2.2
v 1.6 -4.1 2.2
v 1.8 -4.1 2.2
v -2 -4.1 2
v -1.8 -4.1 2
v -1.6 -4.1 2
v 1.6 -4.1 2
v 1.8 -4.1 2
v 2 -4.1 2
v -2.2 -4.1 1.8
v -2 -4.1 1.8
v -1.8 -4.1 1.8
v 1.8 -4.1 1.8
v 2 -4.1 1.8
v 2.2 -4.1 1.8
v -2.2 -4.1 1.6
v -2 -4.1 1.6
v 2 -4.1 1.6
v 2.2 -4.1 1.6
v -2.4 -4.1 1.4
v -2.2 -4.1 1.4
v 2.2 -4.1 1.4
v 2.4 -4.1 1.4
v -2.4 -4.1 1.2
v -2.2 -4.1 1.2
v 2.2 -4.1 1.2
v 2.4 -4.1 1.2
v -2.6 -4.1 1
v -2.4 -4.1 1
v 2.4 -4.1 1
v 2.6 -4.1 1
v -2.6 -4.1 0.8
v -2.4 -4.1 0.8
v 2.4 -4.1 0.8
v 2.6 -4.1 0.8
v -2.8 -4.1 0.2
v -2.6 -4.1 0.2
v 2.6 -4.1 0.2
v 2.8 -4.1 0.2
v -2.8 -4.1 -2.38419e-07
v -2.6 -4.1 -2.38419e-07
v 2.6 -4.1 -2.38419e-07
v 2.8 -4.1 -2.38419e-07
v -2.8 -4.1 -0.2
v -2.6 -4.1 -0.2
v 2.6 -4.1 -0.2
v 2.8 -4.1 -0.2
v -2.6 -4.1 -0.8
v -2.4 -4.1 -0.8
v 2.4 -4.1 -0.8
v 2.6 -4.1 -0.8
v -2.6 -4.1 -1
v -2.4 -4.1 -1
v 2.4 -4.1 -1
v 2.6 -4.1 -1
v -2.4 -4.1 -1.2
v -2.2 -4.1 -1.2
v 2.2 -4.1 -1.2
v 2.4 -4.1 -1.2
v -2.4 -4.1 -1.4
v -2.2 -4.1 -1.4
v 2.2 -4.1 -1.4
v 2.4 -4.1 -1.4
v -2.2 -4.1 -1.6
v -2 -4.1 -1.6
v 2 -4.1 -1.6
v 2.2 -4.1 -1.6
v -2.2 -4.1 -1.8
v -2 -4.1 -1.8
v -1.8 -4.1 -1.8
v 1.8 -4.1 -1.8
v 2 -4.1 -1.8
v 2.2 -4.1 -1.8
v -2 -4.1 -2
v -1.8 -4.1 -2
v -1.6 -4.1 -2
v 1.6 -4.1 -2
v 1.8 -4.1 -2
v 2 -4.1 -2
v -1.8 -4.1 -2.2
v -1.6 -4.1 -2.2
v -1.4 -4.1 -2.2
v -1.2 -4.1 -2.2
v 1.2 -4.1 -2.2
v 1.4 -4.1 -2.2
v 1.6 -4.1 -2.2
v 1.8 -4.1 -2.2
v -1.4 -4.1 -2.4
v -1.2 -4.1 -2.4
v -1 -4.1 -2.4
v -0.8 -4.1 -2.4
v 0.8 -4.1 -2.4
v 1 -4.1 -2.4
v 1.2 -4.1 -2.4
v 1.4 -4.1 -2.4
v -1 -4.1 -2.6
v -0.8 -4.1 -2.6
v -0.2 -4.1 -2.6
v 2.38419e-07 -4.1 -2.6
v 0.2 -4.1 -2.6
v 0.8 -4.1 -2.6
v 1 -4.1 -2.6
v -0.2 -4.1 -2.8
v 2.38419e-07 -4.1 -2.8
v 0.2 -4.1 -2.8
v -0.8 -3.9 2.6
v -0.6 -3.9 2.6
v -0.4 -3.9 2.6
v -0.2 -3.9 2.6
v 2.38419e-07 -3.9 2.6
v 0.2 -3.9 2.6
v 0.4 -3.9 2.6
v 0.6 -3.9 2.6
v 0.8 -3.9 2.6
v -1.2 -3.9 2.4
v -1 -3.9 2.4
v -0.8 -3.9 2.4
v -0.6 -3.9 2.4
v -0.4 -3.9 2.4
v -0.2 -3.9 2.4
v 2.38419e-07 -3.9 2.4
v 0.2 -3.9 2.4
v 0.4 -3.9 2.4
v 0.6 -3.9 2.4
v 0.8 -3.9 2.4
v 1 -3.9 2.4
v 1.2 -3.9 2.4
v -1.6 -3.9 2.2
v -1.4 -3.9 2.2
v -1.2 -3.9 2.2
v -1 -3.9 2.2
v 1 -3.9 2.2
v 1.2 -3.9 2.2
v 1.4 -3.9 2.2
v 1.6 -3.9 2.2
v -1.8 -3.9 2
v -1.6 -3.9 2
v -1.4 -3.9 2
v 1.4 -3.9 2
v 1.6 -3.9 2
v 1.8 -3.9 2
v -2 -3.9 1.8
v -1.8 -3.9 1.8
v -1.6 -3.9 1.8
v 1.6 -3.9 1.8
v 1.8 -3.9 1.8
v 2 -3.9 1.8
v -2.2 -3.9 1.6
v -2 -3.9 1.6
v -1.8 -3.9 1.6
v 1.8 -3.9 1.6
v 2 -3.9 1.6
v 2.2 -3.9 1.6
v -2.2 -3.9 1.4
v -2 -3.9 1.4
v 2 -3.9 1.4
v 2.2 -3.9 1.4
v -2.4 -3.9 1.2
v -2.2 -3.9 1.2
v 2.2 -3.9 1.2
v 2.4 -3.9 1.2
v -2.4 -3.9 1
v -2.2 -3.9 1
v 2.2 -3.9 1
v 2.4 -3.9 1
v -2.6 -3.9 0.8
v -2.4 -3.9 0.8
v 2.4 -3.9 0.8
v 2.6 -3.9 0.8
v -2.6 -3.9 0.6
v -2.4 -3.9 0.6
v 2.4 -3.9 0.6
v 2.6 -3.9 0.6
v -2.6 -3.9 0.4
v -2.4 -3.9 0.4
v 2.4 -3.9 0.4
v 2.6 -3.9 0.4
v -2.6 -3.9 0.2
v -2.4 -3.9 0.2
v 2.4 -3.9 0.2
v 2.6 -3.9 0.2
v -2.6 -3.9 -2.38419e-07
v -2.4 -3.9 -2.38419e-07
v 2.4 -3.9 -2.38419e-07
v 2.6 -3.9 -2.38419e-07
v -2.6 -3.9 -0.2
v -2.4 -3.9 -0.2
v 2.4 -3.9 -0.2
v 2.6 -3.9 -0.2
v -2.6 -3.9 -0.4
v -2.4 -3.9 -0.4
v 2.4 -3.9 -0.4
v 2.6 -3.9 -0.4
v -2.6 -3.9 -0.6
v -2.4 -3.9 -0.6
v 2.4 -3.9 -0.6
v 2.6 -3.9 -0.6
v -2.6 -3.9 -0.8
v -2.4 -3.9 -0.8
v 2.4 -3.9 -0.8
v 2.6 -3.9 -0.8
v -2.4 -3.9 -1
v -2.2 -3.9 -1
v 2.2 -3.9 -1
v 2.4 -3.9 -1
v -2.4 -3.9 -1.2
v -2.2 -3.9 -1.2
v 2.2 -3.9 -1.2
v 2.4 -3.9 -1.2
v -2.2 -3.9 -1.4
v -2 -3.9 -1.4
v 2 -3.9 -1.4
v 2.2 -3.9 -1.4
v -2.2 -3.9 -1.6
v -2 -3.9 -1.6
v -1.8 -3.9 -1.6
v 1.8 -3.9 -1.6
v 2 -3.9 -1.6
v 2.2 -3.9 -1.6
v -2 -3.9 -1.8
v -1.8 -3.9 -1.8
v -1.6 -3.9 -1.8
v 1.6 -3.9 -1.8
v 1.8 -3.9 -1.8
v 2 -3.9 -1.8
v -1.8 -3.9 -2
v -1.6 -3.9 -2
v -1.4 -3.9 -2
v 1.4 -3.9 -2
v 1.6 -3.9 -2
v 1.8 -3.9 -2
v -1.6 -3.9 -2.2
v -1.4 -3.9 -2.2
v -1.2 -3.9 -2.2
v -1 -3.9 -2.2
v 1 -3.9 -2.2
v 1.2 -3.9 -2.2
v 1.4 -3.9 -2.2
v 1.6 -3.9 -2.2
v -1.2 -3.9 -2.4
v -1 -3.9 -2.4
v -0.8 -3.9 -2.4
v -0.6 -3.9 -2.4
v -0.4 -3.9 -2.4
v -0.2 -3.9 -2.4
v 2.38419e-07 -3.9 -2.4
v 0.2 -3.9 -2.4
v 0.4 -3.9 -2.4
v 0.6 -3.9 -2.4
v 0.8 -3.9 -2.4
v 1 -3.9 -2.4
v 1.2 -3.9 -2.4
v -0.8 -3.9 -2.6
v -0.6 -3.9 -2.6
v -0.4 -3.9 -2.6
v -0.2 -3.9 -2.6
v 2.38419e-07 -3.9 -2.6
v 0.2 -3.9 -2.6
v 0.4 -3.9 -2.6
v 0.6 -3.9 -2.6
v 0.8 -3.9 -2.6
v -1 -3.7 2.4
v -0.8 -3.7 2.4
v -0.6 -3.7 2.4
v -0.4 -3.7 2.4
v 0.4 -3.7 2.4
v 0.6 -3.7 2.4
v 0.8 -3.7 2.4
v 1 -3.7 2.4
v -1.4 -3.7 2.2
v -1.2 -3.7 2.2
v -1 -3.7 2.2
v -0.8 -3.7 2.2
v -0.6 -3.7 2.2
v -0.4 -3.7 2.2
v 0.4 -3.7 2.2
v 0.6 -3.7 2.2
v 0.8 -3.7 2.2
v 1 -3.7 2.2
v 1.2 -3.7 2.2
v 1.4 -3.7 2.2
v -1.6 -3.7 2
v -1.4 -3.7 2
v -1.2 -3.7 2
v -1 -3.7 2
v 1 -3.7 2
v 1.2 -3.7 2
v 1.4 -3.7 2
v 1.6 -3.7 2
v -1.8 -3.7 1.8
v -1.6 -3.7 1.8
v -1.4 -3.7 1.8
v 1.4 -3.7 1.8
v 1.6 -3.7 1.8
v 1.8 -3.7 1.8
v -2 -3.7 1.6
v -1.8 -3.7 1.6
v -1.6 -3.7 1.6
v 1.6 -3.7 1.6
v 1.8 -3.7 1.6
v 2 -3.7 1.6
v -2.2 -3.7 1.4
v -2 -3.7 1.4
v -1.8 -3.7 1.4
v 1.8 -3.7 1.4
v 2 -3.7 1.4
v 2.2 -3.7 1.4
v -2.2 -3.7 1.2
v -2 -3.7 1.2
v 2 -3.7 1.2
v 2.2 -3.7 1.2
v -2.4 -3.7 1
v -2.2 -3.7 1
v -2 -3.7 1
v 2 -3.7 1
v 2.2 -3.7 1
v 2.4 -3.7 1
v -2.4 -3.7 0.8
v -2.2 -3.7 0.8
v 2.2 -3.7 0.8
v 2.4 -3.7 0.8
v -2.4 -3.7 0.6
v -2.2 -3.7 0.6
v 2.2 -3.7 0.6
v 2.4 -3.7 0.6
v -2.4 -3.7 0.4
v -2.2 -3.7 0.4
v 2.2 -3.7 0.4
v 2.4 -3.7 0.4
v -2.4 -3.7 -0.4
v -2.2 -3.7 -0.4
v 2.2 -3.7 -0.4
v 2.4 -3.7 -0.4
v -2.4 -3.7 -0.6
v -2.2 -3.7 -0.6
v 2.2 -3.7 -0.6
v 2.4 -3.7 -0.6
v -2.4 -3.7 -0.8
v -2.2 -3.7 -0.8
v 2.2 -3.7 -0.8
v 2.4 -3.7 -0.8
v -2.4 -3.7 -1
v -2.2 -3.7 -1
v -2 -3.7 -1
v 2 -3.7 -1
v 2.2 -3.7 -1
v 2.4 -3.7 -1
v -2.2 -3.7 -1.2
v -2 -3.7 -1.2
v 2 -3.7 -1.2
v 2.2 -3.7 -1.2
v -2.2 -3.7 -1.4
v -2 -3.7 -1.4
v -1.8 -3.7 -1.4
v 1.8 -3.7 -1.4
v 2 -3.7 -1.4
v 2.2 -3.7 -1.4
v -2 -3.7 -1.6
v -1.8 -3.7 -1.6
v -1.6 -3.7 -1.6
v 1.6 -3.7 -1.6
v 1.8 -3.7 -1.6
v 2 -3.7 -1.6
v -1.8 -3.7 -1.8
v -1.6 -3.7 -1.8
v -1.4 -3.7 -1.8
v 1.4 -3.7 -1.8
v 1.6 -3.7 -1.8
v 1.8 -3.7 -1.8
v -1.6 -3.7 -2
v -1.4 -3.7 -2
v -1.2 -3.7 -2
v -1 -3.7 -2
v 1 -3.7 -2
v 1.2 -3.7 -2
v 1.4 -3.7 -2
v 1.6 -3.7 -2
v -1.4 -3.7 -2.2
v -1.2 -3.7 -2.2
v -1 -3.7 -2.2
v -0.8 -3.7 -2.2
v -0.6 -3.7 -2.2
v -0.4 -3.7 -2.2
v 0.4 -3.7 -2.2
v 0.6 -3.7 -2.2
v 0.8 -3.7 -2.2
v 1 -3.7 -2.2
v 1.2 -3.7 -2.2
v 1.4 -3.7 -2.2
v -1 -3.7 -2.4
v -0.8 -3.7 -2.4
v -0.6 -3.7 -2.4
v -0.4 -3.7 -2.4
v 0.4 -3.7 -2.4
v 0.6 -3.7 -2.4
v 0.8 -3.7 -2.4
v 1 -3.7 -2.4
v -0.4 -3.5 2.4
v -0.2 -3.5 2.4
v 2.38419e-07 -3.5 2.4
v 0.2 -3.5 2.4
v 0.4 -3.5 2.4
v -1 -3.5 2.2
v -0.8 -3.5 2.2
v -0.6 -3.5 2.2
v -0.4 -3.5 2.2
v -0.2 -3.5 2.2
v 2.38419e-07 -3.5 2.2
v 0.2 -3.5 2.2
v 0.4 -3.5 2.2
v 0.6 -3.5 2.2
v 0.8 -3.5 2.2
v 1 -3.5 2.2
v -1.4 -3.5 2
v -1.2 -3.5 2
v -1 -3.5 2
v -0.8 -3.5 2
v -0.6 -3.5 2
v -0.4 -3.5 2
v 0.4 -3.5 2
v 0.6 -3.5 2
v 0.8 -3.5 2
v 1 -3.5 2
v 1.2 -3.5 2
v 1.4 -3.5 2
v -1.6 -3.5 1.8
v -1.4 -3.5 1.8
v -1.2 -3.5 1.8
v -1 -3.5 1.8
v 1 -3.5 1.8
v 1.2 -3.5 1.8
v 1.4 -3.5 1.8
v 1.6 -3.5 1.8
v -1.8 -3.5 1.6
v -1.6 -3.5 1.6
v -1.4 -3.5 1.6
v 1.4 -3.5 1.6
v 1.6 -3.5 1.6
v 1.8 -3.5 1.6
v -2 -3.5 1.4
v -1.8 -3.5 1.4
v -1.6 -3.5 1.4
v 1.6 -3.5 1.4
v 1.8 -3.5 1.4
v 2 -3.5 1.4
v -2 -3.5 1.2
v -1.8 -3.5 1.2
v 1.8 -3.5 1.2
v 2 -3.5 1.2
v -2.2 -3.5 1
v -2 -3.5 1
v -1.8 -3.5 1
v 1.8 -3.5 1
v 2 -3.5 1
v 2.2 -3.5 1
v -2.2 -3.5 0.8
v -2 -3.5 0.8
v 2 -3.5 0.8
v 2.2 -3.5 0.8
v -2.2 -3.5 0.6
v -2 -3.5 0.6
v 2 -3.5 0.6
v 2.2 -3.5 0.6
v -2.4 -3.5 0.4
v -2.2 -3.5 0.4
v -2 -3.5 0.4
v 2 -3.5 0.4
v 2.2 -3.5 0.4
v 2.4 -3.5 0.4
v -2.4 -3.5 0.2
v -2.2 -3.5 0.2
v 2.2 -3.5 0.2
v 2.4 -3.5 0.2
v -2.4 -3.5 -2.38419e-07
v -2.2 -3.5 -2.38419e-07
v 2.2 -3.5 -2.38419e-07
v 2.4 -3.5 -2.38419e-07
v -2.4 -3.5 -0.2
v -2.2 -3.5 -0.2
v 2.2 -3.5 -0.2
v 2.4 -3.5 -0.2
v -2.4 -3.5 -0.4
v -2.2 -3.5 -0.4
v -2 -3.5 -0.4
v 2 -3.5 -0.4
v 2.2 -3.5 -0.4
v 2.4 -3.5 -0.4
v -2.2 -3.5 -0.6
v -2 -3.5 -0.6
v 2 -3.5 -0.6
v 2.2 -3.5 -0.6
v -2.2 -3.5 -0.8
v -2 -3.5 -0.8
v 2 -3.5 -0.8
v 2.2 -3.5 -0.8
v -2.2 -3.5 -1
v -2 -3.5 -1
v -1.8 -3.5 -1
v 1.8 -3.5 -1
v 2 -3.5 -1
v 2.2 -3.5 -1
v -2 -3.5 -1.2
v -1.8 -3.5 -1.2
v 1.8 -3.5 -1.2
v 2 -3.5 -1.2
v -2 -3.5 -1.4
v -1.8 -3.5 -1.4
v -1.6 -3.5 -1.4
v 1.6 -3.5 -1.4
v 1.8 -3.5 -1.4
v 2 -3.5 -1.4
v -1.8 -3.5 -1.6
v -1.6 -3.5 -1.6
v -1.4 -3.5 -1.6
v 1.4 -3.5 -1.6
v 1.6 -3.5 -1.6
v 1.8 -3.5 -1.6
v -1.6 -3.5 -1.8
v -1.4 -3.5 -1.8
v -1.2 -3.5 -1.8
v -1 -3.5 -1.8
v 1 -3.5 -1.8
v 1.2 -3.5 -1.8
v 1.4 -3.5 -1.8
v 1.6 -3.5 -1.8
v -1.4 -3.5 -2
v -1.2 -3.5 -2
v -1 -3.5 -2
v -0.8 -3.5 -2
v -0.6 -3.5 -2
v -0.4 -3.5 -2
v 0.4 -3.5 -2
v 0.6 -3.5 -2
v 0.8 -3.5 -2
v 1 -3.5 -2
v 1.2 -3.5 -2
v 1.4 -3.5 -2
v -1 -3.5 -2.2
v -0.8 -3.5 -2.2
v -0.6 -3.5 -2.2
v -0.4 -3.5 -2.2
v -0.2 -3.5 -2.2
v 2.38419e-07 -3.5 -2.2
v 0.2 -3.5 -2.2
v 0.4 -3.5 -2.2
v 0.6 -3.5 -2.2
v 0.8 -3.5 -2.2
v 1 -3.5 -2.2
v -0.4 -3.5 -2.4
v -0.2 -3.5 -2.4
v 2.38419e-07 -3.5 -2.4
v 0.2 -3.5 -2.4
v 0.4 -3.5 -2.4
v -0.4 -3.3 2.2
v -0.2 -3.3 2.2
v 2.38419e-07 -3.3 2.2
v 0.2 -3.3 2.2
v 0.4 -3.3 2.2
v -1 -3.3 2
v -0.8 -3.3 2
v -0.6 -3.3 2
v -0.4 -3.3 2
v -0.2 -3.3 2
v 2.38419e-07 -3.3 2
v 0.2 -3.3 2
v 0.4 -3.3 2
v 0.6 -3.3 2
v 0.8 -3.3 2
v 1 -3.3 2
v -1.4 -3.3 1.8
v -1.2 -3.3 1.8
v -1 -3.3 1.8
v -0.8 -3.3 1.8
v -0.6 -3.3 1.8
v -0.4 -3.3 1.8
v 0.4 -3.3 1.8
v 0.6 -3.3 1.8
v 0.8 -3.3 1.8
v 1 -3.3 1.8
v 1.2 -3.3 1.8
v 1.4 -3.3 1.8
v -1.6 -3.3 1.6
v -1.4 -3.3 1.6
v -1.2 -3.3 1.6
v -1 -3.3 1.6
v 1 -3.3 1.6
v 1.2 -3.3 1.6
v 1.4 -3.3 1.6
v 1.6 -3.3 1.6
v -1.8 -3.3 1.4
v -1.6 -3.3 1.4
v -1.4 -3.3 1.4
v -1.2 -3.3 1.4
v 1.2 -3.3 1.4
v 1.4 -3.3 1.4
v 1.6 -3.3 1.4
v 1.8 -3.3 1.4
v -1.8 -3.3 1.2
v -1.6 -3.3 1.2
v -1.4 -3.3 1.2
v 1.4 -3.3 1.2
v 1.6 -3.3 1.2
v 1.8 -3.3 1.2
v -2 -3.3 1
v -1.8 -3.3 1
v -1.6 -3.3 1
v 1.6 -3.3 1
v 1.8 -3.3 1
v 2 -3.3 1
v -2 -3.3 0.8
v -1.8 -3.3 0.8
v 1.8 -3.3 0.8
v 2 -3.3 0.8
v -2 -3.3 0.6
v -1.8 -3.3 0.6
v 1.8 -3.3 0.6
v 2 -3.3 0.6
v -2.2 -3.3 0.4
v -2 -3.3 0.4
v -1.8 -3.3 0.4
v 1.8 -3.3 0.4
v 2 -3.3 0.4
v 2.2 -3.3 0.4
v -2.2 -3.3 0.2
v -2 -3.3 0.2
v 2 -3.3 0.2
v 2.2 -3.3 0.2
v -2.2 -3.3 -2.38419e-07
v -2 -3.3 -2.38419e-07
v 2 -3.3 -2.38419e-07
v 2.2 -3.3 -2.38419e-07
v -2.2 -3.3 -0.2
v -2 -3.3 -0.2
v 2 -3.3 -0.2
v 2.2 -3.3 -0.2
v -2.2 -3.3 -0.4
v -2 -3.3 -0.4
v -1.8 -3.3 -0.4
v 1.8 -3.3 -0.4
v 2 -3.3 -0.4
v 2.2 -3.3 -0.4
v -2 -3.3 -0.6
v -1.8 -3.3 -0.6
v 1.8 -3.3 -0.6
v 2 -3.3 -0.6
v -2 -3.3 -0.8
v -1.8 -3.3 -0.8
v 1.8 -3.3 -0.8
v 2 -3.3 -0.8
v -2 -3.3 -1
v -1.8 -3.3 -1
v -1.6 -3.3 -1
v 1.6 -3.3 -1
v 1.8 -3.3 -1
v 2 -3.3 -1
v -1.8 -3.3 -1.2
v -1.6 -3.3 -1.2
v -1.4 -3.3 -1.2
v 1.4 -3.3 -1.2
v 1.6 -3.3 -1.2
v 1.8 -3.3 -1.2
v -1.8 -3.3 -1.4
v -1.6 -3.3 -1.4
v -1.4 -3.3 -1.4
v -1.2 -3.3 -1.4
v 1.2 -3.3 -1.4
v 1.4 -3.3 -1.4
v 1.6 -3.3 -1.4
v 1.8 -3.3 -1.4
v -1.6 -3.3 -1.6
v -1.4 -3.3 -1.6
v -1.2 -3.3 -1.6
v -1 -3.3 -1.6
v 1 -3.3 -1.6
v 1.2 -3.3 -1.6
v 1.4 -3.3 -1.6
v 1.6 -3.3 -1.6
v -1.4 -3.3 -1.8
v -1.2 -3.3 -1.8
v -1 -3.3 -1.8
v -0.8 -3.3 -1.8
v -0.6 -3.3 -1.8
v -0.4 -3.3 -1.8
v 0.4 -3.3 -1.8
v 0.6 -3.3 -1.8
v 0.8 -3.3 -1.8
v 1 -3.3 -1.8
v 1.2 -3.3 -1.8
v 1.4 -3.3 -1.8
v -1 -3.3 -2
v -0.8 -3.3 -2
v -0.6 -3.3 -2
v -0.4 -3.3 -2
v -0.2 -3.3 -2
v 2.38419e-07 -3.3 -2
v 0.2 -3.3 -2
v 0.4 -3.3 -2
v 0.6 -3.3 -2
v 0.8 -3.3 -2
v 1 -3.3 -2
v -0.4 -3.3 -2.2
v -0.2 -3.3 -2.2
v 2.38419e-07 -3.3 -2.2
v 0.2 -3.3 -2.2
v 0.4 -3.3 -2.2
v -0.4 -3.1 2
v -0.2 -3.1 2
v 2.38419e-07 -3.1 2
v 0.2 -3.1 2
v 0.4 -3.1 2
v -1 -3.1 1.8
v -0.8 -3.1 1.8
v -0.6 -3.1 1.8
v -0.4 -3.1 1.8
v -0.2 -3.1 1.8
v 2.38419e-07 -3.1 1.8
v 0.2 -3.1 1.8
v 0.4 -3.1 1.8
v 0.6 -3.1 1.8
v 0.8 -3.1 1.8
v 1 -3.1 1.8
v -1.2 -3.1 1.6
v -1 -3.1 1.6
v -0.8 -3.1 1.6
v -0.6 -3.1 1.6
v -0.4 -3.1 1.6
v -0.2 -3.1 1.6
v 2.38419e-07 -3.1 1.6
v 0.2 -3.1 1.6
v 0.4 -3.1 1.6
v 0.6 -3.1 1.6
v 0.8 -3.1 1.6
v 1 -3.1 1.6
v 1.2 -3.1 1.6
v -1.4 -3.1 1.4
v -1.2 -3.1 1.4
v -1 -3.1 1.4
v -0.8 -3.1 1.4
v 0.8 -3.1 1.4
v 1 -3.1 1.4
v 1.2 -3.1 1.4
v 1.4 -3.1 1.4
v -1.6 -3.1 1.2
v -1.4 -3.1 1.2
v -1.2 -3.1 1.2
v -1 -3.1 1.2
v 1 -3.1 1.2
v 1.2 -3.1 1.2
v 1.4 -3.1 1.2
v 1.6 -3.1 1.2
v -1.8 -3.1 1
v -1.6 -3.1 1
v -1.4 -3.1 1
v -1.2 -3.1 1
v 1.2 -3.1 1
v 1.4 -3.1 1
v 1.6 -3.1 1
v 1.8 -3.1 1
v -1.8 -3.1 0.8
v -1.6 -3.1 0.8
v -1.4 -3.1 0.8
v 1.4 -3.1 0.8
v 1.6 -3.1 0.8
v 1.8 -3.1 0.8
v -1.8 -3.1 0.6
v -1.6 -3.1 0.6
v 1.6 -3.1 0.6
v 1.8 -3.1 0.6
v -2 -3.1 0.4
v -1.8 -3.1 0.4
v -1.6 -3.1 0.4
v 1.6 -3.1 0.4
v 1.8 -3.1 0.4
v 2 -3.1 0.4
v -2 -3.1 0.2
v -1.8 -3.1 0.2
v -1.6 -3.1 0.2
v 1.6 -3.1 0.2
v 1.8 -3.1 0.2
v 2 -3.1 0.2
v -2 -3.1 -2.38419e-07
v -1.8 -3.1 -2.38419e-07
v -1.6 -3.1 -2.38419e-07
v 1.6 -3.1 -2.38419e-07
v 1.8 -3.1 -2.38419e-07
v 2 -3.1 -2.38419e-07
v -2 -3.1 -0.2
v -1.8 -3.1 -0.2
v -1.6 -3.1 -0.2
v 1.6 -3.1 -0.2
v 1.8 -3.1 -0.2
v 2 -3.1 -0.2
v -2 -3.1 -0.4
v -1.8 -3.1 -0.4
v -1.6 -3.1 -0.4
v 1.6 -3.1 -0.4
v 1.8 -3.1 -0.4
v 2 -3.1 -0.4
v -1.8 -3.1 -0.6
v -1.6 -3.1 -0.6
v 1.6 -3.1 -0.6
v 1.8 -3.1 -0.6
v -1.8 -3.1 -0.8
v -1.6 -3.1 -0.8
v -1.4 -3.1 -0.8
v 1.4 -3.1 -0.8
v 1.6 -3.1 -0.8
v 1.8 -3.1 -0.8
v -1.8 -3.1 -1
v -1.6 -3.1 -1
v -1.4 -3.1 -1
v -1.2 -3.1 -1
v 1.2 -3.1 -1
v 1.4 -3.1 -1
v 1.6 -3.1 -1
v 1.8 -3.1 -1
v -1.6 -3.1 -1.2
v -1.4 -3.1 -1.2
v -1.2 -3.1 -1.2
v -1 -3.1 -1.2
v 1 -3.1 -1.2
v 1.2 -3.1 -1.2
v 1.4 -3.1 -1.2
v 1.6 -3.1 -1.2
v -1.4 -3.1 -1.4
v -1.2 -3.1 -1.4
v -1 -3.1 -1.4
v -0.8 -3.1 -1.4
v 0.8 -3.1 -1.4
v 1 -3.1 -1.4
v 1.2 -3.1 -1.4
v 1.4 -3.1 -1.4
v -1.2 -3.1 -1.6
v -1 -3.1 -1.6
v -0.8 -3.1 -1.6
v -0.6 -3.1 -1.6
v -0.4 -3.1 -1.6
v -0.2 -3.1 -1.6
v 2.38419e-07 -3.1 -1.6
v 0.2 -3.1 -1.6
v 0.4 -3.1 -1.6
v 0.6 -3.1 -1.6
v 0.8 -3.1 -1.6
v 1 -3.1 -1.6
v 1.2 -3.1 -1.6
v -1 -3.1 -1.8
v -0.8 -3.1 -1.8
v -0.6 -3.1 -1.8
v -0.4 -3.1 -1.8
v -0.2 -3.1 -1.8
v 2.38419e-07 -3.1 -1.8
v 0.2 -3.1 -1.8
v 0.4 -3.1 -1.8
v 0.6 -3.1 -1.8
v 0.8 -3.1 -1.8
v 1 -3.1 -1.8
v -0.4 -3.1 -2
v -0.2 -3.1 -2
v 2.38419e-07 -3.1 -2
v 0.2 -3.1 -2
v 0.4 -3.1 -2
v -0.8 -2.9 1.6
v -0.6 -2.9 1.6
v -0.4 -2.9 1.6
v -0.2 -2.9 1.6
v 2.38419e-07 -2.9 1.6
v 0.2 -2.9 1.6
v 0.4 -2.9 1.6
v 0.6 -2.9 1.6
v 0.8 -2.9 1.6
v -1 -2.9 1.4
v -0.8 -2.9 1.4
v -0.6 -2.9 1.4
v -0.4 -2.9 1.4
v -0.2 -2.9 1.4
v 2.38419e-07 -2.9 1.4
v 0.2 -2.9 1.4
v 0.4 -2.9 1.4
v 0.6 -2.9 1.4
v 0.8 -2.9 1.4
v 1 -2.9 1.4
v -1.2 -2.9 1.2
v -1 -2.9 1.2
v -0.8 -2.9 1.2
v -0.6 -2.9 1.2
v -0.4 -2.9 1.2
v -0.2 -2.9 1.2
v 0.2 -2.9 1.2
v 0.4 -2.9 1.2
v 0.6 -2.9 1.2
v 0.8 -2.9 1.2
v 1 -2.9 1.2
v 1.2 -2.9 1.2
v -1.4 -2.9 1
v -1.2 -2.9 1
v -1 -2.9 1
v -0.8 -2.9 1
v 0.8 -2.9 1
v 1 -2.9 1
v 1.2 -2.9 1
v 1.4 -2.9 1
v -1.6 -2.9 0.8
v -1.4 -2.9 0.8
v -1.2 -2.9 0.8
v -1 -2.9 0.8
v 1 -2.9 0.8
v 1.2 -2.9 0.8
v 1.4 -2.9 0.8
v 1.6 -2.9 0.8
v -1.6 -2.9 0.6
v -1.4 -2.9 0.6
v -1.2 -2.9 0.6
v 1.2 -2.9 0.6
v 1.4 -2.9 0.6
v 1.6 -2.9 0.6
v -1.6 -2.9 0.4
v -1.4 -2.9 0.4
v -1.2 -2.9 0.4
v 1.2 -2.9 0.4
v 1.4 -2.9 0.4
v 1.6 -2.9 0.4
v -1.6 -2.9 0.2
v -1.4 -2.9 0.2
v -1.2 -2.9 0.2
v 1.2 -2.9 0.2
v 1.4 -2.9 0.2
v 1.6 -2.9 0.2
v -1.6 -2.9 -2.38419e-07
v -1.4 -2.9 -2.38419e-07
v 1.4 -2.9 -2.38419e-07
v 1.6 -2.9 -2.38419e-07
v -1.6 -2.9 -0.2
v -1.4 -2.9 -0.2
v -1.2 -2.9 -0.2
v 1.2 -2.9 -0.2
v 1.4 -2.9 -0.2
v 1.6 -2.9 -0.2
v -1.6 -2.9 -0.4
v -1.4 -2.9 -0.4
v -1.2 -2.9 -0.4
v 1.2 -2.9 -0.4
v 1.4 -2.9 -0.4
v 1.6 -2.9 -0.4
v -1.6 -2.9 -0.6
v -1.4 -2.9 -0.6
v -1.2 -2.9 -0.6
v 1.2 -2.9 -0.6
v 1.4 -2.9 -0.6
v 1.6 -2.9 -0.6
v -1.6 -2.9 -0.8
v -1.4 -2.9 -0.8
v -1.2 -2.9 -0.8
v -1 -2.9 -0.8
v 1 -2.9 -0.8
v 1.2 -2.9 -0.8
v 1.4 -2.9 -0.8
v 1.6 -2.9 -0.8
v -1.4 -2.9 -1
v -1.2 -2.9 -1
v -1 -2.9 -1
v -0.8 -2.9 -1
v 0.8 -2.9 -1
v 1 -2.9 -1
v 1.2 -2.9 -1
v 1.4 -2.9 -1
v -1.2 -2.9 -1.2
v -1 -2.9 -1.2
v -0.8 -2.9 -1.2
v -0.6 -2.9 -1.2
v -0.4 -2.9 -1.2
v -0.2 -2.9 -1.2
v 0.2 -2.9 -1.2
v 0.4 -2.9 -1.2
v 0.6 -2.9 -1.2
v 0.8 -2.9 -1.2
v 1 -2.9 -1.2
v 1.2 -2.9 -1.2
v -1 -2.9 -1.4
v -0.8 -2.9 -1.4
v -0.6 -2.9 -1.4
v -0.4 -2.9 -1.4
v -0.2 -2.9 -1.4
v 2.38419e-07 -2.9 -1.4
v 0.2 -2.9 -1.4
v 0.4 -2.9 -1.4
v 0.6 -2.9 -1.4
v 0.8 -2.9 -1.4
v 1 -2.9 -1.4
v -0.8 -2.9 -1.6
v -0.6 -2.9 -1.6
v -0.4 -2.9 -1.6
v -0.2 -2.9 -1.6
v 2.38419e-07 -2.9 -1.6
v 0.2 -2.9 -1.6
v 0.4 -2.9 -1.6
v 0.6 -2.9 -1.6
v 0.8 -2.9 -1.6
v -0.2 -2.7 1.4
v 2.38419e-07 -2.7 1.4
v 0.2 -2.7 1.4
v -0.8 -2.7 1.2
v -0.6 -2.7 1.2
v -0.4 -2.7 1.2
v -0.2 -2.7 1.2
v 2.38419e-07 -2.7 1.2
v 0.2 -2.7 1.2
v 0.4 -2.7 1.2
v 0.6 -2.7 1.2
v 0.8 -2.7 1.2
v -1 -2.7 1
v -0.8 -2.7 1
v -0.6 -2.7 1
v -0.4 -2.7 1
v -0.2 -2.7 1
v 2.38419e-07 -2.7 1
v 0.2 -2.7 1
v 0.4 -2.7 1
v 0.6 -2.7 1
v 0.8 -2.7 1
v 1 -2.7 1
v -1.2 -2.7 0.8
v -1 -2.7 0.8
v -0.8 -2.7 0.8
v -0.6 -2.7 0.8
v -0.4 -2.7 0.8
v -0.2 -2.7 0.8
v 2.38419e-07 -2.7 0.8
v 0.2 -2.7 0.8
v 0.4 -2.7 0.8
v 0.6 -2.7 0.8
v 0.8 -2.7 0.8
v 1 -2.7 0.8
v 1.2 -2.7 0.8
v -1.2 -2.7 0.6
v -1 -2.7 0.6
v -0.8 -2.7 0.6
v -0.6 -2.7 0.6
v -0.4 -2.7 0.6
v 0.4 -2.7 0.6
v 0.6 -2.7 0.6
v 0.8 -2.7 0.6
v 1 -2.7 0.6
v 1.2 -2.7 0.6
v -1.2 -2.7 0.4
v -1 -2.7 0.4
v -0.8 -2.7 0.4
v -0.6 -2.7 0.4
v 0.6 -2.7 0.4
v 0.8 -2.7 0.4
v 1 -2.7 0.4
v 1.2 -2.7 0.4
v -1.4 -2.7 0.2
v -1.2 -2.7 0.2
v -1 -2.7 0.2
v -0.8 -2.7 0.2
v 0.8 -2.7 0.2
v 1 -2.7 0.2
v 1.2 -2.7 0.2
v 1.4 -2.7 0.2
v -1.4 -2.7 -2.38419e-07
v -1.2 -2.7 -2.38419e-07
v -1 -2.7 -2.38419e-07
v -0.8 -2.7 -2.38419e-07
v 0.8 -2.7 -2.38419e-07
v 1 -2.7 -2.38419e-07
v 1.2 -2.7 -2.38419e-07
v 1.4 -2.7 -2.38419e-07
v -1.4 -2.7 -0.2
v -1.2 -2.7 -0.2
v -1 -2.7 -0.2
v -0.8 -2.7 -0.2
v 0.8 -2.7 -0.2
v 1 -2.7 -0.2
v 1.2 -2.7 -0.2
v 1.4 -2.7 -0.2
v -1.2 -2.7 -0.4
v -1 -2.7 -0.4
v -0.8 -2.7 -0.4
v -0.6 -2.7 -0.4
v 0.6 -2.7 -0.4
v 0.8 -2.7 -0.4
v 1 -2.7 -0.4
v 1.2 -2.7 -0.4
v -1.2 -2.7 -0.6
v -1 -2.7 -0.6
v -0.8 -2.7 -0.6
v -0.6 -2.7 -0.6
v -0.4 -2.7 -0.6
v 0.4 -2.7 -0.6
v 0.6 -2.7 -0.6
v 0.8 -2.7 -0.6
v 1 -2.7 -0.6
v 1.2 -2.7 -0.6
v -1.2 -2.7 -0.8
v -1 -2.7 -0.8
v -0.8 -2.7 -0.8
v -0.6 -2.7 -0.8
v -0.4 -2.7 -0.8
v -0.2 -2.7 -0.8
v 2.38419e-07 -2.7 -0.8
v 0.2 -2.7 -0.8
v 0.4 -2.7 -0.8
v 0.6 -2.7 -0.8
v 0.8 -2.7 -0.8
v 1 -2.7 -0.8
v 1.2 -2.7 -0.8
v -1 -2.7 -1
v -0.8 -2.7 -1
v -0.6 -2.7 -1
v -0.4 -2.7 -1
v -0.2 -2.7 -1
v 2.38419e-07 -2.7 -1
v 0.2 -2.7 -1
v 0.4 -2.7 -1
v 0.6 -2.7 -1
v 0.8 -2.7 -1
v 1 -2.7 -1
v -0.8 -2.7 -1.2
v -0.6 -2.7 -1.2
v -0.4 -2.7 -1.2
v -0.2 -2.7 -1.2
v 2.38419e-07 -2.7 -1.2
v 0.2 -2.7 -1.2
v 0.4 -2.7 -1.2
v 0.6 -2.7 -1.2
v 0.8 -2.7 -1.2
v -0.2 -2.7 -1.4
v 2.38419e-07 -2.7 -1.4
v 0.2 -2.7 -1.4
v -0.4 -2.5 0.8
v -0.2 -2.5 0.8
v 2.38419e-07 -2.5 0.8
v 0.2 -2.5 0.8
v 0.4 -2.5 0.8
v -0.6 -2.5 0.6
v -0.4 -2.5 0.6
v -0.2 -2.5 0.6
v 2.38419e-07 -2.5 0.6
v 0.2 -2.5 0.6
v 0.4 -2.5 0.6
v 0.6 -2.5 0.6
v -0.8 -2.5 0.4
v -0.6 -2.5 0.4
v -0.4 -2.5 0.4
v -0.2 -2.5 0.4
v 2.38419e-07 -2.5 0.4
v 0.2 -2.5 0.4
v 0.4 -2.5 0.4
v 0.6 -2.5 0.4
v 0.8 -2.5 0.4
v -0.8 -2.5 0.2
v -0.6 -2.5 0.2
v -0.4 -2.5 0.2
v -0.2 -2.5 0.2
v 2.38419e-07 -2.5 0.2
v 0.2 -2.5 0.2
v 0.4 -2.5 0.2
v 0.6 -2.5 0.2
v 0.8 -2.5 0.2
v -0.8 -2.5 -2.38419e-07
v -0.6 -2.5 -2.38419e-07
v -0.4 -2.5 -2.38419e-07
v -0.2 -2.5 -2.38419e-07
v 2.38419e-07 -2.5 -2.38419e-07
v 0.2 -2.5 -2.38419e-07
v 0.4 -2.5 -2.38419e-07
v 0.6 -2.5 -2.38419e-07
v 0.8 -2.5 -2.38419e-07
v -0.8 -2.5 -0.2
v -0.6 -2.5 -0.2
v -0.4 -2.5 -0.2
v -0.2 -2.5 -0.2
v 2.38419e-07 -2.5 -0.2
v 0.2 -2.5 -0.2
v 0.4 -2.5 -0.2
v 0.6 -2.5 -0.2
v 0.8 -2.5 -0.2
v -0.8 -2.5 -0.4
v -0.6 -2.5 -0.4
v -0.4 -2.5 -0.4
v -0.2 -2.5 -0.4
v 2.38419e-07 -2.5 -0.4
v 0.2 -2.5 -0.4
v 0.4 -2.5 -0.4
v 0.6 -2.5 -0.4
v 0.8 -2.5 -0.4
v -0.6 -2.5 -0.6
v -0.4 -2.5 -0.6
v -0.2 -2.5 -0.6
v 2.38419e-07 -2.5 -0.6
v 0.2 -2.5 -0.6
v 0.4 -2.5 -0.6
v 0.6 -2.5 -0.6
v -0.4 -2.5 -0.8
v -0.2 -2.5 -0.8
v 2.38419e-07 -2.5 -0.8
v 0.2 -2.5 -0.8
v 0.4 -2.5 -0.8

# faces
f 7/43/1 2/43/1 1/43/1
f 8/159/1 3/159/1 2/159/1
f 8/43/1 2/43/1 7/43/1
f 9/35/1 4/35/1 3/35/1
f 9/159/1 3/159/1 8/159/1
f 10/134/1 5/134/1 4/134/1
f 10/35/1 4/35/1 9/35/1
f 11/134/1 5/134/1 10/134/1
f 14/37/1 7/37/1 6/37/1
f 15/87/1 8/87/1 7/87/1
f 15/37/1 7/37/1 14/37/1
f 16/78/1 9/78/1 8/78/1
f 16/87/1 8/87/1 15/87/1
f 17/160/1 10/160/1 9/160/1
f 17/78/1 9/78/1 16/78/1
f 18/117/1 11/117/1 10/117/1
f 18/160/1 10/160/1 17/160/1
f 19/104/1 12/104/1 11/104/1
f 19/117/1 11/117/1 18/117/1
f 20/104/1 12/104/1 19/104/1
f 22/205/1 14/205/1 13/205/1
f 23/72/1 15/72/1 14/72/1
f 23/205/1 14/205/1 22/205/1
f 24/78/1 16/78/1 15/78/1
f 24/72/1 15/72/1 23/72/1
f 25/228/1 17/228/1 16/228/1
f 25/78/1 16/78/1 24/78/1
f 26/52/1 18/52/1 17/52/1
f 26/228/1 17/228/1 25/228/1
f 27/19/1 19/19/1 18/19/1
f 27/52/1 18/52/1 26/52/1
f 28/250/1 20/250/1 19/250/1
f 28/19/1 19/19/1 27/19/1
f 29/89/1 21/89/1 20/89/1
f 29/250/1 20/250/1 28/250/1
f 30/89/1 21/89/1 29/89/1
f 31/44/1 23/44/1 22/44/1
f 32/86/1 24/86/1 23/86/1
f 32/44/1 23/44/1 31/44/1
f 33/78/1 25/78/1 24/78/1
f 33/86/1 24/86/1 32/86/1
f 34/195/1 26/195/1 25/195/1
f 34/78/1 25/78/1 33/78/1
f 35/179/1 27/179/1 26/179/1
f 35/195/1 26/195/1 34/195/1
f 36/129/1 28/129/1 27/129/1
f 36/179/1 27/179/1 35/179/1
f 37/9/1 29/9/1 28/9/1
f 37/129/1 28/129/1 36/129/1
f 38/69/1 30/69/1 29/69/1
f 38/9/1 29/9/1 37/9/1
f 39/69/1 30/69/1 38/69/1
f 40/52/1 32/52/1 31/52/1
f 41/121/1 33/121/1 32/121/1
f 41/52/1 32/52/1 40/52/1
f 42/204/1 34/204/1 33/204/1
f 42/121/1 33/121/1 41/121/1
f 43/221/1 35/221/1 34/221/1
f 43/204/1 34/204/1 42/204/1
f 44/115/1 36/115/1 35/115/1
f 44/221/1 35/221/1 43/221/1
f 45/157/1 37/157/1 36/157/1
f 45/115/1 36/115/1 44/115/1
f 46/24/1 38/24/1 37/24/1
f 46/157/1 37/157/1 45/157/1
f 47/199/1 39/199/1 38/199/1
f 47/24/1 38/24/1 46/24/1
f 48/199/1 39/199/1 47/199/1
f 49/48/1 41/48/1 40/48/1
f 50/69/1 42/69/1 41/69/1
f 50/48/1 41/48/1 49/48/1
f 51/183/1 43/183/1 42/183/1
f 51/69/1 42/69/1 50/69/1
f 52/31/1 44/31/1 43/31/1
f 52/183/1 43/183/1 51/183/1
f 53/121/1 45/121/1 44/121/1
f 53/31/1 44/31/1 52/31/1
f 54/158/1 46/158/1 45/158/1
f 54/121/1 45/121/1 53/121/1
f 55/141/1 47/141/1 46/141/1
f 55/158/1 46/158/1 54/158/1
f 56/33/1 48/33/1 47/33/1
f 56/141/1 47/141/1 55/141/1
f 57/33/1 48/33/1 56/33/1
f 58/99/1 51/99/1 50/99/1
f 59/54/1 52/54/1 51/54/1
f 59/99/1 51/99/1 58/99/1
f 60/70/1 53/70/1 52/70/1
f 60/54/1 52/54/1 59/54/1
f 61/174/1 54/174/1 53/174/1
f 61/70/1 53/70/1 60/70/1
f 62/73/1 55/73/1 54/73/1
f 62/174/1 54/174/1 61/174/1
f 63/223/1 56/223/1 55/223/1
f 63/73/1 55/73/1 62/73/1
f 64/223/1 56/223/1 63/223/1
f 65/228/1 60/228/1 59/228/1
f 66/243/1 61/243/1 60/243/1
f 66/228/1 60/228/1 65/228/1
f 67/171/1 62/171/1 61/171/1
f 67/243/1 61/243/1 66/243/1
f 68/43/1 63/43/1 62/43/1
f 68/171/1 62/171/1 67/171/1
f 69/43/1 63/43/1 68/43/1
f 76/169/1 71/169/1 70/169/1
f 77/12/1 72/12/1 71/12/1
f 77/169/1 71/169/1 76/169/1
f 78/12/1 72/12/1 77/12/1
f 83/191/1 74/191/1 73/191/1
f 84/12/1 75/12/1 74/12/1
f 84/191/1 74/191/1 83/191/1
f 85/153/1 76/153/1 75/153/1
f 85/12/1 75/12/1 84/12/1
f 86/56/1 77/56/1 76/56/1
f 86/153/1 76/153/1 85/153/1
f 87/23/1 78/23/1 77/23/1
f 87/56/1 77/56/1 86/56/1
f 88/191/1 79/191/1 78/191/1
f 88/23/1 78/23/1 87/23/1
f 89/216/1 80/216/1 79/216/1
f 89/191/1 79/191/1 88/191/1
f 90/152/1 81/152/1 80/152/1
f 90/216/1 80/216/1 89/216/1
f 91/152/1 81/152/1 90/152/1
f 94/247/1 83/247/1 82/247/1
f 95/77/1 84/77/1 83/77/1
f 95/247/1 83/247/1 94/247/1
f 96/154/1 85/154/1 84/154/1
f 96/77/1 84/77/1 95/77/1
f 97/186/1 86/186/1 85/186/1
f 97/154/1 85/154/1 96/154/1
f 98/236/1 87/236/1 86/236/1
f 98/186/1 86/186/1 97/186/1
f 99/26/1 88/26/1 87/26/1
f 99/236/1 87/236/1 98/236/1
f 100/78/1 89/78/1 88/78/1
f 100/26/1 88/26/1 99/26/1
f 101/172/1 90/172/1 89/172/1
f 101/78/1 89/78/1 100/78/1
f 102/148/1 91/148/1 90/148/1
f 102/172/1 90/172/1 101/172/1
f 103/116/1 92/116/1 91/116/1
f 103/148/1 91/148/1 102/148/1
f 104/116/1 92/116/1 103/116/1
f 106/185/1 94/185/1 93/185/1
f 107/223/1 95/223/1 94/223/1
f 107/185/1 94/185/1 106/185/1
f 108/66/1 96/66/1 95/66/1
f 108/223/1 95/223/1 107/223/1
f 109/63/1 97/63/1 96/63/1
f 109/66/1 96/66/1 108/66/1
f 110/63/1 97/63/1 109/63/1
f 111/160/1 102/160/1 101/160/1
f 112/231/1 103/231/1 102/231/1
f 112/160/1 102/160/1 111/160/1
f 113/92/1 104/92/1 103/92/1
f 113/231/1 103/231/1 112/231/1
f 114/123/1 105/123/1 104/123/1
f 114/92/1 104/92/1 113/92/1
f 115/123/1 105/123/1 114/123/1
f 116/57/1 107/57/1 106/57/1
f 117/175/1 108/175/1 107/175/1
f 117/57/1 107/57/1 116/57/1
f 118/96/1 109/96/1 108/96/1
f 118/175/1 108/175/1 117/175/1
f 119/96/1 109/96/1 118/96/1
f 120/13/1 113/13/1 112/13/1
f 121/170/1 114/170/1 113/170/1
f 121/13/1 113/13/1 120/13/1
f 122/243/1 115/243/1 114/243/1
f 122/170/1 114/170/1 121/170/1
f 123/243/1 115/243/1 122/243/1
f 125/92/1 117/92/1 116/92/1
f 126/235/1 118/235/1 117/235/1
f 126/92/1 117/92/1 125/92/1
f 127/235/1 118/235/1 126/235/1
f 128/133/1 122/133/1 121/133/1
f 129/95/1 123/95/1 122/95/1
f 129/133/1 122/133/1 128/133/1
f 130/95/1 123/95/1 129/95/1
f 132/129/1 125/129/1 124/129/1
f 133/78/1 126/78/1 125/78/1
f 133/129/1 125/129/1 132/129/1
f 134/65/1 127/65/1 126/65/1
f 134/78/1 126/78/1 133/78/1
f 135/65/1 127/65/1 134/65/1
f 136/69/1 129/69/1 128/69/1
f 137/90/1 130/90/1 129/90/1
f 137/69/1 129/69/1 136/69/1
f 138/67/1 131/67/1 130/67/1
f 138/90/1 130/90/1 137/90/1
f 139/67/1 131/67/1 138/67/1
f 140/103/1 133/103/1 132/103/1
f 141/104/1 134/104/1 133/104/1
f 141/103/1 133/103/1 140/103/1
f 142/203/1 135/203/1 134/203/1
f 142/104/1 134/104/1 141/104/1
f 143/203/1 135/203/1 142/203/1
f 144/83/1 137/83/1 136/83/1
f 145/84/1 138/84/1 137/84/1
f 145/83/1 137/83/1 144/83/1
f 146/98/1 139/98/1 138/98/1
f 146/84/1 138/84/1 145/84/1
f 147/98/1 139/98/1 146/98/1
f 148/1/1 142/1/1 141/1/1
f 149/70/1 143/70/1 142/70/1
f 149/1/1 142/1/1 148/1/1
f 150/70/1 143/70/1 149/70/1
f 153/119/1 145/119/1 144/119/1
f 154/218/1 146/218/1 145/218/1
f 154/119/1 145/119/1 153/119/1
f 155/218/1 146/218/1 154/218/1
f 156/130/1 149/130/1 148/130/1
f 157/223/1 150/223/1 149/223/1
f 157/130/1 149/130/1 156/130/1
f 158/222/1 151/222/1 150/222/1
f 158/223/1 150/223/1 157/223/1
f 159/222/1 151/222/1 158/222/1
f 162/12/1 153/12/1 152/12/1
f 163/97/1 154/97/1 153/97/1
f 163/12/1 153/12/1 162/12/1
f 164/50/1 155/50/1 154/50/1
f 164/97/1 154/97/1 163/97/1
f 165/50/1 155/50/1 164/50/1
f 166/149/1 157/149/1 156/149/1
f 167/188/1 158/188/1 157/188/1
f 167/149/1 157/149/1 166/149/1
f 168/93/1 159/93/1 158/93/1
f 168/188/1 158/188/1 167/188/1
f 169/149/1 160/149/1 159/149/1
f 169/93/1 159/93/1 168/93/1
f 170/149/1 160/149/1 169/149/1
f 174/70/1 162/70/1 161/70/1
f 175/119/1 163/119/1 162/119/1
f 175/70/1 162/70/1 174/70/1
f 176/94/1 164/94/1 163/94/1
f 176/119/1 163/119/1 175/119/1
f 177/23/1 165/23/1 164/23/1
f 177/94/1 164/94/1 176/94/1
f 178/23/1 165/23/1 177/23/1
f 179/161/1 168/161/1 167/161/1
f 180/236/1 169/236/1 168/236/1
f 180/161/1 168/161/1 179/161/1
f 181/111/1 170/111/1 169/111/1
f 181/236/1 169/236/1 180/236/1
f 182/30/1 171/30/1 170/30/1
f 182/111/1 170/111/1 181/111/1
f 183/169/1 172/169/1 171/169/1
f 183/30/1 171/30/1 182/30/1
f 184/36/1 173/36/1 172/36/1
f 184/169/1 172/169/1 183/169/1
f 185/210/1 174/210/1 173/210/1
f 185/36/1 173/36/1 184/36/1
f 186/17/1 175/17/1 174/17/1
f 186/210/1 174/210/1 185/210/1
f 187/207/1 176/207/1 175/207/1
f 187/17/1 175/17/1 186/17/1
f 188/75/1 177/75/1 176/75/1
f 188/207/1 176/207/1 187/207/1
f 189/75/1 177/75/1 188/75/1
f 190/244/1 181/244/1 180/244/1
f 191/14/1 182/14/1 181/14/1
f 191/244/1 181/244/1 190/244/1
f 192/29/1 183/29/1 182/29/1
f 192/14/1 182/14/1 191/14/1
f 193/212/1 184/212/1 183/212/1
f 193/29/1 183/29/1 192/29/1
f 194/178/1 185/178/1 184/178/1
f 194/212/1 184/212/1 193/212/1
f 195/151/1 186/151/1 185/151/1
f 195/178/1 185/178/1 194/178/1
f 196/254/1 187/254/1 186/254/1
f 196/151/1 186/151/1 195/151/1
f 197/96/1 188/96/1 187/96/1
f 197/254/1 187/254/1 196/254/1
f 198/96/1 188/96/1 197/96/1
f 199/152/1 194/152/1 193/152/1
f 200/184/1 195/184/1 194/184/1
f 200/152/1 194/152/1 199/152/1
f 201/184/1 195/184/1 200/184/1
f 212/101/1 203/101/1 202/101/1
f 213/156/1 204/156/1 203/156/1
f 213/101/1 203/101/1 212/101/1
f 214/54/1 205/54/1 204/54/1
f 214/156/1 204/156/1 213/156/1
f 215/161/1 206/161/1 205/161/1
f 215/54/1 205/54/1 214/54/1
f 216/171/1 207/171/1 206/171/1
f 216/161/1 206/161/1 215/161/1
f 217/34/1 208/34/1 207/34/1
f 217/171/1 207/171/1 216/171/1
f 218/30/1 209/30/1 208/30/1
f 218/34/1 208/34/1 217/34/1
f 219/116/1 210/116/1 209/116/1
f 219/30/1 209/30/1 218/30/1
f 220/116/1 210/116/1 219/116/1
f 223/2/1 212/2/1 211/2/1
f 224/32/1 213/32/1 212/32/1
f 224/2/1 212/2/1 223/2/1
f 225/55/1 214/55/1 213/55/1
f 225/32/1 213/32/1 224/32/1
f 226/50/1 215/50/1 214/50/1
f 226/55/1 214/55/1 225/55/1
f 227/50/1 215/50/1 226/50/1
f 228/116/1 218/116/1 217/116/1
f 229/131/1 219/131/1 218/131/1
f 229/116/1 218/116/1 228/116/1
f 230/101/1 220/101/1 219/101/1
f 230/131/1 219/131/1 229/131/1
f 231/215/1 221/215/1 220/215/1
f 231/101/1 220/101/1 230/101/1
f 232/215/1 221/215/1 231/215/1
f 235/60/1 223/60/1 222/60/1
f 236/94/1 224/94/1 223/94/1
f 236/60/1 223/60/1 235/60/1
f 237/94/1 224/94/1 236/94/1
f 238/235/1 232/235/1 231/235/1
f 239/221/1 233/221/1 232/221/1
f 239/235/1 232/235/1 238/235/1
f 240/221/1 233/221/1 239/221/1
f 243/136/1 235/136/1 234/136/1
f 244/147/1 236/147/1 235/147/1
f 244/136/1 235/136/1 243/136/1
f 245/147/1 236/147/1 244/147/1
f 246/176/1 240/176/1 239/176/1
f 247/185/1 241/185/1 240/185/1
f 247/176/1 240/176/1 246/176/1
f 248/185/1 241/185/1 247/185/1
f 250/195/1 243/195/1 242/195/1
f 251/251/1 244/251/1 243/251/1
f 251/195/1 243/195/1 250/195/1
f 252/251/1 244/251/1 251/251/1
f 253/248/1 248/248/1 247/248/1
f 254/97/1 249/97/1 248/97/1
f 254/248/1 248/248/1 253/248/1
f 255/97/1 249/97/1 254/97/1
f 256/62/1 251/62/1 250/62/1
f 257/3/1 252/3/1 251/3/1
f 257/62/1 251/62/1 256/62/1
f 258/3/1 252/3/1 257/3/1
f 259/254/1 254/254/1 253/254/1
f 260/132/1 255/132/1 254/132/1
f 260/254/1 254/254/1 259/254/1
f 261/132/1 255/132/1 260/132/1
f 262/8/1 257/8/1 256/8/1
f 263/56/1 258/56/1 257/56/1
f 263/8/1 257/8/1 262/8/1
f 264/56/1 258/56/1 263/56/1
f 265/174/1 260/174/1 259/174/1
f 266/154/1 261/154/1 260/154/1
f 266/174/1 260/174/1 265/174/1
f 267/154/1 261/154/1 266/154/1
f 268/145/1 263/145/1 262/145/1
f 269/145/1 263/145/1 268/145/1
f 270/33/1 267/33/1 266/33/1
f 271/33/1 267/33/1 270/33/1
f 272/220/1 269/220/1 268/220/1
f 273/220/1 269/220/1 272/220/1
f 276/204/1 271/204/1 270/204/1
f 277/204/1 271/204/1 276/204/1
f 278/245/1 273/245/1 272/245/1
f 279/187/1 274/187/1 273/187/1
f 279/245/1 273/245/1 278/245/1
f 280/187/1 274/187/1 279/187/1
f 281/117/1 276/117/1 275/117/1
f 282/240/1 277/240/1 276/240/1
f 282/117/1 276/117/1 281/117/1
f 283/240/1 277/240/1 282/240/1
f 284/53/1 279/53/1 278/53/1
f 285/56/1 280/56/1 279/56/1
f 285/53/1 279/53/1 284/53/1
f 286/56/1 280/56/1 285/56/1
f 287/245/1 282/245/1 281/245/1
f 288/231/1 283/231/1 282/231/1
f 288/245/1 282/245/1 287/245/1
f 289/231/1 283/231/1 288/231/1
f 290/143/1 285/143/1 284/143/1
f 291/96/1 286/96/1 285/96/1
f 291/143/1 285/143/1 290/143/1
f 292/96/1 286/96/1 291/96/1
f 295/124/1 288/124/1 287/124/1
f 296/73/1 289/73/1 288/73/1
f 296/124/1 288/124/1 295/124/1
f 297/73/1 289/73/1 296/73/1
f 298/193/1 292/193/1 291/193/1
f 299/54/1 293/54/1 292/54/1
f 299/193/1 292/193/1 298/193/1
f 300/54/1 293/54/1 299/54/1
f 303/15/1 295/15/1 294/15/1
f 304/50/1 296/50/1 295/50/1
f 304/15/1 295/15/1 303/15/1
f 305/50/1 296/50/1 304/50/1
f 306/216/1 300/216/1 299/216/1
f 307/142/1 301/142/1 300/142/1
f 307/216/1 300/216/1 306/216/1
f 308/142/1 301/142/1 307/142/1
f 315/238/1 303/238/1 302/238/1
f 316/62/1 304/62/1 303/62/1
f 316/238/1 303/238/1 315/238/1
f 317/62/1 304/62/1 316/62/1
f 318/136/1 308/136/1 307/136/1
f 319/120/1 309/120/1 308/120/1
f 319/136/1 308/136/1 318/136/1
f 320/48/1 310/48/1 309/48/1
f 320/120/1 309/120/1 319/120/1
f 321/36/1 311/36/1 310/36/1
f 321/48/1 310/48/1 320/48/1
f 322/36/1 311/36/1 321/36/1
f 324/206/1 313/206/1 312/206/1
f 325/24/1 314/24/1 313/24/1
f 325/206/1 313/206/1 324/206/1
f 326/51/1 315/51/1 314/51/1
f 326/24/1 314/24/1 325/24/1
f 327/194/1 316/194/1 315/194/1
f 327/51/1 315/51/1 326/51/1
f 328/194/1 316/194/1 327/194/1
f 329/181/1 320/181/1 319/181/1
f 330/100/1 321/100/1 320/100/1
f 330/181/1 320/181/1 329/181/1
f 331/103/1 322/103/1 321/103/1
f 331/100/1 321/100/1 330/100/1
f 332/14/1 323/14/1 322/14/1
f 332/103/1 322/103/1 331/103/1
f 333/186/1 324/186/1 323/186/1
f 333/14/1 323/14/1 332/14/1
f 334/192/1 325/192/1 324/192/1
f 334/186/1 324/186/1 333/186/1
f 335/49/1 326/49/1 325/49/1
f 335/192/1 325/192/1 334/192/1
f 336/235/1 327/235/1 326/235/1
f 336/49/1 326/49/1 335/49/1
f 337/235/1 327/235/1 336/235/1
f 346/206/1 339/206/1 338/206/1
f 347/214/1 340/214/1 339/214/1
f 347/206/1 339/206/1 346/206/1
f 348/222/1 341/222/1 340/222/1
f 348/214/1 340/214/1 347/214/1
f 349/58/1 342/58/1 341/58/1
f 349/222/1 341/222/1 348/222/1
f 350/58/1 342/58/1 349/58/1
f 355/185/1 344/185/1 343/185/1
f 356/37/1 345/37/1 344/37/1
f 356/185/1 344/185/1 355/185/1
f 357/26/1 346/26/1 345/26/1
f 357/37/1 345/37/1 356/37/1
f 357/26/1 347/26/1 346/26/1
f 358/26/1 347/26/1 357/26/1
f 359/159/1 348/159/1 347/159/1
f 359/26/1 347/26/1 358/26/1
f 360/7/1 349/7/1 348/7/1
f 360/159/1 348/159/1 359/159/1
f 361/178/1 350/178/1 349/178/1
f 361/7/1 349/7/1 360/7/1
f 362/46/1 351/46/1 350/46/1
f 362/178/1 350/178/1 361/178/1
f 363/248/1 352/248/1 351/248/1
f 363/46/1 351/46/1 362/46/1
f 364/130/1 353/130/1 352/130/1
f 364/248/1 352/248/1 363/248/1
f 365/130/1 353/130/1 364/130/1
f 368/250/1 355/250/1 354/250/1
f 369/188/1 356/188/1 355/188/1
f 369/250/1 355/250/1 368/250/1
f 370/188/1 356/188/1 369/188/1
f 371/100/1 365/100/1 364/100/1
f 372/137/1 366/137/1 365/137/1
f 372/100/1 365/100/1 371/100/1
f 373/137/1 366/137/1 372/137/1
f 376/50/1 368/50/1 367/50/1
f 377/119/1 369/119/1 368/119/1
f 377/50/1 368/50/1 376/50/1
f 378/119/1 369/119/1 377/119/1
f 379/241/1 373/241/1 372/241/1
f 380/235/1 374/235/1 373/235/1
f 380/241/1 373/241/1 379/241/1
f 381/235/1 374/235/1 380/235/1
f 384/195/1 376/195/1 375/195/1
f 385/88/1 377/88/1 376/88/1
f 385/195/1 376/195/1 384/195/1
f 386/88/1 377/88/1 385/88/1
f 387/182/1 381/182/1 380/182/1
f 388/154/1 382/154/1 381/154/1
f 388/182/1 381/182/1 387/182/1
f 389/154/1 382/154/1 388/154/1
f 391/56/1 384/56/1 383/56/1
f 392/59/1 385/59/1 384/59/1
f 392/56/1 384/56/1 391/56/1
f 393/59/1 385/59/1 392/59/1
f 394/178/1 389/178/1 388/178/1
f 395/15/1 390/15/1 389/15/1
f 395/178/1 389/178/1 394/178/1
f 396/15/1 390/15/1 395/15/1
f 397/57/1 392/57/1 391/57/1
f 398/57/1 392/57/1 397/57/1
f 399/29/1 396/29/1 395/29/1
f 400/29/1 396/29/1 399/29/1
f 402/87/1 398/87/1 397/87/1
f 403/87/1 398/87/1 402/87/1
f 404/12/1 400/12/1 399/12/1
f 405/12/1 400/12/1 404/12/1
f 407/76/1 402/76/1 401/76/1
f 408/252/1 403/252/1 402/252/1
f 408/76/1 402/76/1 407/76/1
f 409/252/1 403/252/1 408/252/1
f 410/148/1 405/148/1 404/148/1
f 411/234/1 406/234/1 405/234/1
f 411/148/1 405/148/1 410/148/1
f 412/234/1 406/234/1 411/234/1
f 413/144/1 408/144/1 407/144/1
f 414/142/1 409/142/1 408/142/1
f 414/144/1 408/144/1 413/144/1
f 415/142/1 409/142/1 414/142/1
f 416/67/1 411/67/1 410/67/1
f 417/83/1 412/83/1 411/83/1
f 417/67/1 411/67/1 416/67/1
f 418/83/1 412/83/1 417/83/1
f 419/149/1 414/149/1 413/149/1
f 420/32/1 415/32/1 414/32/1
f 420/149/1 414/149/1 419/149/1
f 421/32/1 415/32/1 420/32/1
f 422/112/1 417/112/1 416/112/1
f 423/40/1 418/40/1 417/40/1
f 423/112/1 417/112/1 422/112/1
f 424/40/1 418/40/1 423/40/1
f 425/160/1 420/160/1 419/160/1
f 426/109/1 421/109/1 420/109/1
f 426/160/1 420/160/1 425/160/1
f 427/109/1 421/109/1 426/109/1
f 428/169/1 423/169/1 422/169/1
f 429/28/1 424/28/1 423/28/1
f 429/169/1 423/169/1 428/169/1
f 430/28/1 424/28/1 429/28/1
f 431/209/1 427/209/1 426/209/1
f 432/209/1 427/209/1 431/209/1
f 433/85/1 429/85/1 428/85/1
f 434/85/1 429/85/1 433/85/1
f 435/128/1 432/128/1 431/128/1
f 436/128/1 432/128/1 435/128/1
f 439/134/1 434/134/1 433/134/1
f 440/134/1 434/134/1 439/134/1
f 441/210/1 436/210/1 435/210/1
f 442/230/1 437/230/1 436/230/1
f 442/210/1 436/210/1 441/210/1
f 443/230/1 437/230/1 442/230/1
f 446/172/1 439/172/1 438/172/1
f 447/44/1 440/44/1 439/44/1
f 447/172/1 439/172/1 446/172/1
f 448/44/1 440/44/1 447/44/1
f 449/2/1 443/2/1 442/2/1
f 450/21/1 444/21/1 443/21/1
f 450/2/1 443/2/1 449/2/1
f 451/21/1 444/21/1 450/21/1
f 454/45/1 446/45/1 445/45/1
f 455/138/1 447/138/1 446/138/1
f 455/45/1 446/45/1 454/45/1
f 456/138/1 447/138/1 455/138/1
f 457/186/1 451/186/1 450/186/1
f 458/106/1 452/106/1 451/106/1
f 458/186/1 451/186/1 457/186/1
f 459/106/1 452/106/1 458/106/1
f 462/77/1 454/77/1 453/77/1
f 463/130/1 455/130/1 454/130/1
f 463/77/1 454/77/1 462/77/1
f 464/130/1 455/130/1 463/130/1
f 465/5/1 459/5/1 458/5/1
f 466/223/1 460/223/1 459/223/1
f 466/5/1 459/5/1 465/5/1
f 467/223/1 460/223/1 466/223/1
f 475/69/1 462/69/1 461/69/1
f 476/151/1 463/151/1 462/151/1
f 476/69/1 462/69/1 475/69/1
f 477/151/1 463/151/1 476/151/1
f 478/179/1 467/179/1 466/179/1
f 479/83/1 468/83/1 467/83/1
f 479/179/1 467/179/1 478/179/1
f 480/65/1 469/65/1 468/65/1
f 480/83/1 468/83/1 479/83/1
f 481/232/1 470/232/1 469/232/1
f 481/65/1 469/65/1 480/65/1
f 482/222/1 471/222/1 470/222/1
f 482/232/1 470/232/1 481/232/1
f 483/149/1 472/149/1 471/149/1
f 483/222/1 471/222/1 482/222/1
f 484/24/1 473/24/1 472/24/1
f 484/149/1 472/149/1 483/149/1
f 485/239/1 474/239/1 473/239/1
f 485/24/1 473/24/1 484/24/1
f 486/143/1 475/143/1 474/143/1
f 486/239/1 474/239/1 485/239/1
f 487/124/1 476/124/1 475/124/1
f 487/143/1 475/143/1 486/143/1
f 488/124/1 476/124/1 487/124/1
f 489/229/1 482/229/1 481/229/1
f 490/34/1 483/34/1 482/34/1
f 490/229/1 482/229/1 489/229/1
f 491/152/1 484/152/1 483/152/1
f 491/34/1 483/34/1 490/34/1
f 492/249/1 485/249/1 484/249/1
f 492/152/1 484/152/1 491/152/1
f 493/249/1 485/249/1 492/249/1
f 502/110/1 495/110/1 494/110/1
f 503/119/1 496/119/1 495/119/1
f 503/110/1 495/110/1 502/110/1
f 504/51/1 497/51/1 496/51/1
f 504/119/1 496/119/1 503/119/1
f 505/76/1 498/76/1 497/76/1
f 505/51/1 497/51/1 504/51/1
f 506/76/1 498/76/1 505/76/1
f 512/78/1 500/78/1 499/78/1
f 513/55/1 501/55/1 500/55/1
f 513/78/1 500/78/1 512/78/1
f 514/249/1 502/249/1 501/249/1
f 514/55/1 501/55/1 513/55/1
f 515/249/1 502/249/1 514/249/1
f 516/2/1 507/2/1 506/2/1
f 517/237/1 508/237/1 507/237/1
f 517/2/1 507/2/1 516/2/1
f 518/113/1 509/113/1 508/113/1
f 518/237/1 508/237/1 517/237/1
f 519/113/1 509/113/1 518/113/1
f 523/21/1 511/21/1 510/21/1
f 524/93/1 512/93/1 511/93/1
f 524/21/1 511/21/1 523/21/1
f 525/93/1 512/93/1 524/93/1
f 526/166/1 520/166/1 519/166/1
f 527/73/1 521/73/1 520/73/1
f 527/166/1 520/166/1 526/166/1
f 528/73/1 521/73/1 527/73/1
f 531/94/1 523/94/1 522/94/1
f 532/119/1 524/119/1 523/119/1
f 532/94/1 523/94/1 531/94/1
f 533/119/1 524/119/1 532/119/1
f 534/181/1 528/181/1 527/181/1
f 535/244/1 529/244/1 528/244/1
f 535/181/1 528/181/1 534/181/1
f 536/244/1 529/244/1 535/244/1
f 538/222/1 531/222/1 530/222/1
f 539/246/1 532/246/1 531/246/1
f 539/222/1 531/222/1 538/222/1
f 540/246/1 532/246/1 539/246/1
f 541/208/1 536/208/1 535/208/1
f 542/1/1 537/1/1 536/1/1
f 542/208/1 536/208/1 541/208/1
f 543/1/1 537/1/1 542/1/1
f 545/207/1 539/207/1 538/207/1
f 546/207/1 539/207/1 545/207/1
f 547/149/1 543/149/1 542/149/1
f 548/149/1 543/149/1 547/149/1
f 550/177/1 545/177/1 544/177/1
f 551/177/1 545/177/1 550/177/1
f 552/22/1 549/22/1 548/22/1
f 553/22/1 549/22/1 552/22/1
f 554/69/1 551/69/1 550/69/1
f 555/69/1 551/69/1 554/69/1
f 556/189/1 553/189/1 552/189/1
f 557/189/1 553/189/1 556/189/1
f 559/128/1 555/128/1 554/128/1
f 560/128/1 555/128/1 559/128/1
f 561/157/1 557/157/1 556/157/1
f 562/157/1 557/157/1 561/157/1
f 564/156/1 559/156/1 558/156/1
f 565/156/1 559/156/1 564/156/1
f 566/71/1 563/71/1 562/71/1
f 567/71/1 563/71/1 566/71/1
f 568/104/1 565/104/1 564/104/1
f 569/104/1 565/104/1 568/104/1
f 570/178/1 567/178/1 566/178/1
f 571/178/1 567/178/1 570/178/1
f 572/8/1 569/8/1 568/8/1
f 573/8/1 569/8/1 572/8/1
f 574/53/1 571/53/1 570/53/1
f 575/53/1 571/53/1 574/53/1
f 576/9/1 573/9/1 572/9/1
f 577/9/1 573/9/1 576/9/1
f 580/144/1 575/144/1 574/144/1
f 581/144/1 575/144/1 580/144/1
f 582/189/1 578/189/1 577/189/1
f 583/189/1 578/189/1 582/189/1
f 584/121/1 580/121/1 579/121/1
f 585/121/1 580/121/1 584/121/1
f 586/92/1 583/92/1 582/92/1
f 587/92/1 583/92/1 586/92/1
f 588/26/1 585/26/1 584/26/1
f 589/26/1 585/26/1 588/26/1
f 590/129/1 587/129/1 586/129/1
f 591/129/1 587/129/1 590/129/1
f 594/168/1 589/168/1 588/168/1
f 595/168/1 589/168/1 594/168/1
f 596/91/1 592/91/1 591/91/1
f 597/91/1 592/91/1 596/91/1
f 600/179/1 594/179/1 593/179/1
f 601/179/1 594/179/1 600/179/1
f 602/205/1 597/205/1 596/205/1
f 603/194/1 598/194/1 597/194/1
f 603/205/1 597/205/1 602/205/1
f 604/194/1 598/194/1 603/194/1
f 607/20/1 600/20/1 599/20/1
f 608/135/1 601/135/1 600/135/1
f 608/20/1 600/20/1 607/20/1
f 609/135/1 601/135/1 608/135/1
f 610/236/1 604/236/1 603/236/1
f 611/146/1 605/146/1 604/146/1
f 611/236/1 604/236/1 610/236/1
f 612/146/1 605/146/1 611/146/1
f 615/75/1 607/75/1 606/75/1
f 616/4/1 608/4/1 607/4/1
f 616/75/1 607/75/1 615/75/1
f 617/4/1 608/4/1 616/4/1
f 618/37/1 612/37/1 611/37/1
f 619/100/1 613/100/1 612/100/1
f 619/37/1 612/37/1 618/37/1
f 620/100/1 613/100/1 619/100/1
f 627/48/1 615/48/1 614/48/1
f 628/187/1 616/187/1 615/187/1
f 628/48/1 615/48/1 627/48/1
f 629/187/1 616/187/1 628/187/1
f 630/205/1 621/205/1 620/205/1
f 631/12/1 622/12/1 621/12/1
f 631/205/1 621/205/1 630/205/1
f 632/115/1 623/115/1 622/115/1
f 632/12/1 622/12/1 631/12/1
f 633/115/1 623/115/1 632/115/1
f 637/187/1 625/187/1 624/187/1
f 638/116/1 626/116/1 625/116/1
f 638/187/1 625/187/1 637/187/1
f 639/174/1 627/174/1 626/174/1
f 639/116/1 626/116/1 638/116/1
f 640/174/1 627/174/1 639/174/1
f 641/200/1 634/200/1 633/200/1
f 642/219/1 635/219/1 634/219/1
f 642/200/1 634/200/1 641/200/1
f 643/196/1 636/196/1 635/196/1
f 643/219/1 635/219/1 642/219/1
f 644/59/1 637/59/1 636/59/1
f 644/196/1 636/196/1 643/196/1
f 645/59/1 637/59/1 644/59/1
f 654/181/1 647/181/1 646/181/1
f 655/54/1 648/54/1 647/54/1
f 655/181/1 647/181/1 654/181/1
f 656/111/1 649/111/1 648/111/1
f 656/54/1 648/54/1 655/54/1
f 657/127/1 650/127/1 649/127/1
f 657/111/1 649/111/1 656/111/1
f 658/127/1 650/127/1 657/127/1
f 664/88/1 652/88/1 651/88/1
f 665/132/1 653/132/1 652/132/1
f 665/88/1 652/88/1 664/88/1
f 666/91/1 654/91/1 653/91/1
f 666/132/1 653/132/1 665/132/1
f 667/91/1 654/91/1 666/91/1
f 668/4/1 659/4/1 658/4/1
f 669/8/1 660/8/1 659/8/1
f 669/4/1 659/4/1 668/4/1
f 670/60/1 661/60/1 660/60/1
f 670/8/1 660/8/1 669/8/1
f 671/60/1 661/60/1 670/60/1
f 675/95/1 663/95/1 662/95/1
f 676/70/1 664/70/1 663/70/1
f 676/95/1 663/95/1 675/95/1
f 677/70/1 664/70/1 676/70/1
f 678/192/1 672/192/1 671/192/1
f 679/119/1 673/119/1 672/119/1
f 679/192/1 672/192/1 678/192/1
f 680/119/1 673/119/1 679/119/1
f 683/158/1 675/158/1 674/158/1
f 684/158/1 675/158/1 683/158/1
f 685/157/1 681/157/1 680/157/1
f 686/157/1 681/157/1 685/157/1
f 689/47/1 683/47/1 682/47/1
f 690/47/1 683/47/1 689/47/1
f 691/123/1 687/123/1 686/123/1
f 692/123/1 687/123/1 691/123/1
f 694/27/1 689/27/1 688/27/1
f 695/27/1 689/27/1 694/27/1
f 696/173/1 693/173/1 692/173/1
f 697/173/1 693/173/1 696/173/1
f 699/86/1 695/86/1 694/86/1
f 700/86/1 695/86/1 699/86/1
f 701/255/1 697/255/1 696/255/1
f 702/255/1 697/255/1 701/255/1
f 704/56/1 699/56/1 698/56/1
f 705/56/1 699/56/1 704/56/1
f 706/237/1 703/237/1 702/237/1
f 707/237/1 703/237/1 706/237/1
f 708/58/1 705/58/1 704/58/1
f 709/58/1 705/58/1 708/58/1
f 710/15/1 707/15/1 706/15/1
f 711/15/1 707/15/1 710/15/1
f 713/230/1 709/230/1 708/230/1
f 714/230/1 709/230/1 713/230/1
f 715/143/1 711/143/1 710/143/1
f 716/143/1 711/143/1 715/143/1
f 718/136/1 713/136/1 712/136/1
f 719/136/1 713/136/1 718/136/1
f 720/68/1 717/68/1 716/68/1
f 721/68/1 717/68/1 720/68/1
f 722/158/1 719/158/1 718/158/1
f 723/158/1 719/158/1 722/158/1
f 724/75/1 721/75/1 720/75/1
f 725/75/1 721/75/1 724/75/1
f 726/58/1 723/58/1 722/58/1
f 727/58/1 723/58/1 726/58/1
f 728/21/1 725/21/1 724/21/1
f 729/21/1 725/21/1 728/21/1
f 730/43/1 727/43/1 726/43/1
f 731/43/1 727/43/1 730/43/1
f 734/200/1 729/200/1 728/200/1
f 735/200/1 729/200/1 734/200/1
f 736/160/1 732/160/1 731/160/1
f 737/160/1 732/160/1 736/160/1
f 738/9/1 734/9/1 733/9/1
f 739/9/1 734/9/1 738/9/1
f 740/68/1 737/68/1 736/68/1
f 741/68/1 737/68/1 740/68/1
f 742/221/1 739/221/1 738/221/1
f 743/221/1 739/221/1 742/221/1
f 744/36/1 741/36/1 740/36/1
f 745/36/1 741/36/1 744/36/1
f 748/180/1 743/180/1 742/180/1
f 749/180/1 743/180/1 748/180/1
f 750/206/1 746/206/1 745/206/1
f 751/206/1 746/206/1 750/206/1
f 752/107/1 748/107/1 747/107/1
f 753/107/1 748/107/1 752/107/1
f 754/4/1 751/4/1 750/4/1
f 755/4/1 751/4/1 754/4/1
f 758/233/1 753/233/1 752/233/1
f 759/233/1 753/233/1 758/233/1
f 760/39/1 756/39/1 755/39/1
f 761/39/1 756/39/1 760/39/1
f 764/20/1 758/20/1 757/20/1
f 765/20/1 758/20/1 764/20/1
f 766/30/1 762/30/1 761/30/1
f 767/30/1 762/30/1 766/30/1
f 772/7/1 764/7/1 763/7/1
f 773/7/1 764/7/1 772/7/1
f 774/212/1 768/212/1 767/212/1
f 775/110/1 769/110/1 768/110/1
f 775/212/1 768/212/1 774/212/1
f 776/110/1 769/110/1 775/110/1
f 783/61/1 771/61/1 770/61/1
f 784/92/1 772/92/1 771/92/1
f 784/61/1 771/61/1 783/61/1
f 785/92/1 772/92/1 784/92/1
f 786/16/1 777/16/1 776/16/1
f 787/48/1 778/48/1 777/48/1
f 787/16/1 777/16/1 786/16/1
f 788/25/1 779/25/1 778/25/1
f 788/48/1 778/48/1 787/48/1
f 789/25/1 779/25/1 788/25/1
f 793/164/1 781/164/1 780/164/1
f 794/210/1 782/210/1 781/210/1
f 794/164/1 781/164/1 793/164/1
f 795/7/1 783/7/1 782/7/1
f 795/210/1 782/210/1 794/210/1
f 796/7/1 783/7/1 795/7/1
f 797/247/1 790/247/1 789/247/1
f 798/161/1 791/161/1 790/161/1
f 798/247/1 790/247/1 797/247/1
f 799/145/1 792/145/1 791/145/1
f 799/161/1 791/161/1 798/161/1
f 800/128/1 793/128/1 792/128/1
f 800/145/1 792/145/1 799/145/1
f 801/128/1 793/128/1 800/128/1
f 812/153/1 803/153/1 802/153/1
f 813/168/1 804/168/1 803/168/1
f 813/153/1 803/153/1 812/153/1
f 814/249/1 805/249/1 804/249/1
f 814/168/1 804/168/1 813/168/1
f 815/249/1 805/249/1 814/249/1
f 816/133/1 807/133/1 806/133/1
f 817/75/1 808/75/1 807/75/1
f 817/133/1 807/133/1 816/133/1
f 818/155/1 809/155/1 808/155/1
f 818/75/1 808/75/1 817/75/1
f 819/155/1 809/155/1 818/155/1
f 823/216/1 811/216/1 810/216/1
f 824/167/1 812/167/1 811/167/1
f 824/216/1 811/216/1 823/216/1
f 825/167/1 812/167/1 824/167/1
f 826/100/1 820/100/1 819/100/1
f 827/109/1 821/109/1 820/109/1
f 827/100/1 820/100/1 826/100/1
f 828/109/1 821/109/1 827/109/1
f 831/165/1 823/165/1 822/165/1
f 832/165/1 823/165/1 831/165/1
f 833/53/1 829/53/1 828/53/1
f 834/53/1 829/53/1 833/53/1
f 837/53/1 831/53/1 830/53/1
f 838/53/1 831/53/1 837/53/1
f 839/2/1 835/2/1 834/2/1
f 840/2/1 835/2/1 839/2/1
f 843/30/1 837/30/1 836/30/1
f 844/30/1 837/30/1 843/30/1
f 845/254/1 841/254/1 840/254/1
f 846/254/1 841/254/1 845/254/1
f 848/239/1 843/239/1 842/239/1
f 849/239/1 843/239/1 848/239/1
f 850/134/1 847/134/1 846/134/1
f 851/134/1 847/134/1 850/134/1
f 853/40/1 849/40/1 848/40/1
f 854/40/1 849/40/1 853/40/1
f 855/66/1 851/66/1 850/66/1
f 856/66/1 851/66/1 855/66/1
f 858/22/1 853/22/1 852/22/1
f 859/22/1 853/22/1 858/22/1
f 860/1/1 857/1/1 856/1/1
f 861/1/1 857/1/1 860/1/1
f 862/34/1 859/34/1 858/34/1
f 863/34/1 859/34/1 862/34/1
f 864/248/1 861/248/1 860/248/1
f 865/248/1 861/248/1 864/248/1
f 866/215/1 863/215/1 862/215/1
f 867/215/1 863/215/1 866/215/1
f 868/2/1 865/2/1 864/2/1
f 869/2/1 865/2/1 868/2/1
f 874/223/1 871/223/1 870/223/1
f 875/223/1 871/223/1 874/223/1
f 876/166/1 873/166/1 872/166/1
f 877/166/1 873/166/1 876/166/1
f 878/54/1 875/54/1 874/54/1
f 879/54/1 875/54/1 878/54/1
f 880/233/1 877/233/1 876/233/1
f 881/233/1 877/233/1 880/233/1
f 882/19/1 879/19/1 878/19/1
f 883/19/1 879/19/1 882/19/1
f 886/134/1 881/134/1 880/134/1
f 887/134/1 881/134/1 886/134/1
f 888/182/1 884/182/1 883/182/1
f 889/182/1 884/182/1 888/182/1
f 890/183/1 886/183/1 885/183/1
f 891/183/1 886/183/1 890/183/1
f 892/46/1 889/46/1 888/46/1
f 893/46/1 889/46/1 892/46/1
f 896/73/1 891/73/1 890/73/1
f 897/73/1 891/73/1 896/73/1
f 898/233/1 894/233/1 893/233/1
f 899/233/1 894/233/1 898/233/1
f 902/61/1 896/61/1 895/61/1
f 903/61/1 896/61/1 902/61/1
f 904/207/1 900/207/1 899/207/1
f 905/207/1 900/207/1 904/207/1
f 908/109/1 902/109/1 901/109/1
f 909/109/1 902/109/1 908/109/1
f 910/193/1 906/193/1 905/193/1
f 911/193/1 906/193/1 910/193/1
f 916/90/1 908/90/1 907/90/1
f 917/90/1 908/90/1 916/90/1
f 918/55/1 912/55/1 911/55/1
f 919/84/1 913/84/1 912/84/1
f 919/55/1 912/55/1 918/55/1
f 920/84/1 913/84/1 919/84/1
f 927/23/1 915/23/1 914/23/1
f 928/18/1 916/18/1 915/18/1
f 928/23/1 915/23/1 927/23/1
f 929/18/1 916/18/1 928/18/1
f 930/122/1 921/122/1 920/122/1
f 931/66/1 922/66/1 921/66/1
f 931/122/1 921/122/1 930/122/1
f 932/249/1 923/249/1 922/249/1
f 932/66/1 922/66/1 931/66/1
f 933/249/1 923/249/1 932/249/1
f 934/40/1 925/40/1 924/40/1
f 935/2/1 926/2/1 925/2/1
f 935/40/1 925/40/1 934/40/1
f 936/192/1 927/192/1 926/192/1
f 936/2/1 926/2/1 935/2/1
f 937/192/1 927/192/1 936/192/1
f 949/229/1 939/229/1 938/229/1
f 950/12/1 940/12/1 939/12/1
f 950/229/1 939/229/1 949/229/1
f 951/7/1 941/7/1 940/7/1
f 951/12/1 940/12/1 950/12/1
f 952/245/1 942/245/1 941/245/1
f 952/7/1 941/7/1 951/7/1
f 953/81/1 943/81/1 942/81/1
f 953/245/1 942/245/1 952/245/1
f 954/4/1 944/4/1 943/4/1
f 954/81/1 943/81/1 953/81/1
f 955/2/1 945/2/1 944/2/1
f 955/4/1 944/4/1 954/4/1
f 956/79/1 946/79/1 945/79/1
f 956/2/1 945/2/1 955/2/1
f 957/79/1 946/79/1 956/79/1
f 962/99/1 948/99/1 947/99/1
f 963/99/1 948/99/1 962/99/1
f 964/181/1 959/181/1 958/181/1
f 965/181/1 959/181/1 964/181/1
f 969/7/1 961/7/1 960/7/1
f 970/7/1 961/7/1 969/7/1
f 971/244/1 967/244/1 966/244/1
f 972/244/1 967/244/1 971/244/1
f 975/121/1 969/121/1 968/121/1
f 976/121/1 969/121/1 975/121/1
f 977/203/1 973/203/1 972/203/1
f 978/203/1 973/203/1 977/203/1
f 981/197/1 975/197/1 974/197/1
f 982/197/1 975/197/1 981/197/1
f 983/49/1 979/49/1 978/49/1
f 984/49/1 979/49/1 983/49/1
f 986/40/1 981/40/1 980/40/1
f 987/40/1 981/40/1 986/40/1
f 988/146/1 985/146/1 984/146/1
f 989/146/1 985/146/1 988/146/1
f 994/174/1 991/174/1 990/174/1
f 995/174/1 991/174/1 994/174/1
f 996/24/1 993/24/1 992/24/1
f 997/24/1 993/24/1 996/24/1
f 1002/182/1 999/182/1 998/182/1
f 1003/182/1 999/182/1 1002/182/1
f 1004/48/1 1001/48/1 1000/48/1
f 1005/48/1 1001/48/1 1004/48/1
f 1006/255/1 1003/255/1 1002/255/1
f 1007/255/1 1003/255/1 1006/255/1
f 1008/22/1 1005/22/1 1004/22/1
f 1009/22/1 1005/22/1 1008/22/1
f 1010/223/1 1007/223/1 1006/223/1
f 1011/223/1 1007/223/1 1010/223/1
f 1012/18/1 1009/18/1 1008/18/1
f 1013/18/1 1009/18/1 1012/18/1
f 1014/120/1 1011/120/1 1010/120/1
f 1015/120/1 1011/120/1 1014/120/1
f 1016/152/1 1013/152/1 1012/152/1
f 1017/152/1 1013/152/1 1016/152/1
f 1018/109/1 1015/109/1 1014/109/1
f 1019/109/1 1015/109/1 1018/109/1
f 1020/28/1 1017/28/1 1016/28/1
f 1021/28/1 1017/28/1 1020/28/1
f 1022/51/1 1019/51/1 1018/51/1
f 1023/51/1 1019/51/1 1022/51/1
f 1024/127/1 1021/127/1 1020/127/1
f 1025/127/1 1021/127/1 1024/127/1
f 1026/127/1 1023/127/1 1022/127/1
f 1027/127/1 1023/127/1 1026/127/1
f 1028/113/1 1025/113/1 1024/113/1
f 1029/113/1 1025/113/1 1028/113/1
f 1030/151/1 1027/151/1 1026/151/1
f 1031/151/1 1027/151/1 1030/151/1
f 1032/36/1 1029/36/1 1028/36/1
f 1033/36/1 1029/36/1 1032/36/1
f 1038/127/1 1035/127/1 1034/127/1
f 1039/127/1 1035/127/1 1038/127/1
f 1040/224/1 1037/224/1 1036/224/1
f 1041/224/1 1037/224/1 1040/224/1
f 1046/51/1 1043/51/1 1042/51/1
f 1047/51/1 1043/51/1 1046/51/1
f 1050/108/1 1045/108/1 1044/108/1
f 1051/108/1 1045/108/1 1050/108/1
f 1052/28/1 1048/28/1 1047/28/1
f 1053/28/1 1048/28/1 1052/28/1
f 1056/150/1 1050/150/1 1049/150/1
f 1057/150/1 1050/150/1 1056/150/1
f 1058/3/1 1054/3/1 1053/3/1
f 1059/3/1 1054/3/1 1058/3/1
f 1062/236/1 1056/236/1 1055/236/1
f 1063/236/1 1056/236/1 1062/236/1
f 1064/255/1 1060/255/1 1059/255/1
f 1065/255/1 1060/255/1 1064/255/1
f 1070/47/1 1062/47/1 1061/47/1
f 1071/47/1 1062/47/1 1070/47/1
f 1072/131/1 1067/131/1 1066/131/1
f 1073/131/1 1067/131/1 1072/131/1
f 1083/112/1 1069/112/1 1068/112/1
f 1084/112/1 1069/112/1 1083/112/1
f 1085/238/1 1075/238/1 1074/238/1
f 1086/12/1 1076/12/1 1075/12/1
f 1086/238/1 1075/238/1 1085/238/1
f 1087/31/1 1077/31/1 1076/31/1
f 1087/12/1 1076/12/1 1086/12/1
f 1088/39/1 1078/39/1 1077/39/1
f 1088/31/1 1077/31/1 1087/31/1
f 1089/199/1 1079/199/1 1078/199/1
f 1089/39/1 1078/39/1 1088/39/1
f 1090/197/1 1080/197/1 1079/197/1
f 1090/199/1 1079/199/1 1089/199/1
f 1091/212/1 1081/212/1 1080/212/1
f 1091/197/1 1080/197/1 1090/197/1
f 1092/124/1 1082/124/1 1081/124/1
f 1092/212/1 1081/212/1 1091/212/1
f 1093/124/1 1082/124/1 1092/124/1
f 1099/233/1 1095/233/1 1094/233/1
f 1100/13/1 1096/13/1 1095/13/1
f 1100/233/1 1095/233/1 1099/233/1
f 1101/13/1 1096/13/1 1100/13/1
f 1106/213/1 1098/213/1 1097/213/1
f 1107/213/1 1098/213/1 1106/213/1
f 1108/7/1 1103/7/1 1102/7/1
f 1109/7/1 1103/7/1 1108/7/1
f 1114/64/1 1105/64/1 1104/64/1
f 1115/64/1 1105/64/1 1114/64/1
f 1116/20/1 1111/20/1 1110/20/1
f 1117/20/1 1111/20/1 1116/20/1
f 1121/124/1 1113/124/1 1112/124/1
f 1122/124/1 1113/124/1 1121/124/1
f 1123/66/1 1119/66/1 1118/66/1
f 1124/66/1 1119/66/1 1123/66/1
f 1127/36/1 1121/36/1 1120/36/1
f 1128/36/1 1121/36/1 1127/36/1
f 1129/209/1 1125/209/1 1124/209/1
f 1130/209/1 1125/209/1 1129/209/1
f 1132/134/1 1127/134/1 1126/134/1
f 1133/134/1 1127/134/1 1132/134/1
f 1134/110/1 1131/110/1 1130/110/1
f 1135/110/1 1131/110/1 1134/110/1
f 1140/84/1 1137/84/1 1136/84/1
f 1141/84/1 1137/84/1 1140/84/1
f 1142/1/1 1139/1/1 1138/1/1
f 1143/1/1 1139/1/1 1142/1/1
f 1148/118/1 1145/118/1 1144/118/1
f 1149/118/1 1145/118/1 1148/118/1
f 1150/92/1 1147/92/1 1146/92/1
f 1151/92/1 1147/92/1 1150/92/1
f 1156/137/1 1153/137/1 1152/137/1
f 1157/137/1 1153/137/1 1156/137/1
f 1158/39/1 1155/39/1 1154/39/1
f 1159/39/1 1155/39/1 1158/39/1
f 1160/232/1 1157/232/1 1156/232/1
f 1161/232/1 1157/232/1 1160/232/1
f 1162/169/1 1159/169/1 1158/169/1
f 1163/169/1 1159/169/1 1162/169/1
f 1168/25/1 1165/25/1 1164/25/1
f 1169/25/1 1165/25/1 1168/25/1
f 1170/81/1 1167/81/1 1166/81/1
f 1171/81/1 1167/81/1 1170/81/1
f 1176/238/1 1173/238/1 1172/238/1
f 1177/238/1 1173/238/1 1176/238/1
f 1178/18/1 1175/18/1 1174/18/1
f 1179/18/1 1175/18/1 1178/18/1
f 1184/255/1 1181/255/1 1180/255/1
f 1185/255/1 1181/255/1 1184/255/1
f 1188/156/1 1183/156/1 1182/156/1
f 1189/156/1 1183/156/1 1188/156/1
f 1190/221/1 1186/221/1 1185/221/1
f 1191/221/1 1186/221/1 1190/221/1
f 1194/117/1 1188/117/1 1187/117/1
f 1195/117/1 1188/117/1 1194/117/1
f 1196/40/1 1192/40/1 1191/40/1
f 1197/40/1 1192/40/1 1196/40/1
f 1202/120/1 1194/120/1 1193/120/1
f 1203/120/1 1194/120/1 1202/120/1
f 1204/146/1 1199/146/1 1198/146/1
f 1205/146/1 1199/146/1 1204/146/1
f 1210/27/1 1201/27/1 1200/27/1
f 1211/27/1 1201/27/1 1210/27/1
f 1212/4/1 1207/4/1 1206/4/1
f 1213/4/1 1207/4/1 1212/4/1
f 1217/126/1 1209/126/1 1208/126/1
f 1218/126/1 1209/126/1 1217/126/1
f 1219/49/1 1215/49/1 1214/49/1
f 1220/58/1 1216/58/1 1215/58/1
f 1220/49/1 1215/49/1 1219/49/1
f 1221/58/1 1216/58/1 1220/58/1
f 1232/152/1 1223/152/1 1222/152/1
f 1233/77/1 1224/77/1 1223/77/1
f 1233/152/1 1223/152/1 1232/152/1
f 1234/223/1 1225/223/1 1224/223/1
f 1234/77/1 1224/77/1 1233/77/1
f 1235/223/1 1225/223/1 1234/223/1
f 1236/10/1 1227/10/1 1226/10/1
f 1237/215/1 1228/215/1 1227/215/1
f 1237/10/1 1227/10/1 1236/10/1
f 1238/4/1 1229/4/1 1228/4/1
f 1238/215/1 1228/215/1 1237/215/1
f 1239/4/1 1229/4/1 1238/4/1
f 1244/225/1 1231/225/1 1230/225/1
f 1245/225/1 1231/225/1 1244/225/1
f 1246/134/1 1241/134/1 1240/134/1
f 1247/134/1 1241/134/1 1246/134/1
f 1250/99/1 1243/99/1 1242/99/1
f 1251/99/1 1243/99/1 1250/99/1
f 1252/206/1 1249/206/1 1248/206/1
f 1253/206/1 1249/206/1 1252/206/1
f 1258/155/1 1255/155/1 1254/155/1
f 1259/155/1 1255/155/1 1258/155/1
f 1260/171/1 1257/171/1 1256/171/1
f 1261/171/1 1257/171/1 1260/171/1
f 1266/146/1 1263/146/1 1262/146/1
f 1267/146/1 1263/146/1 1266/146/1
f 1268/102/1 1265/102/1 1264/102/1
f 1269/102/1 1265/102/1 1268/102/1
f 1274/142/1 1271/142/1 1270/142/1
f 1275/142/1 1271/142/1 1274/142/1
f 1276/247/1 1273/247/1 1272/247/1
f 1277/247/1 1273/247/1 1276/247/1
f 1278/55/1 1275/55/1 1274/55/1
f 1279/55/1 1275/55/1 1278/55/1
f 1280/217/1 1277/217/1 1276/217/1
f 1281/217/1 1277/217/1 1280/217/1
f 1282/211/1 1279/211/1 1278/211/1
f 1283/211/1 1279/211/1 1282/211/1
f 1284/128/1 1281/128/1 1280/128/1
f 1285/128/1 1281/128/1 1284/128/1
f 1290/28/1 1287/28/1 1286/28/1
f 1291/28/1 1287/28/1 1290/28/1
f 1292/247/1 1289/247/1 1288/247/1
f 1293/247/1 1289/247/1 1292/247/1
f 1294/220/1 1291/220/1 1290/220/1
f 1295/220/1 1291/220/1 1294/220/1
f 1296/209/1 1293/209/1 1292/209/1
f 1297/209/1 1293/209/1 1296/209/1
f 1298/47/1 1295/47/1 1294/47/1
f 1299/47/1 1295/47/1 1298/47/1
f 1300/18/1 1297/18/1 1296/18/1
f 1301/18/1 1297/18/1 1300/18/1
f 1306/13/1 1303/13/1 1302/13/1
f 1307/13/1 1303/13/1 1306/13/1
f 1308/133/1 1305/133/1 1304/133/1
f 1309/133/1 1305/133/1 1308/133/1
f 1314/231/1 1311/231/1 1310/231/1
f 1315/231/1 1311/231/1 1314/231/1
f 1316/32/1 1313/32/1 1312/32/1
f 1317/32/1 1313/32/1 1316/32/1
f 1322/53/1 1319/53/1 1318/53/1
f 1323/53/1 1319/53/1 1322/53/1
f 1328/143/1 1321/143/1 1320/143/1
f 1329/143/1 1321/143/1 1328/143/1
f 1330/188/1 1325/188/1 1324/188/1
f 1331/188/1 1325/188/1 1330/188/1
f 1340/51/1 1327/51/1 1326/51/1
f 1341/51/1 1327/51/1 1340/51/1
f 1342/231/1 1333/231/1 1332/231/1
f 1343/236/1 1334/236/1 1333/236/1
f 1343/231/1 1333/231/1 1342/231/1
f 1344/178/1 1335/178/1 1334/178/1
f 1344/236/1 1334/236/1 1343/236/1
f 1345/178/1 1335/178/1 1344/178/1
f 1346/64/1 1337/64/1 1336/64/1
f 1347/179/1 1338/179/1 1337/179/1
f 1347/64/1 1337/64/1 1346/64/1
f 1348/43/1 1339/43/1 1338/43/1
f 1348/179/1 1338/179/1 1347/179/1
f 1349/43/1 1339/43/1 1348/43/1
f 1356/160/1 1351/160/1 1350/160/1
f 1357/160/1 1351/160/1 1356/160/1
f 1358/6/1 1353/6/1 1352/6/1
f 1359/6/1 1353/6/1 1358/6/1
f 1364/169/1 1355/169/1 1354/169/1
f 1365/169/1 1355/169/1 1364/169/1
f 1366/129/1 1361/129/1 1360/129/1
f 1367/129/1 1361/129/1 1366/129/1
f 1371/246/1 1363/246/1 1362/246/1
f 1372/246/1 1363/246/1 1371/246/1
f 1373/231/1 1369/231/1 1368/231/1
f 1374/231/1 1369/231/1 1373/231/1
f 1377/95/1 1371/95/1 1370/95/1
f 1378/95/1 1371/95/1 1377/95/1
f 1379/95/1 1375/95/1 1374/95/1
f 1380/95/1 1375/95/1 1379/95/1
f 1383/188/1 1377/188/1 1376/188/1
f 1384/188/1 1377/188/1 1383/188/1
f 1385/50/1 1381/50/1 1380/50/1
f 1386/50/1 1381/50/1 1385/50/1
f 1388/121/1 1383/121/1 1382/121/1
f 1389/121/1 1383/121/1 1388/121/1
f 1390/47/1 1387/47/1 1386/47/1
f 1391/47/1 1387/47/1 1390/47/1
f 1396/39/1 1393/39/1 1392/39/1
f 1397/39/1 1393/39/1 1396/39/1
f 1398/91/1 1395/91/1 1394/91/1
f 1399/91/1 1395/91/1 1398/91/1
f 1404/94/1 1401/94/1 1400/94/1
f 1405/94/1 1401/94/1 1404/94/1
f 1406/60/1 1403/60/1 1402/60/1
f 1407/60/1 1403/60/1 1406/60/1
f 1412/155/1 1409/155/1 1408/155/1
f 1413/155/1 1409/155/1 1412/155/1
f 1414/140/1 1411/140/1 1410/140/1
f 1415/140/1 1411/140/1 1414/140/1
f 1420/50/1 1417/50/1 1416/50/1
f 1421/50/1 1417/50/1 1420/50/1
f 1422/191/1 1419/191/1 1418/191/1
f 1423/191/1 1419/191/1 1422/191/1
f 1428/182/1 1425/182/1 1424/182/1
f 1429/182/1 1425/182/1 1428/182/1
f 1432/185/1 1427/185/1 1426/185/1
f 1433/185/1 1427/185/1 1432/185/1
f 1434/165/1 1430/165/1 1429/165/1
f 1435/165/1 1430/165/1 1434/165/1
f 1438/143/1 1432/143/1 1431/143/1
f 1439/143/1 1432/143/1 1438/143/1
f 1440/222/1 1436/222/1 1435/222/1
f 1441/222/1 1436/222/1 1440/222/1
f 1444/95/1 1438/95/1 1437/95/1
f 1445/95/1 1438/95/1 1444/95/1
f 1446/21/1 1442/21/1 1441/21/1
f 1447/21/1 1442/21/1 1446/21/1
f 1452/138/1 1444/138/1 1443/138/1
f 1453/138/1 1444/138/1 1452/138/1
f 1454/80/1 1449/80/1 1448/80/1
f 1455/80/1 1449/80/1 1454/80/1
f 1460/56/1 1451/56/1 1450/56/1
f 1461/56/1 1451/56/1 1460/56/1
f 1462/107/1 1457/107/1 1456/107/1
f 1463/107/1 1457/107/1 1462/107/1
f 1464/15/1 1459/15/1 1458/15/1
f 1465/15/1 1459/15/1 1464/15/1
f 1473/120/1 1467/120/1 1466/120/1
f 1474/108/1 1468/108/1 1467/108/1
f 1474/120/1 1467/120/1 1473/120/1
f 1475/179/1 1469/179/1 1468/179/1
f 1475/108/1 1468/108/1 1474/108/1
f 1476/26/1 1470/26/1 1469/26/1
f 1476/179/1 1469/179/1 1475/179/1
f 1477/26/1 1470/26/1 1476/26/1
f 1482/239/1 1472/239/1 1471/239/1
f 1483/239/1 1472/239/1 1482/239/1
f 1484/166/1 1479/166/1 1478/166/1
f 1485/166/1 1479/166/1 1484/166/1
f 1488/164/1 1481/164/1 1480/164/1
f 1489/164/1 1481/164/1 1488/164/1
f 1490/83/1 1487/83/1 1486/83/1
f 1491/83/1 1487/83/1 1490/83/1
f 1496/60/1 1493/60/1 1492/60/1
f 1497/60/1 1493/60/1 1496/60/1
f 1498/114/1 1495/114/1 1494/114/1
f 1499/114/1 1495/114/1 1498/114/1
f 1504/234/1 1501/234/1 1500/234/1
f 1505/234/1 1501/234/1 1504/234/1
f 1506/209/1 1503/209/1 1502/209/1
f 1507/209/1 1503/209/1 1506/209/1
f 1512/128/1 1509/128/1 1508/128/1
f 1513/128/1 1509/128/1 1512/128/1
f 1514/70/1 1511/70/1 1510/70/1
f 1515/70/1 1511/70/1 1514/70/1
f 1516/61/1 1513/61/1 1512/61/1
f 1517/61/1 1513/61/1 1516/61/1
f 1518/7/1 1515/7/1 1514/7/1
f 1519/7/1 1515/7/1 1518/7/1
f 1520/71/1 1517/71/1 1516/71/1
f 1521/71/1 1517/71/1 1520/71/1
f 1522/145/1 1519/145/1 1518/145/1
f 1523/145/1 1519/145/1 1522/145/1
f 1524/24/1 1521/24/1 1520/24/1
f 1525/24/1 1521/24/1 1524/24/1
f 1526/75/1 1523/75/1 1522/75/1
f 1527/75/1 1523/75/1 1526/75/1
f 1532/67/1 1529/67/1 1528/67/1
f 1533/67/1 1529/67/1 1532/67/1
f 1534/220/1 1531/220/1 1530/220/1
f 1535/220/1 1531/220/1 1534/220/1
f 1540/245/1 1537/245/1 1536/245/1
f 1541/245/1 1537/245/1 1540/245/1
f 1542/213/1 1539/213/1 1538/213/1
f 1543/213/1 1539/213/1 1542/213/1
f 1548/225/1 1545/225/1 1544/225/1
f 1549/225/1 1545/225/1 1548/225/1
f 1554/200/1 1547/200/1 1546/200/1
f 1555/200/1 1547/200/1 1554/200/1
f 1556/6/1 1551/6/1 1550/6/1
f 1557/6/1 1551/6/1 1556/6/1
f 1563/96/1 1553/96/1 1552/96/1
f 1564/96/1 1553/96/1 1563/96/1
f 1565/17/1 1559/17/1 1558/17/1
f 1566/141/1 1560/141/1 1559/141/1
f 1566/17/1 1559/17/1 1565/17/1
f 1567/26/1 1561/26/1 1560/26/1
f 1567/141/1 1560/141/1 1566/141/1
f 1568/44/1 1562/44/1 1561/44/1
f 1568/26/1 1561/26/1 1567/26/1
f 1569/44/1 1562/44/1 1568/44/1
f 1574/255/1 1571/255/1 1570/255/1
f 1575/255/1 1571/255/1 1574/255/1
f 1576/69/1 1573/69/1 1572/69/1
f 1577/69/1 1573/69/1 1576/69/1
f 1582/65/1 1579/65/1 1578/65/1
f 1583/65/1 1579/65/1 1582/65/1
f 1584/97/1 1581/97/1 1580/97/1
f 1585/97/1 1581/97/1 1584/97/1
f 1590/212/1 1587/212/1 1586/212/1
f 1591/212/1 1587/212/1 1590/212/1
f 1592/43/1 1589/43/1 1588/43/1
f 1593/43/1 1589/43/1 1592/43/1
f 1598/31/1 1595/31/1 1594/31/1
f 1599/31/1 1595/31/1 1598/31/1
f 1600/186/1 1597/186/1 1596/186/1
f 1601/186/1 1597/186/1 1600/186/1
f 1606/150/1 1603/150/1 1602/150/1
f 1607/150/1 1603/150/1 1606/150/1
f 1608/53/1 1605/53/1 1604/53/1
f 1609/53/1 1605/53/1 1608/53/1
f 1615/115/1 1611/115/1 1610/115/1
f 1616/115/1 1611/115/1 1615/115/1
f 1617/75/1 1613/75/1 1612/75/1
f 1618/75/1 1613/75/1 1617/75/1
f 1621/73/1 1615/73/1 1614/73/1
f 1622/73/1 1615/73/1 1621/73/1
f 1623/217/1 1619/217/1 1618/217/1
f 1624/217/1 1619/217/1 1623/217/1
f 1626/124/1 1621/124/1 1620/124/1
f 1627/124/1 1621/124/1 1626/124/1
f 1628/239/1 1625/239/1 1624/239/1
f 1629/239/1 1625/239/1 1628/239/1
f 1634/127/1 1631/127/1 1630/127/1
f 1635/127/1 1631/127/1 1634/127/1
f 1636/50/1 1633/50/1 1632/50/1
f 1637/50/1 1633/50/1 1636/50/1
f 1642/216/1 1639/216/1 1638/216/1
f 1643/216/1 1639/216/1 1642/216/1
f 1644/101/1 1641/101/1 1640/101/1
f 1645/101/1 1641/101/1 1644/101/1
f 1650/170/1 1647/170/1 1646/170/1
f 1651/170/1 1647/170/1 1650/170/1
f 1654/178/1 1649/178/1 1648/178/1
f 1655/178/1 1649/178/1 1654/178/1
f 1656/105/1 1652/105/1 1651/105/1
f 1657/105/1 1652/105/1 1656/105/1
f 1660/167/1 1654/167/1 1653/167/1
f 1661/167/1 1654/167/1 1660/167/1
f 1662/95/1 1658/95/1 1657/95/1
f 1663/95/1 1658/95/1 1662/95/1
f 1664/154/1 1660/154/1 1659/154/1
f 1665/154/1 1660/154/1 1664/154/1
f 1670/121/1 1667/121/1 1666/121/1
f 1671/121/1 1667/121/1 1670/121/1
f 1672/154/1 1669/154/1 1668/154/1
f 1673/154/1 1669/154/1 1672/154/1
f 1678/39/1 1675/39/1 1674/39/1
f 1679/39/1 1675/39/1 1678/39/1
f 1680/115/1 1677/115/1 1676/115/1
f 1681/115/1 1677/115/1 1680/115/1
f 1686/206/1 1683/206/1 1682/206/1
f 1687/206/1 1683/206/1 1686/206/1
f 1688/235/1 1685/235/1 1684/235/1
f 1689/235/1 1685/235/1 1688/235/1
f 1694/97/1 1691/97/1 1690/97/1
f 1695/97/1 1691/97/1 1694/97/1
f 1696/176/1 1693/176/1 1692/176/1
f 1697/176/1 1693/176/1 1696/176/1
f 1702/148/1 1699/148/1 1698/148/1
f 1703/148/1 1699/148/1 1702/148/1
f 1704/169/1 1701/169/1 1700/169/1
f 1705/169/1 1701/169/1 1704/169/1
f 1706/161/2 1707/161/2 1710/161/2
f 1710/161/2 1707/161/2 1711/161/2
f 1708/165/2 1709/165/2 1712/165/2
f 1712/165/2 1709/165/2 1713/165/2
f 1714/207/2 1715/207/2 1718/207/2
f 1718/207/2 1715/207/2 1719/207/2
f 1716/221/2 1717/221/2 1720/221/2
f 1720/221/2 1717/221/2 1721/221/2
f 1722/125/2 1723/125/2 1726/125/2
f 1726/125/2 1723/125/2 1727/125/2
f 1724/42/2 1725/42/2 1728/42/2
f 1728/42/2 1725/42/2 1729/42/2
f 1730/34/2 1731/34/2 1734/34/2
f 1734/34/2 1731/34/2 1735/34/2
f 1732/23/2 1733/23/2 1736/23/2
f 1736/23/2 1733/23/2 1737/23/2
f 1738/192/2 1739/192/2 1742/192/2
f 1742/192/2 1739/192/2 1743/192/2
f 1740/1/2 1741/1/2 1744/1/2
f 1744/1/2 1741/1/2 1745/1/2
f 1746/234/2 1747/234/2 1751/234/2
f 1751/234/2 1747/234/2 1752/234/2
f 1748/229/2 1749/229/2 1753/229/2
f 1753/229/2 1749/229/2 1754/229/2
f 1750/147/2 1751/147/2 1757/147/2
f 1757/147/2 1751/147/2 1758/147/2
f 1754/11/2 1755/11/2 1759/11/2
f 1759/11/2 1755/11/2 1760/11/2
f 1756/99/2 1757/99/2 1762/99/2
f 1762/99/2 1757/99/2 1763/99/2
f 1760/54/2 1761/54/2 1764/54/2
f 1764/54/2 1761/54/2 1765/54/2
f 1766/144/2 1767/144/2 1770/144/2
f 1770/144/2 1767/144/2 1771/144/2
f 1768/248/2 1769/248/2 1772/248/2
f 1772/248/2 1769/248/2 1773/248/2
f 1774/78/2 1775/78/2 1778/78/2
f 1778/78/2 1775/78/2 1779/78/2
f 1776/15/2 1777/15/2 1780/15/2
f 1780/15/2 1777/15/2 1781/15/2
f 1782/62/2 1783/62/2 1786/62/2
f 1786/62/2 1783/62/2 1787/62/2
f 1784/152/2 1785/152/2 1790/152/2
f 1790/152/2 1785/152/2 1791/152/2
f 1787/31/2 1788/31/2 1792/31/2
f 1792/31/2 1788/31/2 1793/31/2
f 1789/155/2 1790/155/2 1796/155/2
f 1796/155/2 1790/155/2 1797/155/2
f 1793/127/2 1794/127/2 1798/127/2
f 1798/127/2 1794/127/2 1799/127/2
f 1795/231/2 1796/231/2 1800/231/2
f 1800/231/2 1796/231/2 1801/231/2
f 1802/173/2 1803/173/2 1806/173/2
f 1806/173/2 1803/173/2 1807/173/2
f 1804/26/2 1805/26/2 1808/26/2
f 1808/26/2 1805/26/2 1809/26/2
f 1810/254/2 1811/254/2 1814/254/2
f 1814/254/2 1811/254/2 1815/254/2
f 1812/22/2 1813/22/2 1816/22/2
f 1816/22/2 1813/22/2 1817/22/2
f 1818/219/2 1819/219/2 1822/219/2
f 1822/219/2 1819/219/2 1823/219/2
f 1820/135/2 1821/135/2 1824/135/2
f 1824/135/2 1821/135/2 1825/135/2
f 1826/201/2 1827/201/2 1830/201/2
f 1830/201/2 1827/201/2 1831/201/2
f 1828/183/2 1829/183/2 1832/183/2
f 1832/183/2 1829/183/2 1833/183/2
f 1834/3/2 1835/3/2 1838/3/2
f 1838/3/2 1835/3/2 1839/3/2
f 1836/159/2 1837/159/2 1840/159/2
f 1840/159/2 1837/159/2 1841/159/2
f 1842/74/2 1843/74/2 1849/74/2
f 1843/27/2 1844/27/2 1850/27/2
f 1849/74/2 1843/74/2 1850/74/2
f 1844/106/2 1845/106/2 1851/106/2
f 1850/27/2 1844/27/2 1851/27/2
f 1845/71/2 1846/71/2 1852/71/2
f 1851/106/2 1845/106/2 1852/106/2
f 1852/71/2 1846/71/2 1853/71/2
f 1847/197/2 1848/197/2 1858/197/2
f 1858/197/2 1848/197/2 1859/197/2
f 1854/238/2 1855/238/2 1860/238/2
f 1860/238/2 1855/238/2 1861/238/2
f 1856/159/2 1857/159/2 1864/159/2
f 1864/159/2 1857/159/2 1865/159/2
f 1862/154/2 1863/154/2 1866/154/2
f 1866/154/2 1863/154/2 1867/154/2
f 1868/73/2 1869/73/2 1872/73/2
f 1872/73/2 1869/73/2 1873/73/2
f 1870/115/2 1871/115/2 1874/115/2
f 1874/115/2 1871/115/2 1875/115/2
f 1876/210/2 1877/210/2 1880/210/2
f 1880/210/2 1877/210/2 1881/210/2
f 1878/6/2 1879/6/2 1882/6/2
f 1882/6/2 1879/6/2 1883/6/2
f 1884/91/2 1885/91/2 1888/91/2
f 1888/91/2 1885/91/2 1889/91/2
f 1886/127/2 1887/127/2 1890/127/2
f 1890/127/2 1887/127/2 1891/127/2
f 1888/155/2 1889/155/2 1892/155/2
f 1892/155/2 1889/155/2 1893/155/2
f 1890/23/2 1891/23/2 1894/23/2
f 1894/23/2 1891/23/2 1895/23/2
f 1892/66/2 1893/66/2 1896/66/2
f 1896/66/2 1893/66/2 1897/66/2
f 1894/198/2 1895/198/2 1898/198/2
f 1898/198/2 1895/198/2 1899/198/2
f 1896/228/2 1897/228/2 1900/228/2
f 1900/228/2 1897/228/2 1901/228/2
f 1898/225/2 1899/225/2 1902/225/2
f 1902/225/2 1899/225/2 1903/225/2
f 1904/19/2 1905/19/2 1908/19/2
f 1908/19/2 1905/19/2 1909/19/2
f 1906/121/2 1907/121/2 1910/121/2
f 1910/121/2 1907/121/2 1911/121/2
f 1912/211/2 1913/211/2 1916/211/2
f 1916/211/2 1913/211/2 1917/211/2
f 1914/201/2 1915/201/2 1918/201/2
f 1918/201/2 1915/201/2 1919/201/2
f 1920/42/2 1921/42/2 1924/42/2
f 1924/42/2 1921/42/2 1925/42/2
f 1922/214/2 1923/214/2 1930/214/2
f 1930/214/2 1923/214/2 1931/214/2
f 1926/33/2 1927/33/2 1932/33/2
f 1932/33/2 1927/33/2 1933/33/2
f 1928/23/2 1929/23/2 1939/23/2
f 1939/23/2 1929/23/2 1940/23/2
f 1934/238/2 1935/238/2 1941/238/2
f 1935/43/2 1936/43/2 1942/43/2
f 1941/238/2 1935/238/2 1942/238/2
f 1936/72/2 1937/72/2 1943/72/2
f 1942/43/2 1936/43/2 1943/43/2
f 1937/93/2 1938/93/2 1944/93/2
f 1943/72/2 1937/72/2 1944/72/2
f 1944/93/2 1938/93/2 1945/93/2
f 1946/4/2 1947/4/2 1952/4/2
f 1952/4/2 1947/4/2 1953/4/2
f 1948/43/2 1949/43/2 1954/43/2
f 1954/43/2 1949/43/2 1955/43/2
f 1950/151/2 1951/151/2 1960/151/2
f 1960/151/2 1951/151/2 1961/151/2
f 1956/94/2 1957/94/2 1962/94/2
f 1962/94/2 1957/94/2 1963/94/2
f 1958/172/2 1959/172/2 1967/172/2
f 1967/172/2 1959/172/2 1968/172/2
f 1964/100/2 1965/100/2 1969/100/2
f 1969/100/2 1965/100/2 1970/100/2
f 1966/215/2 1967/215/2 1973/215/2
f 1973/215/2 1967/215/2 1974/215/2
f 1970/195/2 1971/195/2 1975/195/2
f 1975/195/2 1971/195/2 1976/195/2
f 1972/24/2 1973/24/2 1979/24/2
f 1979/24/2 1973/24/2 1980/24/2
f 1976/238/2 1977/238/2 1981/238/2
f 1981/238/2 1977/238/2 1982/238/2
f 1978/9/2 1979/9/2 1984/9/2
f 1984/9/2 1979/9/2 1985/9/2
f 1982/169/2 1983/169/2 1986/169/2
f 1986/169/2 1983/169/2 1987/169/2
f 1988/60/2 1989/60/2 1992/60/2
f 1992/60/2 1989/60/2 1993/60/2
f 1990/250/2 1991/250/2 1994/250/2
f 1994/250/2 1991/250/2 1995/250/2
f 1996/41/2 1997/41/2 2000/41/2
f 2000/41/2 1997/41/2 2001/41/2
f 1998/109/2 1999/109/2 2002/109/2
f 2002/109/2 1999/109/2 2003/109/2
f 2004/222/2 2005/222/2 2008/222/2
f 2008/222/2 2005/222/2 2009/222/2
f 2006/147/2 2007/147/2 2010/147/2
f 2010/147/2 2007/147/2 2011/147/2
f 2012/148/2 2013/148/2 2016/148/2
f 2016/148/2 2013/148/2 2017/148/2
f 2014/69/2 2015/69/2 2018/69/2
f 2018/69/2 2015/69/2 2019/69/2
f 2020/89/2 2021/89/2 2024/89/2
f 2024/89/2 2021/89/2 2025/89/2
f 2022/16/2 2023/16/2 2028/16/2
f 2028/16/2 2023/16/2 2029/16/2
f 2025/241/2 2026/241/2 2030/241/2
f 2030/241/2 2026/241/2 2031/241/2
f 2027/18/2 2028/18/2 2034/18/2
f 2034/18/2 2028/18/2 2035/18/2
f 2031/124/2 2032/124/2 2036/124/2
f 2036/124/2 2032/124/2 2037/124/2
f 2033/33/2 2034/33/2 2040/33/2
f 2040/33/2 2034/33/2 2041/33/2
f 2037/204/2 2038/204/2 2042/204/2
f 2042/204/2 2038/204/2 2043/204/2
f 2039/152/2 2040/152/2 2048/152/2
f 2048/152/2 2040/152/2 2049/152/2
f 2044/46/2 2045/46/2 2050/46/2
f 2050/46/2 2045/46/2 2051/46/2
f 2046/45/2 2047/45/2 2056/45/2
f 2056/45/2 2047/45/2 2057/45/2
f 2052/106/2 2053/106/2 2058/106/2
f 2058/106/2 2053/106/2 2059/106/2
f 2054/220/2 2055/220/2 2060/220/2
f 2060/220/2 2055/220/2 2061/220/2
f 2062/203/2 2063/203/2 2072/203/2
f 2063/12/2 2064/12/2 2073/12/2
f 2072/203/2 2063/203/2 2073/203/2
f 2064/215/2 2065/215/2 2074/215/2
f 2073/12/2 2064/12/2 2074/12/2
f 2074/215/2 2065/215/2 2075/215/2
f 2066/224/2 2067/224/2 2076/224/2
f 2067/217/2 2068/217/2 2077/217/2
f 2076/224/2 2067/224/2 2077/224/2
f 2068/109/2 2069/109/2 2078/109/2
f 2077/217/2 2068/217/2 2078/217/2
f 2078/109/2 2069/109/2 2079/109/2
f 2070/51/2 2071/51/2 2084/51/2
f 2084/51/2 2071/51/2 2085/51/2
f 2080/79/2 2081/79/2 2086/79/2
f 2086/79/2 2081/79/2 2087/79/2
f 2082/34/2 2083/34/2 2090/34/2
f 2090/34/2 2083/34/2 2091/34/2
f 2088/114/2 2089/114/2 2092/114/2
f 2092/114/2 2089/114/2 2093/114/2
f 2094/156/2 2095/156/2 2098/156/2
f 2098/156/2 2095/156/2 2099/156/2
f 2096/131/2 2097/131/2 2100/131/2
f 2100/131/2 2097/131/2 2101/131/2
f 2102/173/2 2103/173/2 2106/173/2
f 2106/173/2 2103/173/2 2107/173/2
f 2104/175/2 2105/175/2 2108/175/2
f 2108/175/2 2105/175/2 2109/175/2
f 2110/177/2 2111/177/2 2114/177/2
f 2114/177/2 2111/177/2 2115/177/2
f 2112/161/2 2113/161/2 2116/161/2
f 2116/161/2 2113/161/2 2117/161/2
f 2114/8/2 2115/8/2 2118/8/2
f 2118/8/2 2115/8/2 2119/8/2
f 2116/215/2 2117/215/2 2120/215/2
f 2120/215/2 2117/215/2 2121/215/2
f 2118/180/2 2119/180/2 2122/180/2
f 2122/180/2 2119/180/2 2123/180/2
f 2120/231/2 2121/231/2 2124/231/2
f 2124/231/2 2121/231/2 2125/231/2
f 2126/130/2 2127/130/2 2130/130/2
f 2130/130/2 2127/130/2 2131/130/2
f 2128/79/2 2129/79/2 2132/79/2
f 2132/79/2 2129/79/2 2133/79/2
f 2130/32/2 2131/32/2 2134/32/2
f 2134/32/2 2131/32/2 2135/32/2
f 2132/114/2 2133/114/2 2136/114/2
f 2136/114/2 2133/114/2 2137/114/2
f 2134/16/2 2135/16/2 2138/16/2
f 2138/16/2 2135/16/2 2139/16/2
f 2136/167/2 2137/167/2 2140/167/2
f 2140/167/2 2137/167/2 2141/167/2
f 2142/87/2 2143/87/2 2146/87/2
f 2146/87/2 2143/87/2 2147/87/2
f 2144/242/2 2145/242/2 2148/242/2
f 2148/242/2 2145/242/2 2149/242/2
f 2150/25/2 2151/25/2 2154/25/2
f 2154/25/2 2151/25/2 2155/25/2
f 2152/241/2 2153/241/2 2156/241/2
f 2156/241/2 2153/241/2 2157/241/2
f 2158/18/2 2159/18/2 2162/18/2
f 2162/18/2 2159/18/2 2163/18/2
f 2160/246/2 2161/246/2 2168/246/2
f 2168/246/2 2161/246/2 2169/246/2
f 2164/58/2 2165/58/2 2170/58/2
f 2170/58/2 2165/58/2 2171/58/2
f 2166/185/2 2167/185/2 2180/185/2
f 2180/185/2 2167/185/2 2181/185/2
f 2172/86/2 2173/86/2 2182/86/2
f 2173/147/2 2174/147/2 2183/147/2
f 2182/86/2 2173/86/2 2183/86/2
f 2174/96/2 2175/96/2 2184/96/2
f 2183/147/2 2174/147/2 2184/147/2
f 2184/96/2 2175/96/2 2185/96/2
f 2176/131/2 2177/131/2 2186/131/2
f 2177/199/2 2178/199/2 2187/199/2
f 2186/131/2 2177/131/2 2187/131/2
f 2178/240/2 2179/240/2 2188/240/2
f 2187/199/2 2178/199/2 2188/199/2
f 2188/240/2 2179/240/2 2189/240/2
f 2190/130/2 2191/130/2 2195/130/2
f 2191/61/2 2192/61/2 2196/61/2
f 2195/130/2 2191/130/2 2196/130/2
f 2196/61/2 2192/61/2 2197/61/2
f 2193/64/2 2194/64/2 2202/64/2
f 2202/64/2 2194/64/2 2203/64/2
f 2198/118/2 2199/118/2 2204/118/2
f 2204/118/2 2199/118/2 2205/118/2
f 2200/125/2 2201/125/2 2210/125/2
f 2210/125/2 2201/125/2 2211/125/2
f 2206/47/2 2207/47/2 2212/47/2
f 2212/47/2 2207/47/2 2213/47/2
f 2208/212/2 2209/212/2 2217/212/2
f 2217/212/2 2209/212/2 2218/212/2
f 2214/213/2 2215/213/2 2219/213/2
f 2219/213/2 2215/213/2 2220/213/2
f 2216/160/2 2217/160/2 2223/160/2
f 2223/160/2 2217/160/2 2224/160/2
f 2220/211/2 2221/211/2 2225/211/2
f 2225/211/2 2221/211/2 2226/211/2
f 2222/171/2 2223/171/2 2228/171/2
f 2228/171/2 2223/171/2 2229/171/2
f 2226/52/2 2227/52/2 2230/52/2
f 2230/52/2 2227/52/2 2231/52/2
f 2232/137/2 2233/137/2 2236/137/2
f 2236/137/2 2233/137/2 2237/137/2
f 2234/11/2 2235/11/2 2238/11/2
f 2238/11/2 2235/11/2 2239/11/2
f 2240/146/2 2241/146/2 2244/146/2
f 2244/146/2 2241/146/2 2245/146/2
f 2242/65/2 2243/65/2 2246/65/2
f 2246/65/2 2243/65/2 2247/65/2
f 2248/19/2 2249/19/2 2252/19/2
f 2252/19/2 2249/19/2 2253/19/2
f 2250/53/2 2251/53/2 2254/53/2
f 2254/53/2 2251/53/2 2255/53/2
f 2252/56/2 2253/56/2 2256/56/2
f 2256/56/2 2253/56/2 2257/56/2
f 2254/143/2 2255/143/2 2258/143/2
f 2258/143/2 2255/143/2 2259/143/2
f 2260/47/2 2261/47/2 2264/47/2
f 2264/47/2 2261/47/2 2265/47/2
f 2262/123/2 2263/123/2 2266/123/2
f 2266/123/2 2263/123/2 2267/123/2
f 2268/236/2 2269/236/2 2272/236/2
f 2272/236/2 2269/236/2 2273/236/2
f 2270/119/2 2271/119/2 2274/119/2
f 2274/119/2 2271/119/2 2275/119/2
f 2276/14/2 2277/14/2 2280/14/2
f 2280/14/2 2277/14/2 2281/14/2
f 2278/64/2 2279/64/2 2284/64/2
f 2284/64/2 2279/64/2 2285/64/2
f 2281/164/2 2282/164/2 2286/164/2
f 2286/164/2 2282/164/2 2287/164/2
f 2283/178/2 2284/178/2 2290/178/2
f 2290/178/2 2284/178/2 2291/178/2
f 2287/42/2 2288/42/2 2292/42/2
f 2292/42/2 2288/42/2 2293/42/2
f 2289/255/2 2290/255/2 2298/255/2
f 2298/255/2 2290/255/2 2299/255/2
f 2294/243/2 2295/243/2 2300/243/2
f 2300/243/2 2295/243/2 2301/243/2
f 2296/46/2 2297/46/2 2306/46/2
f 2306/46/2 2297/46/2 2307/46/2
f 2302/198/2 2303/198/2 2308/198/2
f 2308/198/2 2303/198/2 2309/198/2
f 2304/27/2 2305/27/2 2313/27/2
f 2313/27/2 2305/27/2 2314/27/2
f 2310/17/2 2311/17/2 2315/17/2
f 2311/146/2 2312/146/2 2316/146/2
f 2315/17/2 2311/17/2 2316/17/2
f 2316/146/2 2312/146/2 2317/146/2
f 2318/99/2 2319/99/2 2329/99/2
f 2319/4/2 2320/4/2 2330/4/2
f 2329/99/2 2319/99/2 2330/99/2
f 2320/232/2 2321/232/2 2331/232/2
f 2330/4/2 2320/4/2 2331/4/2
f 2321/61/2 2322/61/2 2332/61/2
f 2331/232/2 2321/232/2 2332/232/2
f 2322/203/2 2323/203/2 2333/203/2
f 2332/61/2 2322/61/2 2333/61/2
f 2323/193/2 2324/193/2 2334/193/2
f 2333/203/2 2323/203/2 2334/203/2
f 2324/67/2 2325/67/2 2335/67/2
f 2334/193/2 2324/193/2 2335/193/2
f 2325/42/2 2326/42/2 2336/42/2
f 2335/67/2 2325/67/2 2336/67/2
f 2336/42/2 2326/42/2 2337/42/2
f 2327/246/2 2328/246/2 2342/246/2
f 2342/246/2 2328/246/2 2343/246/2
f 2338/99/2 2339/99/2 2344/99/2
f 2344/99/2 2339/99/2 2345/99/2
f 2340/218/2 2341/218/2 2349/218/2
f 2349/218/2 2341/218/2 2350/218/2
f 2346/252/2 2347/252/2 2351/252/2
f 2351/252/2 2347/252/2 2352/252/2
f 2348/20/2 2349/20/2 2355/20/2
f 2355/20/2 2349/20/2 2356/20/2
f 2352/41/2 2353/41/2 2357/41/2
f 2357/41/2 2353/41/2 2358/41/2
f 2354/177/2 2355/177/2 2361/177/2
f 2361/177/2 2355/177/2 2362/177/2
f 2358/142/2 2359/142/2 2363/142/2
f 2363/142/2 2359/142/2 2364/142/2
f 2360/84/2 2361/84/2 2366/84/2
f 2366/84/2 2361/84/2 2367/84/2
f 2364/21/2 2365/21/2 2368/21/2
f 2368/21/2 2365/21/2 2369/21/2
f 2370/24/2 2371/24/2 2374/24/2
f 2374/24/2 2371/24/2 2375/24/2
f 2372/121/2 2373/121/2 2376/121/2
f 2376/121/2 2373/121/2 2377/121/2
f 2378/117/2 2379/117/2 2382/117/2
f 2382/117/2 2379/117/2 2383/117/2
f 2380/33/2 2381/33/2 2384/33/2
f 2384/33/2 2381/33/2 2385/33/2
f 2382/65/2 2383/65/2 2386/65/2
f 2386/65/2 2383/65/2 2387/65/2
f 2384/178/2 2385/178/2 2388/178/2
f 2388/178/2 2385/178/2 2389/178/2
f 2386/198/2 2387/198/2 2390/198/2
f 2390/198/2 2387/198/2 2391/198/2
f 2388/9/2 2389/9/2 2392/9/2
f 2392/9/2 2389/9/2 2393/9/2
f 2390/88/2 2391/88/2 2394/88/2
f 2394/88/2 2391/88/2 2395/88/2
f 2392/119/2 2393/119/2 2396/119/2
f 2396/119/2 2393/119/2 2397/119/2
f 2394/163/2 2395/163/2 2398/163/2
f 2398/163/2 2395/163/2 2399/163/2
f 2396/99/2 2397/99/2 2400/99/2
f 2400/99/2 2397/99/2 2401/99/2
f 2398/17/2 2399/17/2 2402/17/2
f 2402/17/2 2399/17/2 2403/17/2
f 2400/240/2 2401/240/2 2404/240/2
f 2404/240/2 2401/240/2 2405/240/2
f 2402/187/2 2403/187/2 2406/187/2
f 2406/187/2 2403/187/2 2407/187/2
f 2404/108/2 2405/108/2 2408/108/2
f 2408/108/2 2405/108/2 2409/108/2
f 2406/63/2 2407/63/2 2410/63/2
f 2410/63/2 2407/63/2 2411/63/2
f 2408/129/2 2409/129/2 2412/129/2
f 2412/129/2 2409/129/2 2413/129/2
f 2414/88/2 2415/88/2 2418/88/2
f 2418/88/2 2415/88/2 2419/88/2
f 2416/164/2 2417/164/2 2420/164/2
f 2420/164/2 2417/164/2 2421/164/2
f 2422/252/2 2423/252/2 2426/252/2
f 2426/252/2 2423/252/2 2427/252/2
f 2424/96/2 2425/96/2 2430/96/2
f 2430/96/2 2425/96/2 2431/96/2
f 2427/249/2 2428/249/2 2432/249/2
f 2432/249/2 2428/249/2 2433/249/2
f 2429/127/2 2430/127/2 2436/127/2
f 2436/127/2 2430/127/2 2437/127/2
f 2433/56/2 2434/56/2 2438/56/2
f 2438/56/2 2434/56/2 2439/56/2
f 2435/197/2 2436/197/2 2442/197/2
f 2442/197/2 2436/197/2 2443/197/2
f 2439/14/2 2440/14/2 2444/14/2
f 2444/14/2 2440/14/2 2445/14/2
f 2441/92/2 2442/92/2 2450/92/2
f 2450/92/2 2442/92/2 2451/92/2
f 2446/43/2 2447/43/2 2452/43/2
f 2452/43/2 2447/43/2 2453/43/2
f 2448/67/2 2449/67/2 2463/67/2
f 2463/67/2 2449/67/2 2464/67/2
f 2454/46/2 2455/46/2 2465/46/2
f 2455/244/2 2456/244/2 2466/244/2
f 2465/46/2 2455/46/2 2466/46/2
f 2456/239/2 2457/239/2 2467/239/2
f 2466/244/2 2456/244/2 2467/244/2
f 2457/108/2 2458/108/2 2468/108/2
f 2467/239/2 2457/239/2 2468/239/2
f 2458/14/2 2459/14/2 2469/14/2
f 2468/108/2 2458/108/2 2469/108/2
f 2459/230/2 2460/230/2 2470/230/2
f 2469/14/2 2459/14/2 2470/14/2
f 2460/63/2 2461/63/2 2471/63/2
f 2470/230/2 2460/230/2 2471/230/2
f 2461/172/2 2462/172/2 2472/172/2
f 2471/63/2 2461/63/2 2472/63/2
f 2472/172/2 2462/172/2 2473/172/2
f 2474/115/2 2475/115/2 2484/115/2
f 2475/101/2 2476/101/2 2485/101/2
f 2484/115/2 2475/115/2 2485/115/2
f 2476/206/2 2477/206/2 2486/206/2
f 2485/101/2 2476/101/2 2486/101/2
f 2486/206/2 2477/206/2 2487/206/2
f 2478/202/2 2479/202/2 2488/202/2
f 2479/72/2 2480/72/2 2489/72/2
f 2488/202/2 2479/202/2 2489/202/2
f 2480/103/2 2481/103/2 2490/103/2
f 2489/72/2 2480/72/2 2490/72/2
f 2490/103/2 2481/103/2 2491/103/2
f 2482/244/2 2483/244/2 2495/244/2
f 2483/248/2 2484/248/2 2496/248/2
f 2495/244/2 2483/244/2 2496/244/2
f 2496/248/2 2484/248/2 2497/248/2
f 2491/240/2 2492/240/2 2498/240/2
f 2492/48/2 2493/48/2 2499/48/2
f 2498/240/2 2492/240/2 2499/240/2
f 2499/48/2 2493/48/2 2500/48/2
f 2494/234/2 2495/234/2 2503/234/2
f 2503/234/2 2495/234/2 2504/234/2
f 2500/215/2 2501/215/2 2505/215/2
f 2505/215/2 2501/215/2 2506/215/2
f 2502/27/2 2503/27/2 2509/27/2
f 2509/27/2 2503/27/2 2510/27/2
f 2506/143/2 2507/143/2 2511/143/2
f 2511/143/2 2507/143/2 2512/143/2
f 2508/97/2 2509/97/2 2515/97/2
f 2515/97/2 2509/97/2 2516/97/2
f 2512/244/2 2513/244/2 2517/244/2
f 2517/244/2 2513/244/2 2518/244/2
f 2514/92/2 2515/92/2 2520/92/2
f 2520/92/2 2515/92/2 2521/92/2
f 2518/242/2 2519/242/2 2522/242/2
f 2522/242/2 2519/242/2 2523/242/2
f 2520/251/2 2521/251/2 2525/251/2
f 2525/251/2 2521/251/2 2526/251/2
f 2522/198/2 2523/198/2 2527/198/2
f 2527/198/2 2523/198/2 2528/198/2
f 2524/84/2 2525/84/2 2530/84/2
f 2530/84/2 2525/84/2 2531/84/2
f 2528/151/2 2529/151/2 2532/151/2
f 2532/151/2 2529/151/2 2533/151/2
f 2530/229/2 2531/229/2 2534/229/2
f 2534/229/2 2531/229/2 2535/229/2
f 2532/71/2 2533/71/2 2536/71/2
f 2536/71/2 2533/71/2 2537/71/2
f 2534/216/2 2535/216/2 2538/216/2
f 2538/216/2 2535/216/2 2539/216/2
f 2536/10/2 2537/10/2 2540/10/2
f 2540/10/2 2537/10/2 2541/10/2
f 2542/153/2 2543/153/2 2546/153/2
f 2546/153/2 2543/153/2 2547/153/2
f 2544/211/2 2545/211/2 2548/211/2
f 2548/211/2 2545/211/2 2549/211/2
f 2546/98/2 2547/98/2 2550/98/2
f 2550/98/2 2547/98/2 2551/98/2
f 2548/173/2 2549/173/2 2552/173/2
f 2552/173/2 2549/173/2 2553/173/2
f 2550/88/2 2551/88/2 2554/88/2
f 2554/88/2 2551/88/2 2555/88/2
f 2552/117/2 2553/117/2 2558/117/2
f 2558/117/2 2553/117/2 2559/117/2
f 2555/178/2 2556/178/2 2560/178/2
f 2560/178/2 2556/178/2 2561/178/2
f 2557/100/2 2558/100/2 2562/100/2
f 2560/41/2 2561/41/2 2563/41/2
f 2563/41/2 2561/41/2 2564/41/2
f 2562/100/2 2558/100/2 2567/100/2
f 2567/100/2 2558/100/2 2568/100/2
f 2564/232/2 2565/232/2 2569/232/2
f 2569/232/2 2565/232/2 2570/232/2
f 2566/90/2 2567/90/2 2573/90/2
f 2573/90/2 2567/90/2 2574/90/2
f 2570/50/2 2571/50/2 2575/50/2
f 2575/50/2 2571/50/2 2576/50/2
f 2572/185/2 2573/185/2 2579/185/2
f 2579/185/2 2573/185/2 2580/185/2
f 2576/3/2 2577/3/2 2581/3/2
f 2581/3/2 2577/3/2 2582/3/2
f 2578/17/2 2579/17/2 2587/17/2
f 2587/17/2 2579/17/2 2588/17/2
f 2582/241/2 2583/241/2 2589/241/2
f 2583/147/2 2584/147/2 2590/147/2
f 2589/241/2 2583/241/2 2590/241/2
f 2590/147/2 2584/147/2 2591/147/2
f 2585/244/2 2586/244/2 2598/244/2
f 2586/229/2 2587/229/2 2599/229/2
f 2598/244/2 2586/244/2 2599/244/2
f 2599/229/2 2587/229/2 2600/229/2
f 2591/100/2 2592/100/2 2601/100/2
f 2592/22/2 2593/22/2 2602/22/2
f 2601/100/2 2592/100/2 2602/100/2
f 2593/52/2 2594/52/2 2603/52/2
f 2602/22/2 2593/22/2 2603/22/2
f 2603/52/2 2594/52/2 2604/52/2
f 2595/175/2 2596/175/2 2605/175/2
f 2596/152/2 2597/152/2 2606/152/2
f 2605/175/2 2596/175/2 2606/175/2
f 2597/85/2 2598/85/2 2607/85/2
f 2606/152/2 2597/152/2 2607/152/2
f 2607/85/2 2598/85/2 2608/85/2
f 2609/197/2 2610/197/2 2617/197/2
f 2610/2/2 2611/2/2 2618/2/2
f 2617/197/2 2610/197/2 2618/197/2
f 2611/95/2 2612/95/2 2619/95/2
f 2618/2/2 2611/2/2 2619/2/2
f 2612/203/2 2613/203/2 2620/203/2
f 2619/95/2 2612/95/2 2620/95/2
f 2620/203/2 2613/203/2 2621/203/2
f 2614/241/2 2615/241/2 2627/241/2
f 2615/50/2 2616/50/2 2628/50/2
f 2627/241/2 2615/241/2 2628/241/2
f 2616/202/2 2617/202/2 2629/202/2
f 2628/50/2 2616/50/2 2629/50/2
f 2629/202/2 2617/202/2 2630/202/2
f 2621/193/2 2622/193/2 2631/193/2
f 2622/136/2 2623/136/2 2632/136/2
f 2631/193/2 2622/193/2 2632/193/2
f 2623/159/2 2624/159/2 2633/159/2
f 2632/136/2 2623/136/2 2633/136/2
f 2633/159/2 2624/159/2 2634/159/2
f 2625/232/2 2626/232/2 2638/232/2
f 2626/134/2 2627/134/2 2639/134/2
f 2638/232/2 2626/232/2 2639/232/2
f 2639/134/2 2627/134/2 2640/134/2
f 2634/141/2 2635/141/2 2641/141/2
f 2635/190/2 2636/190/2 2642/190/2
f 2641/141/2 2635/141/2 2642/141/2
f 2642/190/2 2636/190/2 2643/190/2
f 2637/54/2 2638/54/2 2646/54/2
f 2646/54/2 2638/54/2 2647/54/2
f 2643/13/2 2644/13/2 2648/13/2
f 2648/13/2 2644/13/2 2649/13/2
f 2645/239/2 2646/239/2 2652/239/2
f 2652/239/2 2646/239/2 2653/239/2
f 2649/228/2 2650/228/2 2654/228/2
f 2654/228/2 2650/228/2 2655/228/2
f 2651/163/2 2652/163/2 2657/163/2
f 2657/163/2 2652/163/2 2658/163/2
f 2655/255/2 2656/255/2 2659/255/2
f 2659/255/2 2656/255/2 2660/255/2
f 2657/131/2 2658/131/2 2662/131/2
f 2662/131/2 2658/131/2 2663/131/2
f 2659/19/2 2660/19/2 2664/19/2
f 2664/19/2 2660/19/2 2665/19/2
f 2661/248/2 2662/248/2 2667/248/2
f 2667/248/2 2662/248/2 2668/248/2
f 2665/243/2 2666/243/2 2669/243/2
f 2669/243/2 2666/243/2 2670/243/2
f 2667/206/2 2668/206/2 2671/206/2
f 2671/206/2 2668/206/2 2672/206/2
f 2669/47/2 2670/47/2 2673/47/2
f 2673/47/2 2670/47/2 2674/47/2
f 2671/193/2 2672/193/2 2676/193/2
f 2676/193/2 2672/193/2 2677/193/2
f 2673/223/2 2674/223/2 2678/223/2
f 2678/223/2 2674/223/2 2679/223/2
f 2675/45/2 2676/45/2 2681/45/2
f 2681/45/2 2676/45/2 2682/45/2
f 2679/30/2 2680/30/2 2683/30/2
f 2683/30/2 2680/30/2 2684/30/2
f 2681/253/2 2682/253/2 2685/253/2
f 2685/253/2 2682/253/2 2686/253/2
f 2683/94/2 2684/94/2 2687/94/2
f 2687/94/2 2684/94/2 2688/94/2
f 2685/109/2 2686/109/2 2689/109/2
f 2689/109/2 2686/109/2 2690/109/2
f 2687/39/2 2688/39/2 2691/39/2
f 2691/39/2 2688/39/2 2692/39/2
f 2689/80/2 2690/80/2 2693/80/2
f 2693/80/2 2690/80/2 2694/80/2
f 2691/226/2 2692/226/2 2697/226/2
f 2697/226/2 2692/226/2 2698/226/2
f 2694/3/2 2695/3/2 2699/3/2
f 2699/3/2 2695/3/2 2700/3/2
f 2696/131/2 2697/131/2 2701/131/2
f 2701/131/2 2697/131/2 2702/131/2
f 2699/172/2 2700/172/2 2703/172/2
f 2703/172/2 2700/172/2 2704/172/2
f 2701/20/2 2702/20/2 2705/20/2
f 2705/20/2 2702/20/2 2706/20/2
f 2703/25/2 2704/25/2 2707/25/2
f 2707/25/2 2704/25/2 2708/25/2
f 2705/190/2 2706/190/2 2711/190/2
f 2711/190/2 2706/190/2 2712/190/2
f 2708/37/2 2709/37/2 2713/37/2
f 2713/37/2 2709/37/2 2714/37/2
f 2710/139/2 2711/139/2 2715/139/2
f 2715/139/2 2711/139/2 2716/139/2
f 2713/132/2 2714/132/2 2717/132/2
f 2717/132/2 2714/132/2 2718/132/2
f 2715/73/2 2716/73/2 2721/73/2
f 2721/73/2 2716/73/2 2722/73/2
f 2718/220/2 2719/220/2 2723/220/2
f 2723/220/2 2719/220/2 2724/220/2
f 2720/228/2 2721/228/2 2727/228/2
f 2727/228/2 2721/228/2 2728/228/2
f 2724/244/2 2725/244/2 2729/244/2
f 2729/244/2 2725/244/2 2730/244/2
f 2726/89/2 2727/89/2 2735/89/2
f 2735/89/2 2727/89/2 2736/89/2
f 2730/104/2 2731/104/2 2737/104/2
f 2731/1/2 2732/1/2 2738/1/2
f 2737/104/2 2731/104/2 2738/104/2
f 2738/1/2 2732/1/2 2739/1/2
f 2733/240/2 2734/240/2 2746/240/2
f 2734/58/2 2735/58/2 2747/58/2
f 2746/240/2 2734/240/2 2747/240/2
f 2747/58/2 2735/58/2 2748/58/2
f 2739/165/2 2740/165/2 2749/165/2
f 2740/235/2 2741/235/2 2750/235/2
f 2749/165/2 2740/165/2 2750/165/2
f 2741/187/2 2742/187/2 2751/187/2
f 2750/235/2 2741/235/2 2751/235/2
f 2751/187/2 2742/187/2 2752/187/2
f 2743/27/2 2744/27/2 2756/27/2
f 2744/6/2 2745/6/2 2757/6/2
f 2756/27/2 2744/27/2 2757/27/2
f 2745/26/2 2746/26/2 2758/26/2
f 2757/6/2 2745/6/2 2758/6/2
f 2758/26/2 2746/26/2 2759/26/2
f 2752/157/2 2753/157/2 2760/157/2
f 2753/86/2 2754/86/2 2761/86/2
f 2760/157/2 2753/157/2 2761/157/2
f 2754/28/2 2755/28/2 2762/28/2
f 2761/86/2 2754/86/2 2762/86/2
f 2755/100/2 2756/100/2 2763/100/2
f 2762/28/2 2755/28/2 2763/28/2
f 2763/100/2 2756/100/2 2764/100/2
f 2765/126/2 2766/126/2 2773/126/2
f 2766/172/2 2767/172/2 2774/172/2
f 2773/126/2 2766/126/2 2774/126/2
f 2767/184/2 2768/184/2 2775/184/2
f 2774/172/2 2767/172/2 2775/172/2
f 2768/1/2 2769/1/2 2776/1/2
f 2775/184/2 2768/184/2 2776/184/2
f 2776/1/2 2769/1/2 2777/1/2
f 2770/231/2 2771/231/2 2783/231/2
f 2771/233/2 2772/233/2 2784/233/2
f 2783/231/2 2771/231/2 2784/231/2
f 2772/24/2 2773/24/2 2785/24/2
f 2784/233/2 2772/233/2 2785/233/2
f 2785/24/2 2773/24/2 2786/24/2
f 2777/109/2 2778/109/2 2787/109/2
f 2778/172/2 2779/172/2 2788/172/2
f 2787/109/2 2778/109/2 2788/109/2
f 2779/246/2 2780/246/2 2789/246/2
f 2788/172/2 2779/172/2 2789/172/2
f 2789/246/2 2780/246/2 2790/246/2
f 2781/73/2 2782/73/2 2794/73/2
f 2782/247/2 2783/247/2 2795/247/2
f 2794/73/2 2782/73/2 2795/73/2
f 2795/247/2 2783/247/2 2796/247/2
f 2790/136/2 2791/136/2 2797/136/2
f 2791/134/2 2792/134/2 2798/134/2
f 2797/136/2 2791/136/2 2798/136/2
f 2798/134/2 2792/134/2 2799/134/2
f 2793/50/2 2794/50/2 2802/50/2
f 2794/230/2 2795/230/2 2803/230/2
f 2802/50/2 2794/50/2 2803/50/2
f 2803/230/2 2795/230/2 2804/230/2
f 2798/44/2 2799/44/2 2805/44/2
f 2799/134/2 2800/134/2 2806/134/2
f 2805/44/2 2799/44/2 2806/44/2
f 2806/134/2 2800/134/2 2807/134/2
f 2801/43/2 2802/43/2 2809/43/2
f 2802/30/2 2803/30/2 2810/30/2
f 2809/43/2 2802/43/2 2810/43/2
f 2810/30/2 2803/30/2 2811/30/2
f 2806/31/2 2807/31/2 2812/31/2
f 2807/251/2 2808/251/2 2813/251/2
f 2812/31/2 2807/31/2 2813/31/2
f 2813/251/2 2808/251/2 2814/251/2
f 2809/2/2 2810/2/2 2816/2/2
f 2816/2/2 2810/2/2 2817/2/2
f 2813/184/2 2814/184/2 2818/184/2
f 2818/184/2 2814/184/2 2819/184/2
f 2815/29/2 2816/29/2 2821/29/2
f 2821/29/2 2816/29/2 2822/29/2
f 2819/223/2 2820/223/2 2823/223/2
f 2823/223/2 2820/223/2 2824/223/2
f 2821/248/2 2822/248/2 2825/248/2
f 2825/248/2 2822/248/2 2826/248/2
f 2823/157/2 2824/157/2 2827/157/2
f 2827/157/2 2824/157/2 2828/157/2
f 2825/165/2 2826/165/2 2830/165/2
f 2830/165/2 2826/165/2 2831/165/2
f 2827/197/2 2828/197/2 2832/197/2
f 2832/197/2 2828/197/2 2833/197/2
f 2829/65/2 2830/65/2 2835/65/2
f 2835/65/2 2830/65/2 2836/65/2
f 2833/21/2 2834/21/2 2837/21/2
f 2837/21/2 2834/21/2 2838/21/2
f 2835/4/2 2836/4/2 2839/4/2
f 2839/4/2 2836/4/2 2840/4/2
f 2837/247/2 2838/247/2 2841/247/2
f 2841/247/2 2838/247/2 2842/247/2
f 2839/182/2 2840/182/2 2843/182/2
f 2843/182/2 2840/182/2 2844/182/2
f 2841/73/2 2842/73/2 2845/73/2
f 2845/73/2 2842/73/2 2846/73/2
f 2843/190/2 2844/190/2 2847/190/2
f 2847/190/2 2844/190/2 2848/190/2
f 2845/242/2 2846/242/2 2851/242/2
f 2851/242/2 2846/242/2 2852/242/2
f 2848/152/2 2849/152/2 2853/152/2
f 2853/152/2 2849/152/2 2854/152/2
f 2850/219/2 2851/219/2 2855/219/2
f 2855/219/2 2851/219/2 2856/219/2
f 2853/96/2 2854/96/2 2857/96/2
f 2857/96/2 2854/96/2 2858/96/2
f 2855/230/2 2856/230/2 2859/230/2
f 2859/230/2 2856/230/2 2860/230/2
f 2857/148/2 2858/148/2 2861/148/2
f 2861/148/2 2858/148/2 2862/148/2
f 2859/103/2 2860/103/2 2865/103/2
f 2865/103/2 2860/103/2 2866/103/2
f 2862/51/2 2863/51/2 2867/51/2
f 2867/51/2 2863/51/2 2868/51/2
f 2864/169/2 2865/169/2 2871/169/2
f 2871/169/2 2865/169/2 2872/169/2
f 2867/63/2 2868/63/2 2873/63/2
f 2868/186/2 2869/186/2 2874/186/2
f 2873/63/2 2868/63/2 2874/63/2
f 2874/186/2 2869/186/2 2875/186/2
f 2870/240/2 2871/240/2 2878/240/2
f 2871/174/2 2872/174/2 2879/174/2
f 2878/240/2 2871/240/2 2879/240/2
f 2879/174/2 2872/174/2 2880/174/2
f 2874/78/2 2875/78/2 2881/78/2
f 2875/20/2 2876/20/2 2882/20/2
f 2881/78/2 2875/78/2 2882/78/2
f 2882/20/2 2876/20/2 2883/20/2
f 2877/54/2 2878/54/2 2886/54/2
f 2878/115/2 2879/115/2 2887/115/2
f 2886/54/2 2878/54/2 2887/54/2
f 2887/115/2 2879/115/2 2888/115/2
f 2882/90/2 2883/90/2 2889/90/2
f 2883/82/2 2884/82/2 2890/82/2
f 2889/90/2 2883/90/2 2890/90/2
f 2890/82/2 2884/82/2 2891/82/2
f 2885/189/2 2886/189/2 2898/189/2
f 2886/239/2 2887/239/2 2899/239/2
f 2898/189/2 2886/189/2 2899/189/2
f 2899/239/2 2887/239/2 2900/239/2
f 2891/67/2 2892/67/2 2901/67/2
f 2892/99/2 2893/99/2 2902/99/2
f 2901/67/2 2892/67/2 2902/67/2
f 2893/181/2 2894/181/2 2903/181/2
f 2902/99/2 2893/99/2 2903/99/2
f 2903/181/2 2894/181/2 2904/181/2
f 2895/4/2 2896/4/2 2908/4/2
f 2896/202/2 2897/202/2 2909/202/2
f 2908/4/2 2896/4/2 2909/4/2
f 2897/20/2 2898/20/2 2910/20/2
f 2909/202/2 2897/202/2 2910/202/2
f 2910/20/2 2898/20/2 2911/20/2
f 2904/14/2 2905/14/2 2912/14/2
f 2905/81/2 2906/81/2 2913/81/2
f 2912/14/2 2905/14/2 2913/14/2
f 2906/52/2 2907/52/2 2914/52/2
f 2913/81/2 2906/81/2 2914/81/2
f 2907/149/2 2908/149/2 2915/149/2
f 2914/52/2 2907/52/2 2915/52/2
f 2915/149/2 2908/149/2 2916/149/2
f 2917/190/2 2918/190/2 2925/190/2
f 2918/80/2 2919/80/2 2926/80/2
f 2925/190/2 2918/190/2 2926/190/2
f 2919/155/2 2920/155/2 2927/155/2
f 2926/80/2 2919/80/2 2927/80/2
f 2920/140/2 2921/140/2 2928/140/2
f 2927/155/2 2920/155/2 2928/155/2
f 2928/140/2 2921/140/2 2929/140/2
f 2922/129/2 2923/129/2 2934/129/2
f 2923/77/2 2924/77/2 2935/77/2
f 2934/129/2 2923/129/2 2935/129/2
f 2924/90/2 2925/90/2 2936/90/2
f 2935/77/2 2924/77/2 2936/77/2
f 2925/152/2 2926/152/2 2937/152/2
f 2936/90/2 2925/90/2 2937/90/2
f 2926/225/2 2927/225/2 2938/225/2
f 2937/152/2 2926/152/2 2938/152/2
f 2927/180/2 2928/180/2 2939/180/2
f 2938/225/2 2927/225/2 2939/225/2
f 2928/74/2 2929/74/2 2940/74/2
f 2939/180/2 2928/180/2 2940/180/2
f 2929/197/2 2930/197/2 2941/197/2
f 2940/74/2 2929/74/2 2941/74/2
f 2930/34/2 2931/34/2 2942/34/2
f 2941/197/2 2930/197/2 2942/197/2
f 2931/207/2 2932/207/2 2943/207/2
f 2942/34/2 2931/34/2 2943/34/2
f 2943/207/2 2932/207/2 2944/207/2
f 2933/137/2 2934/137/2 2947/137/2
f 2934/3/2 2935/3/2 2948/3/2
f 2947/137/2 2934/137/2 2948/137/2
f 2948/3/2 2935/3/2 2949/3/2
f 2943/2/2 2944/2/2 2950/2/2
f 2944/98/2 2945/98/2 2951/98/2
f 2950/2/2 2944/2/2 2951/2/2
f 2951/98/2 2945/98/2 2952/98/2
f 2946/33/2 2947/33/2 2955/33/2
f 2947/146/2 2948/146/2 2956/146/2
f 2955/33/2 2947/33/2 2956/33/2
f 2956/146/2 2948/146/2 2957/146/2
f 2951/251/2 2952/251/2 2958/251/2
f 2952/35/2 2953/35/2 2959/35/2
f 2958/251/2 2952/251/2 2959/251/2
f 2959/35/2 2953/35/2 2960/35/2
f 2954/81/2 2955/81/2 2963/81/2
f 2955/92/2 2956/92/2 2964/92/2
f 2963/81/2 2955/81/2 2964/81/2
f 2964/92/2 2956/92/2 2965/92/2
f 2959/226/2 2960/226/2 2966/226/2
f 2960/21/2 2961/21/2 2967/21/2
f 2966/226/2 2960/226/2 2967/226/2
f 2967/21/2 2961/21/2 2968/21/2
f 2962/183/2 2963/183/2 2970/183/2
f 2963/130/2 2964/130/2 2971/130/2
f 2970/183/2 2963/183/2 2971/183/2
f 2971/130/2 2964/130/2 2972/130/2
f 2967/197/2 2968/197/2 2973/197/2
f 2968/180/2 2969/180/2 2974/180/2
f 2973/197/2 2968/197/2 2974/197/2
f 2974/180/2 2969/180/2 2975/180/2
f 2970/71/2 2971/71/2 2976/71/2
f 2976/71/2 2971/71/2 2977/71/2
f 2974/85/2 2975/85/2 2978/85/2
f 2978/85/2 2975/85/2 2979/85/2
f 2976/98/2 2977/98/2 2981/98/2
f 2981/98/2 2977/98/2 2982/98/2
f 2978/145/2 2979/145/2 2983/145/2
f 2983/145/2 2979/145/2 2984/145/2
f 2980/45/2 2981/45/2 2986/45/2
f 2981/24/2 2982/24/2 2987/24/2
f 2986/45/2 2981/45/2 2987/45/2
f 2987/24/2 2982/24/2 2988/24/2
f 2983/150/2 2984/150/2 2989/150/2
f 2984/67/2 2985/67/2 2990/67/2
f 2989/150/2 2984/150/2 2990/150/2
f 2990/67/2 2985/67/2 2991/67/2
f 2986/221/2 2987/221/2 2992/221/2
f 2987/79/2 2988/79/2 2993/79/2
f 2992/221/2 2987/221/2 2993/221/2
f 2993/79/2 2988/79/2 2994/79/2
f 2989/95/2 2990/95/2 2995/95/2
f 2990/87/2 2991/87/2 2996/87/2
f 2995/95/2 2990/95/2 2996/95/2
f 2996/87/2 2991/87/2 2997/87/2
f 2992/201/2 2993/201/2 2998/201/2
f 2993/16/2 2994/16/2 2999/16/2
f 2998/201/2 2993/201/2 2999/201/2
f 2999/16/2 2994/16/2 3000/16/2
f 2995/127/2 2996/127/2 3001/127/2
f 2996/198/2 2997/198/2 3002/198/2
f 3001/127/2 2996/127/2 3002/127/2
f 3002/198/2 2997/198/2 3003/198/2
f 2998/162/2 2999/162/2 3004/162/2
f 2999/117/2 3000/117/2 3005/117/2
f 3004/162/2 2999/162/2 3005/162/2
f 3005/117/2 3000/117/2 3006/117/2
f 3001/222/2 3002/222/2 3007/222/2
f 3002/241/2 3003/241/2 3008/241/2
f 3007/222/2 3002/222/2 3008/222/2
f 3008/241/2 3003/241/2 3009/241/2
f 3005/247/2 3006/247/2 3010/247/2
f 3010/247/2 3006/247/2 3011/247/2
f 3007/166/2 3008/166/2 3012/166/2
f 3012/166/2 3008/166/2 3013/166/2
f 3010/4/2 3011/4/2 3014/4/2
f 3014/4/2 3011/4/2 3015/4/2
f 3012/75/2 3013/75/2 3018/75/2
f 3018/75/2 3013/75/2 3019/75/2
f 3014/23/2 3015/23/2 3020/23/2
f 3015/93/2 3016/93/2 3021/93/2
f 3020/23/2 3015/23/2 3021/23/2
f 3021/93/2 3016/93/2 3022/93/2
f 3017/131/2 3018/131/2 3025/131/2
f 3018/196/2 3019/196/2 3026/196/2
f 3025/131/2 3018/131/2 3026/131/2
f 3026/196/2 3019/196/2 3027/196/2
f 3021/246/2 3022/246/2 3028/246/2
f 3022/106/2 3023/106/2 3029/106/2
f 3028/246/2 3022/246/2 3029/246/2
f 3029/106/2 3023/106/2 3030/106/2
f 3024/175/2 3025/175/2 3033/175/2
f 3025/45/2 3026/45/2 3034/45/2
f 3033/175/2 3025/175/2 3034/175/2
f 3034/45/2 3026/45/2 3035/45/2
f 3029/28/2 3030/28/2 3036/28/2
f 3030/243/2 3031/243/2 3037/243/2
f 3036/28/2 3030/28/2 3037/28/2
f 3037/243/2 3031/243/2 3038/243/2
f 3032/127/2 3033/127/2 3041/127/2
f 3033/109/2 3034/109/2 3042/109/2
f 3041/127/2 3033/127/2 3042/127/2
f 3042/109/2 3034/109/2 3043/109/2
f 3037/176/2 3038/176/2 3044/176/2
f 3038/228/2 3039/228/2 3045/228/2
f 3044/176/2 3038/176/2 3045/176/2
f 3045/228/2 3039/228/2 3046/228/2
f 3040/198/2 3041/198/2 3054/198/2
f 3041/210/2 3042/210/2 3055/210/2
f 3054/198/2 3041/198/2 3055/198/2
f 3055/210/2 3042/210/2 3056/210/2
f 3045/233/2 3046/233/2 3057/233/2
f 3046/114/2 3047/114/2 3058/114/2
f 3057/233/2 3046/233/2 3058/233/2
f 3047/138/2 3048/138/2 3059/138/2
f 3058/114/2 3047/114/2 3059/114/2
f 3048/32/2 3049/32/2 3060/32/2
f 3059/138/2 3048/138/2 3060/138/2
f 3049/21/2 3050/21/2 3061/21/2
f 3060/32/2 3049/32/2 3061/32/2
f 3050/37/2 3051/37/2 3062/37/2
f 3061/21/2 3050/21/2 3062/21/2
f 3051/230/2 3052/230/2 3063/230/2
f 3062/37/2 3051/37/2 3063/37/2
f 3052/136/2 3053/136/2 3064/136/2
f 3063/230/2 3052/230/2 3064/230/2
f 3053/102/2 3054/102/2 3065/102/2
f 3064/136/2 3053/136/2 3065/136/2
f 3054/104/2 3055/104/2 3066/104/2
f 3065/102/2 3054/102/2 3066/102/2
f 3066/104/2 3055/104/2 3067/104/2
f 3060/80/2 3061/80/2 3068/80/2
f 3061/186/2 3062/186/2 3069/186/2
f 3068/80/2 3061/80/2 3069/80/2
f 3062/13/2 3063/13/2 3070/13/2
f 3069/186/2 3062/186/2 3070/186/2
f 3063/206/2 3064/206/2 3071/206/2
f 3070/13/2 3063/13/2 3071/13/2
f 3071/206/2 3064/206/2 3072/206/2
f 3073/29/2 3074/29/2 3083/29/2
f 3074/85/2 3075/85/2 3084/85/2
f 3083/29/2 3074/29/2 3084/29/2
f 3075/29/2 3076/29/2 3085/29/2
f 3084/85/2 3075/85/2 3085/85/2
f 3076/248/2 3077/248/2 3086/248/2
f 3085/29/2 3076/29/2 3086/29/2
f 3077/18/2 3078/18/2 3087/18/2
f 3086/248/2 3077/248/2 3087/248/2
f 3078/164/2 3079/164/2 3088/164/2
f 3087/18/2 3078/18/2 3088/18/2
f 3079/83/2 3080/83/2 3089/83/2
f 3088/164/2 3079/164/2 3089/164/2
f 3080/114/2 3081/114/2 3090/114/2
f 3089/83/2 3080/83/2 3090/83/2
f 3090/114/2 3081/114/2 3091/114/2
f 3082/78/2 3083/78/2 3094/78/2
f 3083/175/2 3084/175/2 3095/175/2
f 3094/78/2 3083/78/2 3095/78/2
f 3084/234/2 3085/234/2 3096/234/2
f 3095/175/2 3084/175/2 3096/175/2
f 3085/73/2 3086/73/2 3097/73/2
f 3096/234/2 3085/234/2 3097/234/2
f 3097/73/2 3086/73/2 3098/73/2
f 3088/93/2 3089/93/2 3099/93/2
f 3089/101/2 3090/101/2 3100/101/2
f 3099/93/2 3089/93/2 3100/93/2
f 3090/171/2 3091/171/2 3101/171/2
f 3100/101/2 3090/101/2 3101/101/2
f 3091/239/2 3092/239/2 3102/239/2
f 3101/171/2 3091/171/2 3102/171/2
f 3102/239/2 3092/239/2 3103/239/2
f 3093/43/2 3094/43/2 3106/43/2
f 3094/181/2 3095/181/2 3107/181/2
f 3106/43/2 3094/43/2 3107/43/2
f 3107/181/2 3095/181/2 3108/181/2
f 3102/98/2 3103/98/2 3109/98/2
f 3103/34/2 3104/34/2 3110/34/2
f 3109/98/2 3103/98/2 3110/98/2
f 3110/34/2 3104/34/2 3111/34/2
f 3105/66/2 3106/66/2 3114/66/2
f 3106/238/2 3107/238/2 3115/238/2
f 3114/66/2 3106/66/2 3115/66/2
f 3115/238/2 3107/238/2 3116/238/2
f 3110/74/2 3111/74/2 3117/74/2
f 3111/162/2 3112/162/2 3118/162/2
f 3117/74/2 3111/74/2 3118/74/2
f 3118/162/2 3112/162/2 3119/162/2
f 3113/246/2 3114/246/2 3121/246/2
f 3114/64/2 3115/64/2 3122/64/2
f 3121/246/2 3114/246/2 3122/246/2
f 3122/64/2 3115/64/2 3123/64/2
f 3118/97/2 3119/97/2 3124/97/2
f 3119/9/2 3120/9/2 3125/9/2
f 3124/97/2 3119/97/2 3125/97/2
f 3125/9/2 3120/9/2 3126/9/2
f 3121/170/2 3122/170/2 3127/170/2
f 3122/246/2 3123/246/2 3128/246/2
f 3127/170/2 3122/170/2 3128/170/2
f 3128/246/2 3123/246/2 3129/246/2
f 3124/190/2 3125/190/2 3130/190/2
f 3125/241/2 3126/241/2 3131/241/2
f 3130/190/2 3125/190/2 3131/190/2
f 3131/241/2 3126/241/2 3132/241/2
f 3127/159/2 3128/159/2 3133/159/2
f 3128/73/2 3129/73/2 3134/73/2
f 3133/159/2 3128/159/2 3134/159/2
f 3134/73/2 3129/73/2 3135/73/2
f 3130/157/2 3131/157/2 3136/157/2
f 3131/149/2 3132/149/2 3137/149/2
f 3136/157/2 3131/157/2 3137/157/2
f 3137/149/2 3132/149/2 3138/149/2
f 3133/150/2 3134/150/2 3139/150/2
f 3139/150/2 3134/150/2 3140/150/2
f 3137/35/2 3138/35/2 3141/35/2
f 3141/35/2 3138/35/2 3142/35/2
f 3139/182/2 3140/182/2 3143/182/2
f 3143/182/2 3140/182/2 3144/182/2
f 3141/166/2 3142/166/2 3147/166/2
f 3147/166/2 3142/166/2 3148/166/2
f 3143/35/2 3144/35/2 3149/35/2
f 3144/51/2 3145/51/2 3150/51/2
f 3149/35/2 3144/35/2 3150/35/2
f 3150/51/2 3145/51/2 3151/51/2
f 3146/65/2 3147/65/2 3152/65/2
f 3147/157/2 3148/157/2 3153/157/2
f 3152/65/2 3147/65/2 3153/65/2
f 3153/157/2 3148/157/2 3154/157/2
f 3149/37/2 3150/37/2 3155/37/2
f 3150/186/2 3151/186/2 3156/186/2
f 3155/37/2 3150/37/2 3156/37/2
f 3156/186/2 3151/186/2 3157/186/2
f 3152/141/2 3153/141/2 3158/141/2
f 3153/184/2 3154/184/2 3159/184/2
f 3158/141/2 3153/141/2 3159/141/2
f 3159/184/2 3154/184/2 3160/184/2
f 3155/224/2 3156/224/2 3161/224/2
f 3156/98/2 3157/98/2 3162/98/2
f 3161/224/2 3156/224/2 3162/224/2
f 3162/98/2 3157/98/2 3163/98/2
f 3158/207/2 3159/207/2 3166/207/2
f 3159/8/2 3160/8/2 3167/8/2
f 3166/207/2 3159/207/2 3167/207/2
f 3167/8/2 3160/8/2 3168/8/2
f 3162/121/2 3163/121/2 3169/121/2
f 3163/81/2 3164/81/2 3170/81/2
f 3169/121/2 3163/121/2 3170/121/2
f 3170/81/2 3164/81/2 3171/81/2
f 3165/188/2 3166/188/2 3174/188/2
f 3166/173/2 3167/173/2 3175/173/2
f 3174/188/2 3166/188/2 3175/188/2
f 3175/173/2 3167/173/2 3176/173/2
f 3170/116/2 3171/116/2 3177/116/2
f 3171/98/2 3172/98/2 3178/98/2
f 3177/116/2 3171/116/2 3178/116/2
f 3178/98/2 3172/98/2 3179/98/2
f 3173/55/2 3174/55/2 3186/55/2
f 3174/146/2 3175/146/2 3187/146/2
f 3186/55/2 3174/55/2 3187/55/2
f 3187/146/2 3175/146/2 3188/146/2
f 3178/140/2 3179/140/2 3189/140/2
f 3179/140/2 3180/140/2 3189/140/2
f 3189/140/2 3180/140/2 3190/140/2
f 3180/184/2 3181/184/2 3191/184/2
f 3190/140/2 3180/140/2 3191/140/2
f 3181/63/2 3182/63/2 3192/63/2
f 3191/184/2 3181/184/2 3192/184/2
f 3192/63/2 3182/63/2 3193/63/2
f 3183/205/2 3184/205/2 3195/205/2
f 3184/187/2 3185/187/2 3196/187/2
f 3195/205/2 3184/205/2 3196/205/2
f 3185/9/2 3186/9/2 3197/9/2
f 3196/187/2 3185/187/2 3197/187/2
f 3186/186/2 3187/186/2 3198/186/2
f 3197/9/2 3186/9/2 3198/9/2
f 3198/186/2 3187/186/2 3199/186/2
f 3190/240/2 3191/240/2 3200/240/2
f 3191/225/2 3192/225/2 3201/225/2
f 3200/240/2 3191/240/2 3201/240/2
f 3192/43/2 3193/43/2 3202/43/2
f 3201/225/2 3192/225/2 3202/225/2
f 3193/216/2 3194/216/2 3203/216/2
f 3202/43/2 3193/43/2 3203/43/2
f 3194/191/2 3195/191/2 3204/191/2
f 3203/216/2 3194/216/2 3204/216/2
f 3195/22/2 3196/22/2 3205/22/2
f 3204/191/2 3195/191/2 3205/191/2
f 3196/159/2 3197/159/2 3206/159/2
f 3205/22/2 3196/22/2 3206/22/2
f 3197/235/2 3198/235/2 3207/235/2
f 3206/159/2 3197/159/2 3207/159/2
f 3207/235/2 3198/235/2 3208/235/2
f 3209/176/2 3210/176/2 3215/176/2
f 3210/138/2 3211/138/2 3216/138/2
f 3215/176/2 3210/176/2 3216/176/2
f 3216/138/2 3211/138/2 3217/138/2
f 3212/65/2 3213/65/2 3222/65/2
f 3213/112/2 3214/112/2 3223/112/2
f 3222/65/2 3213/65/2 3223/65/2
f 3214/90/2 3215/90/2 3224/90/2
f 3223/112/2 3214/112/2 3224/112/2
f 3215/172/2 3216/172/2 3225/172/2
f 3224/90/2 3215/90/2 3225/90/2
f 3216/238/2 3217/238/2 3226/238/2
f 3225/172/2 3216/172/2 3226/172/2
f 3217/85/2 3218/85/2 3227/85/2
f 3226/238/2 3217/238/2 3227/238/2
f 3218/227/2 3219/227/2 3228/227/2
f 3227/85/2 3218/85/2 3228/85/2
f 3219/127/2 3220/127/2 3229/127/2
f 3228/227/2 3219/227/2 3229/227/2
f 3229/127/2 3220/127/2 3230/127/2
f 3221/3/2 3222/3/2 3233/3/2
f 3222/217/2 3223/217/2 3234/217/2
f 3233/3/2 3222/3/2 3234/3/2
f 3223/195/2 3224/195/2 3235/195/2
f 3234/217/2 3223/217/2 3235/217/2
f 3224/208/2 3225/208/2 3236/208/2
f 3235/195/2 3224/195/2 3236/195/2
f 3225/123/2 3226/123/2 3237/123/2
f 3236/208/2 3225/208/2 3237/208/2
f 3226/22/2 3227/22/2 3238/22/2
f 3237/123/2 3226/123/2 3238/123/2
f 3227/149/2 3228/149/2 3239/149/2
f 3238/22/2 3227/22/2 3239/22/2
f 3228/49/2 3229/49/2 3240/49/2
f 3239/149/2 3228/149/2 3240/149/2
f 3229/180/2 3230/180/2 3241/180/2
f 3240/49/2 3229/49/2 3241/49/2
f 3230/25/2 3231/25/2 3242/25/2
f 3241/180/2 3230/180/2 3242/180/2
f 3242/25/2 3231/25/2 3243/25/2
f 3232/123/2 3233/123/2 3245/123/2
f 3233/11/2 3234/11/2 3246/11/2
f 3245/123/2 3233/123/2 3246/123/2
f 3234/183/2 3235/183/2 3247/183/2
f 3246/11/2 3234/11/2 3247/11/2
f 3235/85/2 3236/85/2 3248/85/2
f 3247/183/2 3235/183/2 3248/183/2
f 3248/85/2 3236/85/2 3249/85/2
f 3240/223/2 3241/223/2 3250/223/2
f 3241/40/2 3242/40/2 3251/40/2
f 3250/223/2 3241/223/2 3251/223/2
f 3242/26/2 3243/26/2 3252/26/2
f 3251/40/2 3242/40/2 3252/40/2
f 3243/243/2 3244/243/2 3253/243/2
f 3252/26/2 3243/26/2 3253/26/2
f 3253/243/2 3244/243/2 3254/243/2
f 3245/239/2 3246/239/2 3255/239/2
f 3246/136/2 3247/136/2 3256/136/2
f 3255/239/2 3246/239/2 3256/239/2
f 3247/148/2 3248/148/2 3257/148/2
f 3256/136/2 3247/136/2 3257/136/2
f 3257/148/2 3248/148/2 3258/148/2
f 3251/244/2 3252/244/2 3259/244/2
f 3252/133/2 3253/133/2 3260/133/2
f 3259/244/2 3252/244/2 3260/244/2
f 3253/196/2 3254/196/2 3261/196/2
f 3260/133/2 3253/133/2 3261/133/2
f 3261/196/2 3254/196/2 3262/196/2
f 3255/186/2 3256/186/2 3264/186/2
f 3256/68/2 3257/68/2 3265/68/2
f 3264/186/2 3256/186/2 3265/186/2
f 3265/68/2 3257/68/2 3266/68/2
f 3260/4/2 3261/4/2 3267/4/2
f 3261/111/2 3262/111/2 3268/111/2
f 3267/4/2 3261/4/2 3268/4/2
f 3268/111/2 3262/111/2 3269/111/2
f 3263/14/2 3264/14/2 3271/14/2
f 3264/65/2 3265/65/2 3272/65/2
f 3271/14/2 3264/14/2 3272/14/2
f 3265/211/2 3266/211/2 3273/211/2
f 3272/65/2 3265/65/2 3273/65/2
f 3273/211/2 3266/211/2 3274/211/2
f 3267/115/2 3268/115/2 3275/115/2
f 3268/201/2 3269/201/2 3276/201/2
f 3275/115/2 3268/115/2 3276/115/2
f 3269/95/2 3270/95/2 3277/95/2
f 3276/201/2 3269/201/2 3277/201/2
f 3277/95/2 3270/95/2 3278/95/2
f 3271/108/2 3272/108/2 3279/108/2
f 3272/104/2 3273/104/2 3280/104/2
f 3279/108/2 3272/108/2 3280/108/2
f 3273/35/2 3274/35/2 3281/35/2
f 3280/104/2 3273/104/2 3281/104/2
f 3281/35/2 3274/35/2 3282/35/2
f 3275/73/2 3276/73/2 3283/73/2
f 3276/29/2 3277/29/2 3284/29/2
f 3283/73/2 3276/73/2 3284/73/2
f 3277/156/2 3278/156/2 3285/156/2
f 3284/29/2 3277/29/2 3285/29/2
f 3285/156/2 3278/156/2 3286/156/2
f 3280/148/2 3281/148/2 3287/148/2
f 3281/136/2 3282/136/2 3288/136/2
f 3287/148/2 3281/148/2 3288/148/2
f 3288/136/2 3282/136/2 3289/136/2
f 3283/99/2 3284/99/2 3292/99/2
f 3284/220/2 3285/220/2 3293/220/2
f 3292/99/2 3284/99/2 3293/99/2
f 3293/220/2 3285/220/2 3294/220/2
f 3287/241/2 3288/241/2 3295/241/2
f 3288/253/2 3289/253/2 3296/253/2
f 3295/241/2 3288/241/2 3296/241/2
f 3289/196/2 3290/196/2 3297/196/2
f 3296/253/2 3289/253/2 3297/253/2
f 3297/196/2 3290/196/2 3298/196/2
f 3291/162/2 3292/162/2 3301/162/2
f 3292/245/2 3293/245/2 3302/245/2
f 3301/162/2 3292/162/2 3302/162/2
f 3293/144/2 3294/144/2 3303/144/2
f 3302/245/2 3293/245/2 3303/245/2
f 3303/144/2 3294/144/2 3304/144/2
f 3295/187/2 3296/187/2 3305/187/2
f 3296/65/2 3297/65/2 3306/65/2
f 3305/187/2 3296/187/2 3306/187/2
f 3297/216/2 3298/216/2 3307/216/2
f 3306/65/2 3297/65/2 3307/65/2
f 3298/245/2 3299/245/2 3308/245/2
f 3307/216/2 3298/216/2 3308/216/2
f 3308/245/2 3299/245/2 3309/245/2
f 3300/194/2 3301/194/2 3313/194/2
f 3301/171/2 3302/171/2 3314/171/2
f 3313/194/2 3301/194/2 3314/194/2
f 3302/178/2 3303/178/2 3315/178/2
f 3314/171/2 3302/171/2 3315/171/2
f 3303/123/2 3304/123/2 3316/123/2
f 3315/178/2 3303/178/2 3316/178/2
f 3316/123/2 3304/123/2 3317/123/2
f 3306/16/2 3307/16/2 3318/16/2
f 3307/178/2 3308/178/2 3319/178/2
f 3318/16/2 3307/16/2 3319/16/2
f 3308/71/2 3309/71/2 3320/71/2
f 3319/178/2 3308/178/2 3320/178/2
f 3309/98/2 3310/98/2 3321/98/2
f 3320/71/2 3309/71/2 3321/71/2
f 3310/126/2 3311/126/2 3322/126/2
f 3321/98/2 3310/98/2 3322/98/2
f 3311/229/2 3312/229/2 3323/229/2
f 3322/126/2 3311/126/2 3323/126/2
f 3312/181/2 3313/181/2 3324/181/2
f 3323/229/2 3312/229/2 3324/229/2
f 3313/235/2 3314/235/2 3325/235/2
f 3324/181/2 3313/181/2 3325/181/2
f 3314/18/2 3315/18/2 3326/18/2
f 3325/235/2 3314/235/2 3326/235/2
f 3315/36/2 3316/36/2 3327/36/2
f 3326/18/2 3315/18/2 3327/18/2
f 3327/36/2 3316/36/2 3328/36/2
f 3319/227/2 3320/227/2 3329/227/2
f 3320/143/2 3321/143/2 3330/143/2
f 3329/227/2 3320/227/2 3330/227/2
f 3321/92/2 3322/92/2 3331/92/2
f 3330/143/2 3321/143/2 3331/143/2
f 3322/98/2 3323/98/2 3332/98/2
f 3331/92/2 3322/92/2 3332/92/2
f 3323/120/2 3324/120/2 3333/120/2
f 3332/98/2 3323/98/2 3333/98/2
f 3324/146/2 3325/146/2 3334/146/2
f 3333/120/2 3324/120/2 3334/120/2
f 3325/100/2 3326/100/2 3335/100/2
f 3334/146/2 3325/146/2 3335/146/2
f 3326/175/2 3327/175/2 3336/175/2
f 3335/100/2 3326/100/2 3336/100/2
f 3336/175/2 3327/175/2 3337/175/2
f 3332/116/2 3333/116/2 3338/116/2
f 3333/82/2 3334/82/2 3339/82/2
f 3338/116/2 3333/116/2 3339/116/2
f 3339/82/2 3334/82/2 3340/82/2
f 3341/152/2 3342/152/2 3347/152/2
f 3342/36/2 3343/36/2 3348/36/2
f 3347/152/2 3342/152/2 3348/152/2
f 3343/202/2 3344/202/2 3349/202/2
f 3348/36/2 3343/36/2 3349/36/2
f 3344/153/2 3345/153/2 3350/153/2
f 3349/202/2 3344/202/2 3350/202/2
f 3350/153/2 3345/153/2 3351/153/2
f 3346/217/2 3347/217/2 3354/217/2
f 3347/162/2 3348/162/2 3355/162/2
f 3354/217/2 3347/217/2 3355/217/2
f 3348/175/2 3349/175/2 3356/175/2
f 3355/162/2 3348/162/2 3356/162/2
f 3349/60/2 3350/60/2 3357/60/2
f 3356/175/2 3349/175/2 3357/175/2
f 3350/50/2 3351/50/2 3358/50/2
f 3357/60/2 3350/60/2 3358/60/2
f 3351/253/2 3352/253/2 3359/253/2
f 3358/50/2 3351/50/2 3359/50/2
f 3359/253/2 3352/253/2 3360/253/2
f 3353/95/2 3354/95/2 3362/95/2
f 3354/221/2 3355/221/2 3363/221/2
f 3362/95/2 3354/95/2 3363/95/2
f 3355/179/2 3356/179/2 3364/179/2
f 3363/221/2 3355/221/2 3364/221/2
f 3356/232/2 3357/232/2 3365/232/2
f 3364/179/2 3356/179/2 3365/179/2
f 3357/155/2 3358/155/2 3366/155/2
f 3365/232/2 3357/232/2 3366/232/2
f 3358/105/2 3359/105/2 3367/105/2
f 3366/155/2 3358/155/2 3367/155/2
f 3359/204/2 3360/204/2 3368/204/2
f 3367/105/2 3359/105/2 3368/105/2
f 3360/177/2 3361/177/2 3369/177/2
f 3368/204/2 3360/204/2 3369/204/2
f 3369/177/2 3361/177/2 3370/177/2
f 3362/126/2 3363/126/2 3371/126/2
f 3363/250/2 3364/250/2 3372/250/2
f 3371/126/2 3363/126/2 3372/126/2
f 3364/151/2 3365/151/2 3373/151/2
f 3372/250/2 3364/250/2 3373/250/2
f 3365/152/2 3366/152/2 3374/152/2
f 3373/151/2 3365/151/2 3374/151/2
f 3366/123/2 3367/123/2 3375/123/2
f 3374/152/2 3366/152/2 3375/152/2
f 3367/168/2 3368/168/2 3376/168/2
f 3375/123/2 3367/123/2 3376/123/2
f 3368/102/2 3369/102/2 3377/102/2
f 3376/168/2 3368/168/2 3377/168/2
f 3369/40/2 3370/40/2 3378/40/2
f 3377/102/2 3369/102/2 3378/102/2
f 3378/40/2 3370/40/2 3379/40/2
f 3371/184/2 3372/184/2 3380/184/2
f 3372/230/2 3373/230/2 3381/230/2
f 3380/184/2 3372/184/2 3381/184/2
f 3373/108/2 3374/108/2 3382/108/2
f 3381/230/2 3373/230/2 3382/230/2
f 3374/166/2 3375/166/2 3383/166/2
f 3382/108/2 3374/108/2 3383/108/2
f 3375/160/2 3376/160/2 3384/160/2
f 3383/166/2 3375/166/2 3384/166/2
f 3376/138/2 3377/138/2 3385/138/2
f 3384/160/2 3376/160/2 3385/160/2
f 3377/22/2 3378/22/2 3386/22/2
f 3385/138/2 3377/138/2 3386/138/2
f 3378/19/2 3379/19/2 3387/19/2
f 3386/22/2 3378/22/2 3387/22/2
f 3387/19/2 3379/19/2 3388/19/2
f 3380/13/2 3381/13/2 3389/13/2
f 3381/161/2 3382/161/2 3390/161/2
f 3389/13/2 3381/13/2 3390/13/2
f 3382/8/2 3383/8/2 3391/8/2
f 3390/161/2 3382/161/2 3391/161/2
f 3383/93/2 3384/93/2 3392/93/2
f 3391/8/2 3383/8/2 3392/8/2
f 3384/106/2 3385/106/2 3393/106/2
f 3392/93/2 3384/93/2 3393/93/2
f 3385/221/2 3386/221/2 3394/221/2
f 3393/106/2 3385/106/2 3394/106/2
f 3386/6/2 3387/6/2 3395/6/2
f 3394/221/2 3386/221/2 3395/221/2
f 3387/88/2 3388/88/2 3396/88/2
f 3395/6/2 3387/6/2 3396/6/2
f 3396/88/2 3388/88/2 3397/88/2
f 3390/56/2 3391/56/2 3398/56/2
f 3391/92/2 3392/92/2 3399/92/2
f 3398/56/2 3391/56/2 3399/56/2
f 3392/74/2 3393/74/2 3400/74/2
f 3399/92/2 3392/92/2 3400/92/2
f 3393/214/2 3394/214/2 3401/214/2
f 3400/74/2 3393/74/2 3401/74/2
f 3395/86/2 3396/86/2 3402/86/2
f 3401/214/2 3394/214/2 3402/214/2
f 3394/86/2 3395/86/2 3402/86/2
f 3402/86/2 3396/86/2 3403/86/2
f 3403/86/2 3396/86/2 3404/86/2
f 3399/225/2 3400/225/2 3405/225/2
f 3400/184/2 3401/184/2 3406/184/2
f 3405/225/2 3400/225/2 3406/225/2
f 3401/207/2 3402/207/2 3407/207/2
f 3406/184/2 3401/184/2 3407/184/2
f 3402/202/2 3403/202/2 3408/202/2
f 3407/207/2 3402/207/2 3408/207/2
f 3408/202/2 3403/202/2 3409/202/2
f 3416/128/3 3411/128/3 3410/128/3
f 3417/61/3 3412/61/3 3411/61/3
f 3417/128/3 3411/128/3 3416/128/3
f 3418/71/3 3413/71/3 3412/71/3
f 3418/61/3 3412/61/3 3417/61/3
f 3419/24/3 3414/24/3 3413/24/3
f 3419/71/3 3413/71/3 3418/71/3
f 3420/24/3 3414/24/3 3419/24/3
f 3423/65/3 3416/65/3 3415/65/3
f 3424/3/3 3417/3/3 3416/3/3
f 3424/65/3 3416/65/3 3423/65/3
f 3425/7/3 3418/7/3 3417/7/3
f 3425/3/3 3417/3/3 3424/3/3
f 3426/230/3 3419/230/3 3418/230/3
f 3426/7/3 3418/7/3 3425/7/3
f 3427/51/3 3420/51/3 3419/51/3
f 3427/230/3 3419/230/3 3426/230/3
f 3428/212/3 3421/212/3 3420/212/3
f 3428/51/3 3420/51/3 3427/51/3
f 3429/212/3 3421/212/3 3428/212/3
f 3431/127/3 3423/127/3 3422/127/3
f 3432/207/3 3424/207/3 3423/207/3
f 3432/127/3 3423/127/3 3431/127/3
f 3433/227/3 3425/227/3 3424/227/3
f 3433/207/3 3424/207/3 3432/207/3
f 3434/175/3 3426/175/3 3425/175/3
f 3434/227/3 3425/227/3 3433/227/3
f 3435/253/3 3427/253/3 3426/253/3
f 3435/175/3 3426/175/3 3434/175/3
f 3436/105/3 3428/105/3 3427/105/3
f 3436/253/3 3427/253/3 3435/253/3
f 3437/20/3 3429/20/3 3428/20/3
f 3437/105/3 3428/105/3 3436/105/3
f 3438/216/3 3430/216/3 3429/216/3
f 3438/20/3 3429/20/3 3437/20/3
f 3439/216/3 3430/216/3 3438/216/3
f 3440/243/3 3432/243/3 3431/243/3
f 3441/105/3 3433/105/3 3432/105/3
f 3441/243/3 3432/243/3 3440/243/3
f 3442/39/3 3434/39/3 3433/39/3
f 3442/105/3 3433/105/3 3441/105/3
f 3443/184/3 3435/184/3 3434/184/3
f 3443/39/3 3434/39/3 3442/39/3
f 3444/155/3 3436/155/3 3435/155/3
f 3444/184/3 3435/184/3 3443/184/3
f 3445/86/3 3437/86/3 3436/86/3
f 3445/155/3 3436/155/3 3444/155/3
f 3446/211/3 3438/211/3 3437/211/3
f 3446/86/3 3437/86/3 3445/86/3
f 3447/107/3 3439/107/3 3438/107/3
f 3447/211/3 3438/211/3 3446/211/3
f 3448/107/3 3439/107/3 3447/107/3
f 3449/5/3 3441/5/3 3440/5/3
f 3450/128/3 3442/128/3 3441/128/3
f 3450/5/3 3441/5/3 3449/5/3
f 3451/180/3 3443/180/3 3442/180/3
f 3451/128/3 3442/128/3 3450/128/3
f 3452/40/3 3444/40/3 3443/40/3
f 3452/180/3 3443/180/3 3451/180/3
f 3453/227/3 3445/227/3 3444/227/3
f 3453/40/3 3444/40/3 3452/40/3
f 3454/213/3 3446/213/3 3445/213/3
f 3454/227/3 3445/227/3 3453/227/3
f 3455/150/3 3447/150/3 3446/150/3
f 3455/213/3 3446/213/3 3454/213/3
f 3456/191/3 3448/191/3 3447/191/3
f 3456/150/3 3447/150/3 3455/150/3
f 3457/191/3 3448/191/3 3456/191/3
f 3458/144/3 3450/144/3 3449/144/3
f 3459/66/3 3451/66/3 3450/66/3
f 3459/144/3 3450/144/3 3458/144/3
f 3460/15/3 3452/15/3 3451/15/3
f 3460/66/3 3451/66/3 3459/66/3
f 3461/73/3 3453/73/3 3452/73/3
f 3461/15/3 3452/15/3 3460/15/3
f 3462/109/3 3454/109/3 3453/109/3
f 3462/73/3 3453/73/3 3461/73/3
f 3463/70/3 3455/70/3 3454/70/3
f 3463/109/3 3454/109/3 3462/109/3
f 3464/231/3 3456/231/3 3455/231/3
f 3464/70/3 3455/70/3 3463/70/3
f 3465/78/3 3457/78/3 3456/78/3
f 3465/231/3 3456/231/3 3464/231/3
f 3466/78/3 3457/78/3 3465/78/3
f 3467/219/3 3460/219/3 3459/219/3
f 3468/103/3 3461/103/3 3460/103/3
f 3468/219/3 3460/219/3 3467/219/3
f 3469/134/3 3462/134/3 3461/134/3
f 3469/103/3 3461/103/3 3468/103/3
f 3470/21/3 3463/21/3 3462/21/3
f 3470/134/3 3462/134/3 3469/134/3
f 3471/177/3 3464/177/3 3463/177/3
f 3471/21/3 3463/21/3 3470/21/3
f 3472/201/3 3465/201/3 3464/201/3
f 3472/177/3 3464/177/3 3471/177/3
f 3473/201/3 3465/201/3 3472/201/3
f 3474/91/3 3469/91/3 3468/91/3
f 3475/155/3 3470/155/3 3469/155/3
f 3475/91/3 3469/91/3 3474/91/3
f 3476/66/3 3471/66/3 3470/66/3
f 3476/155/3 3470/155/3 3475/155/3
f 3477/228/3 3472/228/3 3471/228/3
f 3477/66/3 3471/66/3 3476/66/3
f 3478/228/3 3472/228/3 3477/228/3
f 3485/137/3 3480/137/3 3479/137/3
f 3486/232/3 3481/232/3 3480/232/3
f 3486/137/3 3480/137/3 3485/137/3
f 3487/232/3 3481/232/3 3486/232/3
f 3492/142/3 3483/142/3 3482/142/3
f 3493/55/3 3484/55/3 3483/55/3
f 3493/142/3 3483/142/3 3492/142/3
f 3494/211/3 3485/211/3 3484/211/3
f 3494/55/3 3484/55/3 3493/55/3
f 3494/211/3 3486/211/3 3485/211/3
f 3495/211/3 3486/211/3 3494/211/3
f 3496/61/3 3487/61/3 3486/61/3
f 3496/211/3 3486/211/3 3495/211/3
f 3497/28/3 3488/28/3 3487/28/3
f 3497/61/3 3487/61/3 3496/61/3
f 3498/220/3 3489/220/3 3488/220/3
f 3498/28/3 3488/28/3 3497/28/3
f 3499/47/3 3490/47/3 3489/47/3
f 3499/220/3 3489/220/3 3498/220/3
f 3500/47/3 3490/47/3 3499/47/3
f 3503/94/3 3492/94/3 3491/94/3
f 3504/230/3 3493/230/3 3492/230/3
f 3504/94/3 3492/94/3 3503/94/3
f 3505/55/3 3494/55/3 3493/55/3
f 3505/230/3 3493/230/3 3504/230/3
f 3506/87/3 3495/87/3 3494/87/3
f 3506/55/3 3494/55/3 3505/55/3
f 3507/126/3 3496/126/3 3495/126/3
f 3507/87/3 3495/87/3 3506/87/3
f 3508/128/3 3497/128/3 3496/128/3
f 3508/126/3 3496/126/3 3507/126/3
f 3509/168/3 3498/168/3 3497/168/3
f 3509/128/3 3497/128/3 3508/128/3
f 3510/67/3 3499/67/3 3498/67/3
f 3510/168/3 3498/168/3 3509/168/3
f 3511/237/3 3500/237/3 3499/237/3
f 3511/67/3 3499/67/3 3510/67/3
f 3512/155/3 3501/155/3 3500/155/3
f 3512/237/3 3500/237/3 3511/237/3
f 3513/155/3 3501/155/3 3512/155/3
f 3515/234/3 3503/234/3 3502/234/3
f 3516/71/3 3504/71/3 3503/71/3
f 3516/234/3 3503/234/3 3515/234/3
f 3517/173/3 3505/173/3 3504/173/3
f 3517/71/3 3504/71/3 3516/71/3
f 3518/6/3 3506/6/3 3505/6/3
f 3518/173/3 3505/173/3 3517/173/3
f 3519/6/3 3506/6/3 3518/6/3
f 3520/209/3 3511/209/3 3510/209/3
f 3521/180/3 3512/180/3 3511/180/3
f 3521/209/3 3511/209/3 3520/209/3
f 3522/219/3 3513/219/3 3512/219/3
f 3522/180/3 3512/180/3 3521/180/3
f 3523/67/3 3514/67/3 3513/67/3
f 3523/219/3 3513/219/3 3522/219/3
f 3524/67/3 3514/67/3 3523/67/3
f 3525/183/3 3516/183/3 3515/183/3
f 3526/225/3 3517/225/3 3516/225/3
f 3526/183/3 3516/183/3 3525/183/3
f 3527/88/3 3518/88/3 3517/88/3
f 3527/225/3 3517/225/3 3526/225/3
f 3528/88/3 3518/88/3 3527/88/3
f 3529/174/3 3522/174/3 3521/174/3
f 3530/176/3 3523/176/3 3522/176/3
f 3530/174/3 3522/174/3 3529/174/3
f 3531/142/3 3524/142/3 3523/142/3
f 3531/176/3 3523/176/3 3530/176/3
f 3532/142/3 3524/142/3 3531/142/3
f 3534/121/3 3526/121/3 3525/121/3
f 3535/193/3 3527/193/3 3526/193/3
f 3535/121/3 3526/121/3 3534/121/3
f 3536/193/3 3527/193/3 3535/193/3
f 3537/177/3 3531/177/3 3530/177/3
f 3538/97/3 3532/97/3 3531/97/3
f 3538/177/3 3531/177/3 3537/177/3
f 3539/97/3 3532/97/3 3538/97/3
f 3541/206/3 3534/206/3 3533/206/3
f 3542/53/3 3535/53/3 3534/53/3
f 3542/206/3 3534/206/3 3541/206/3
f 3543/240/3 3536/240/3 3535/240/3
f 3543/53/3 3535/53/3 3542/53/3
f 3544/240/3 3536/240/3 3543/240/3
f 3545/108/3 3538/108/3 3537/108/3
f 3546/216/3 3539/216/3 3538/216/3
f 3546/108/3 3538/108/3 3545/108/3
f 3547/97/3 3540/97/3 3539/97/3
f 3547/216/3 3539/216/3 3546/216/3
f 3548/97/3 3540/97/3 3547/97/3
f 3549/207/3 3542/207/3 3541/207/3
f 3550/108/3 3543/108/3 3542/108/3
f 3550/207/3 3542/207/3 3549/207/3
f 3551/9/3 3544/9/3 3543/9/3
f 3551/108/3 3543/108/3 3550/108/3
f 3552/9/3 3544/9/3 3551/9/3
f 3553/8/3 3546/8/3 3545/8/3
f 3554/114/3 3547/114/3 3546/114/3
f 3554/8/3 3546/8/3 3553/8/3
f 3555/125/3 3548/125/3 3547/125/3
f 3555/114/3 3547/114/3 3554/114/3
f 3556/125/3 3548/125/3 3555/125/3
f 3557/141/3 3551/141/3 3550/141/3
f 3558/183/3 3552/183/3 3551/183/3
f 3558/141/3 3551/141/3 3557/141/3
f 3559/183/3 3552/183/3 3558/183/3
f 3562/242/3 3554/242/3 3553/242/3
f 3563/81/3 3555/81/3 3554/81/3
f 3563/242/3 3554/242/3 3562/242/3
f 3564/81/3 3555/81/3 3563/81/3
f 3565/201/3 3558/201/3 3557/201/3
f 3566/232/3 3559/232/3 3558/232/3
f 3566/201/3 3558/201/3 3565/201/3
f 3567/213/3 3560/213/3 3559/213/3
f 3567/232/3 3559/232/3 3566/232/3
f 3568/213/3 3560/213/3 3567/213/3
f 3571/194/3 3562/194/3 3561/194/3
f 3572/175/3 3563/175/3 3562/175/3
f 3572/194/3 3562/194/3 3571/194/3
f 3573/83/3 3564/83/3 3563/83/3
f 3573/175/3 3563/175/3 3572/175/3
f 3574/83/3 3564/83/3 3573/83/3
f 3575/210/3 3566/210/3 3565/210/3
f 3576/242/3 3567/242/3 3566/242/3
f 3576/210/3 3566/210/3 3575/210/3
f 3577/78/3 3568/78/3 3567/78/3
f 3577/242/3 3567/242/3 3576/242/3
f 3578/153/3 3569/153/3 3568/153/3
f 3578/78/3 3568/78/3 3577/78/3
f 3579/153/3 3569/153/3 3578/153/3
f 3583/67/3 3571/67/3 3570/67/3
f 3584/219/3 3572/219/3 3571/219/3
f 3584/67/3 3571/67/3 3583/67/3
f 3585/251/3 3573/251/3 3572/251/3
f 3585/219/3 3572/219/3 3584/219/3
f 3586/19/3 3574/19/3 3573/19/3
f 3586/251/3 3573/251/3 3585/251/3
f 3587/19/3 3574/19/3 3586/19/3
f 3588/41/3 3577/41/3 3576/41/3
f 3589/33/3 3578/33/3 3577/33/3
f 3589/41/3 3577/41/3 3588/41/3
f 3590/104/3 3579/104/3 3578/104/3
f 3590/33/3 3578/33/3 3589/33/3
f 3591/12/3 3580/12/3 3579/12/3
f 3591/104/3 3579/104/3 3590/104/3
f 3592/226/3 3581/226/3 3580/226/3
f 3592/12/3 3580/12/3 3591/12/3
f 3593/66/3 3582/66/3 3581/66/3
f 3593/226/3 3581/226/3 3592/226/3
f 3594/236/3 3583/236/3 3582/236/3
f 3594/66/3 3582/66/3 3593/66/3
f 3595/12/3 3584/12/3 3583/12/3
f 3595/236/3 3583/236/3 3594/236/3
f 3596/65/3 3585/65/3 3584/65/3
f 3596/12/3 3584/12/3 3595/12/3
f 3597/222/3 3586/222/3 3585/222/3
f 3597/65/3 3585/65/3 3596/65/3
f 3598/222/3 3586/222/3 3597/222/3
f 3599/177/3 3590/177/3 3589/177/3
f 3600/8/3 3591/8/3 3590/8/3
f 3600/177/3 3590/177/3 3599/177/3
f 3601/180/3 3592/180/3 3591/180/3
f 3601/8/3 3591/8/3 3600/8/3
f 3602/137/3 3593/137/3 3592/137/3
f 3602/180/3 3592/180/3 3601/180/3
f 3603/243/3 3594/243/3 3593/243/3
f 3603/137/3 3593/137/3 3602/137/3
f 3604/130/3 3595/130/3 3594/130/3
f 3604/243/3 3594/243/3 3603/243/3
f 3605/32/3 3596/32/3 3595/32/3
f 3605/130/3 3595/130/3 3604/130/3
f 3606/16/3 3597/16/3 3596/16/3
f 3606/32/3 3596/32/3 3605/32/3
f 3607/16/3 3597/16/3 3606/16/3
f 3608/19/3 3603/19/3 3602/19/3
f 3609/56/3 3604/56/3 3603/56/3
f 3609/19/3 3603/19/3 3608/19/3
f 3610/56/3 3604/56/3 3609/56/3
f 3621/182/3 3612/182/3 3611/182/3
f 3622/255/3 3613/255/3 3612/255/3
f 3622/182/3 3612/182/3 3621/182/3
f 3623/223/3 3614/223/3 3613/223/3
f 3623/255/3 3613/255/3 3622/255/3
f 3624/120/3 3615/120/3 3614/120/3
f 3624/223/3 3614/223/3 3623/223/3
f 3625/109/3 3616/109/3 3615/109/3
f 3625/120/3 3615/120/3 3624/120/3
f 3626/51/3 3617/51/3 3616/51/3
f 3626/109/3 3616/109/3 3625/109/3
f 3627/127/3 3618/127/3 3617/127/3
f 3627/51/3 3617/51/3 3626/51/3
f 3628/151/3 3619/151/3 3618/151/3
f 3628/127/3 3618/127/3 3627/127/3
f 3629/151/3 3619/151/3 3628/151/3
f 3632/118/3 3621/118/3 3620/118/3
f 3633/130/3 3622/130/3 3621/130/3
f 3633/118/3 3621/118/3 3632/118/3
f 3634/142/3 3623/142/3 3622/142/3
f 3634/130/3 3622/130/3 3633/130/3
f 3635/154/3 3624/154/3 3623/154/3
f 3635/142/3 3623/142/3 3634/142/3
f 3636/154/3 3624/154/3 3635/154/3
f 3637/159/3 3627/159/3 3626/159/3
f 3638/243/3 3628/243/3 3627/243/3
f 3638/159/3 3627/159/3 3637/159/3
f 3639/117/3 3629/117/3 3628/117/3
f 3639/243/3 3628/243/3 3638/243/3
f 3640/25/3 3630/25/3 3629/25/3
f 3640/117/3 3629/117/3 3639/117/3
f 3641/25/3 3630/25/3 3640/25/3
f 3644/146/3 3632/146/3 3631/146/3
f 3645/28/3 3633/28/3 3632/28/3
f 3645/146/3 3632/146/3 3644/146/3
f 3646/28/3 3633/28/3 3645/28/3
f 3647/89/3 3641/89/3 3640/89/3
f 3648/13/3 3642/13/3 3641/13/3
f 3648/89/3 3641/89/3 3647/89/3
f 3649/13/3 3642/13/3 3648/13/3
f 3652/39/3 3644/39/3 3643/39/3
f 3653/24/3 3645/24/3 3644/24/3
f 3653/39/3 3644/39/3 3652/39/3
f 3654/24/3 3645/24/3 3653/24/3
f 3655/158/3 3649/158/3 3648/158/3
f 3656/50/3 3650/50/3 3649/50/3
f 3656/158/3 3649/158/3 3655/158/3
f 3657/50/3 3650/50/3 3656/50/3
f 3659/60/3 3652/60/3 3651/60/3
f 3660/33/3 3653/33/3 3652/33/3
f 3660/60/3 3652/60/3 3659/60/3
f 3661/33/3 3653/33/3 3660/33/3
f 3662/85/3 3657/85/3 3656/85/3
f 3663/245/3 3658/245/3 3657/245/3
f 3663/85/3 3657/85/3 3662/85/3
f 3664/245/3 3658/245/3 3663/245/3
f 3665/122/3 3660/122/3 3659/122/3
f 3666/56/3 3661/56/3 3660/56/3
f 3666/122/3 3660/122/3 3665/122/3
f 3667/56/3 3661/56/3 3666/56/3
f 3668/44/3 3663/44/3 3662/44/3
f 3669/220/3 3664/220/3 3663/220/3
f 3669/44/3 3663/44/3 3668/44/3
f 3670/220/3 3664/220/3 3669/220/3
f 3671/216/3 3666/216/3 3665/216/3
f 3672/15/3 3667/15/3 3666/15/3
f 3672/216/3 3666/216/3 3671/216/3
f 3673/15/3 3667/15/3 3672/15/3
f 3674/98/3 3669/98/3 3668/98/3
f 3675/215/3 3670/215/3 3669/215/3
f 3675/98/3 3669/98/3 3674/98/3
f 3676/215/3 3670/215/3 3675/215/3
f 3677/232/3 3672/232/3 3671/232/3
f 3678/232/3 3672/232/3 3677/232/3
f 3679/188/3 3676/188/3 3675/188/3
f 3680/188/3 3676/188/3 3679/188/3
f 3681/138/3 3678/138/3 3677/138/3
f 3682/138/3 3678/138/3 3681/138/3
f 3685/53/3 3680/53/3 3679/53/3
f 3686/53/3 3680/53/3 3685/53/3
f 3687/141/3 3682/141/3 3681/141/3
f 3688/66/3 3683/66/3 3682/66/3
f 3688/141/3 3682/141/3 3687/141/3
f 3689/66/3 3683/66/3 3688/66/3
f 3690/136/3 3685/136/3 3684/136/3
f 3691/50/3 3686/50/3 3685/50/3
f 3691/136/3 3685/136/3 3690/136/3
f 3692/50/3 3686/50/3 3691/50/3
f 3693/150/3 3688/150/3 3687/150/3
f 3694/10/3 3689/10/3 3688/10/3
f 3694/150/3 3688/150/3 3693/150/3
f 3695/10/3 3689/10/3 3694/10/3
f 3696/74/3 3691/74/3 3690/74/3
f 3697/106/3 3692/106/3 3691/106/3
f 3697/74/3 3691/74/3 3696/74/3
f 3698/106/3 3692/106/3 3697/106/3
f 3699/73/3 3694/73/3 3693/73/3
f 3700/15/3 3695/15/3 3694/15/3
f 3700/73/3 3694/73/3 3699/73/3
f 3701/15/3 3695/15/3 3700/15/3
f 3704/173/3 3697/173/3 3696/173/3
f 3705/211/3 3698/211/3 3697/211/3
f 3705/173/3 3697/173/3 3704/173/3
f 3706/211/3 3698/211/3 3705/211/3
f 3707/60/3 3701/60/3 3700/60/3
f 3708/207/3 3702/207/3 3701/207/3
f 3708/60/3 3701/60/3 3707/60/3
f 3709/207/3 3702/207/3 3708/207/3
f 3712/90/3 3704/90/3 3703/90/3
f 3713/148/3 3705/148/3 3704/148/3
f 3713/90/3 3704/90/3 3712/90/3
f 3714/148/3 3705/148/3 3713/148/3
f 3715/173/3 3709/173/3 3708/173/3
f 3716/31/3 3710/31/3 3709/31/3
f 3716/173/3 3709/173/3 3715/173/3
f 3717/31/3 3710/31/3 3716/31/3
f 3724/16/3 3712/16/3 3711/16/3
f 3725/87/3 3713/87/3 3712/87/3
f 3725/16/3 3712/16/3 3724/16/3
f 3726/87/3 3713/87/3 3725/87/3
f 3727/146/3 3717/146/3 3716/146/3
f 3728/246/3 3718/246/3 3717/246/3
f 3728/146/3 3717/146/3 3727/146/3
f 3729/48/3 3719/48/3 3718/48/3
f 3729/246/3 3718/246/3 3728/246/3
f 3730/10/3 3720/10/3 3719/10/3
f 3730/48/3 3719/48/3 3729/48/3
f 3731/10/3 3720/10/3 3730/10/3
f 3733/119/3 3722/119/3 3721/119/3
f 3734/8/3 3723/8/3 3722/8/3
f 3734/119/3 3722/119/3 3733/119/3
f 3735/10/3 3724/10/3 3723/10/3
f 3735/8/3 3723/8/3 3734/8/3
f 3736/47/3 3725/47/3 3724/47/3
f 3736/10/3 3724/10/3 3735/10/3
f 3737/47/3 3725/47/3 3736/47/3
f 3738/117/3 3729/117/3 3728/117/3
f 3739/65/3 3730/65/3 3729/65/3
f 3739/117/3 3729/117/3 3738/117/3
f 3740/198/3 3731/198/3 3730/198/3
f 3740/65/3 3730/65/3 3739/65/3
f 3741/88/3 3732/88/3 3731/88/3
f 3741/198/3 3731/198/3 3740/198/3
f 3742/163/3 3733/163/3 3732/163/3
f 3742/88/3 3732/88/3 3741/88/3
f 3743/17/3 3734/17/3 3733/17/3
f 3743/163/3 3733/163/3 3742/163/3
f 3744/187/3 3735/187/3 3734/187/3
f 3744/17/3 3734/17/3 3743/17/3
f 3745/63/3 3736/63/3 3735/63/3
f 3745/187/3 3735/187/3 3744/187/3
f 3746/63/3 3736/63/3 3745/63/3
f 3755/136/3 3748/136/3 3747/136/3
f 3756/158/3 3749/158/3 3748/158/3
f 3756/136/3 3748/136/3 3755/136/3
f 3757/58/3 3750/58/3 3749/58/3
f 3757/158/3 3749/158/3 3756/158/3
f 3758/43/3 3751/43/3 3750/43/3
f 3758/58/3 3750/58/3 3757/58/3
f 3759/43/3 3751/43/3 3758/43/3
f 3764/22/3 3753/22/3 3752/22/3
f 3765/34/3 3754/34/3 3753/34/3
f 3765/22/3 3753/22/3 3764/22/3
f 3766/215/3 3755/215/3 3754/215/3
f 3766/34/3 3754/34/3 3765/34/3
f 3767/128/3 3756/128/3 3755/128/3
f 3767/215/3 3755/215/3 3766/215/3
f 3768/71/3 3757/71/3 3756/71/3
f 3768/128/3 3756/128/3 3767/128/3
f 3769/201/3 3758/201/3 3757/201/3
f 3769/71/3 3757/71/3 3768/71/3
f 3770/23/3 3759/23/3 3758/23/3
f 3770/201/3 3758/201/3 3769/201/3
f 3771/223/3 3760/223/3 3759/223/3
f 3771/23/3 3759/23/3 3770/23/3
f 3772/54/3 3761/54/3 3760/54/3
f 3772/223/3 3760/223/3 3771/223/3
f 3773/19/3 3762/19/3 3761/19/3
f 3773/54/3 3761/54/3 3772/54/3
f 3774/19/3 3762/19/3 3773/19/3
f 3777/174/3 3764/174/3 3763/174/3
f 3778/66/3 3765/66/3 3764/66/3
f 3778/174/3 3764/174/3 3777/174/3
f 3779/66/3 3765/66/3 3778/66/3
f 3780/114/3 3774/114/3 3773/114/3
f 3781/127/3 3775/127/3 3774/127/3
f 3781/114/3 3774/114/3 3780/114/3
f 3782/127/3 3775/127/3 3781/127/3
f 3785/84/3 3777/84/3 3776/84/3
f 3786/80/3 3778/80/3 3777/80/3
f 3786/84/3 3777/84/3 3785/84/3
f 3787/80/3 3778/80/3 3786/80/3
f 3788/107/3 3782/107/3 3781/107/3
f 3789/238/3 3783/238/3 3782/238/3
f 3789/107/3 3782/107/3 3788/107/3
f 3790/238/3 3783/238/3 3789/238/3
f 3793/155/3 3785/155/3 3784/155/3
f 3794/170/3 3786/170/3 3785/170/3
f 3794/155/3 3785/155/3 3793/155/3
f 3795/170/3 3786/170/3 3794/170/3
f 3796/160/3 3790/160/3 3789/160/3
f 3797/231/3 3791/231/3 3790/231/3
f 3797/160/3 3790/160/3 3796/160/3
f 3798/231/3 3791/231/3 3797/231/3
f 3800/121/3 3793/121/3 3792/121/3
f 3801/136/3 3794/136/3 3793/136/3
f 3801/121/3 3793/121/3 3800/121/3
f 3802/136/3 3794/136/3 3801/136/3
f 3803/70/3 3798/70/3 3797/70/3
f 3804/182/3 3799/182/3 3798/182/3
f 3804/70/3 3798/70/3 3803/70/3
f 3805/182/3 3799/182/3 3804/182/3
f 3806/50/3 3801/50/3 3800/50/3
f 3807/50/3 3801/50/3 3806/50/3
f 3808/219/3 3805/219/3 3804/219/3
f 3809/219/3 3805/219/3 3808/219/3
f 3811/37/3 3807/37/3 3806/37/3
f 3812/37/3 3807/37/3 3811/37/3
f 3813/163/3 3809/163/3 3808/163/3
f 3814/163/3 3809/163/3 3813/163/3
f 3816/124/3 3811/124/3 3810/124/3
f 3817/149/3 3812/149/3 3811/149/3
f 3817/124/3 3811/124/3 3816/124/3
f 3818/149/3 3812/149/3 3817/149/3
f 3819/156/3 3814/156/3 3813/156/3
f 3820/170/3 3815/170/3 3814/170/3
f 3820/156/3 3814/156/3 3819/156/3
f 3821/170/3 3815/170/3 3820/170/3
f 3822/205/3 3817/205/3 3816/205/3
f 3823/251/3 3818/251/3 3817/251/3
f 3823/205/3 3817/205/3 3822/205/3
f 3824/251/3 3818/251/3 3823/251/3
f 3825/99/3 3820/99/3 3819/99/3
f 3826/172/3 3821/172/3 3820/172/3
f 3826/99/3 3820/99/3 3825/99/3
f 3827/172/3 3821/172/3 3826/172/3
f 3828/219/3 3823/219/3 3822/219/3
f 3829/59/3 3824/59/3 3823/59/3
f 3829/219/3 3823/219/3 3828/219/3
f 3830/59/3 3824/59/3 3829/59/3
f 3831/193/3 3826/193/3 3825/193/3
f 3832/203/3 3827/203/3 3826/203/3
f 3832/193/3 3826/193/3 3831/193/3
f 3833/203/3 3827/203/3 3832/203/3
f 3834/99/3 3829/99/3 3828/99/3
f 3835/126/3 3830/126/3 3829/126/3
f 3835/99/3 3829/99/3 3834/99/3
f 3836/126/3 3830/126/3 3835/126/3
f 3837/11/3 3832/11/3 3831/11/3
f 3838/62/3 3833/62/3 3832/62/3
f 3838/11/3 3832/11/3 3837/11/3
f 3839/62/3 3833/62/3 3838/62/3
f 3840/202/3 3836/202/3 3835/202/3
f 3841/202/3 3836/202/3 3840/202/3
f 3842/74/3 3838/74/3 3837/74/3
f 3843/74/3 3838/74/3 3842/74/3
f 3844/10/3 3841/10/3 3840/10/3
f 3845/10/3 3841/10/3 3844/10/3
f 3848/162/3 3843/162/3 3842/162/3
f 3849/162/3 3843/162/3 3848/162/3
f 3850/9/3 3845/9/3 3844/9/3
f 3851/127/3 3846/127/3 3845/127/3
f 3851/9/3 3845/9/3 3850/9/3
f 3852/127/3 3846/127/3 3851/127/3
f 3855/5/3 3848/5/3 3847/5/3
f 3856/89/3 3849/89/3 3848/89/3
f 3856/5/3 3848/5/3 3855/5/3
f 3857/89/3 3849/89/3 3856/89/3
f 3858/156/3 3852/156/3 3851/156/3
f 3859/120/3 3853/120/3 3852/120/3
f 3859/156/3 3852/156/3 3858/156/3
f 3860/120/3 3853/120/3 3859/120/3
f 3863/247/3 3855/247/3 3854/247/3
f 3864/25/3 3856/25/3 3855/25/3
f 3864/247/3 3855/247/3 3863/247/3
f 3865/25/3 3856/25/3 3864/25/3
f 3866/137/3 3860/137/3 3859/137/3
f 3867/92/3 3861/92/3 3860/92/3
f 3867/137/3 3860/137/3 3866/137/3
f 3868/92/3 3861/92/3 3867/92/3
f 3871/123/3 3863/123/3 3862/123/3
f 3872/236/3 3864/236/3 3863/236/3
f 3872/123/3 3863/123/3 3871/123/3
f 3873/236/3 3864/236/3 3872/236/3
f 3874/24/3 3868/24/3 3867/24/3
f 3875/191/3 3869/191/3 3868/191/3
f 3875/24/3 3868/24/3 3874/24/3
f 3876/191/3 3869/191/3 3875/191/3
f 3884/102/3 3871/102/3 3870/102/3
f 3885/88/3 3872/88/3 3871/88/3
f 3885/102/3 3871/102/3 3884/102/3
f 3886/88/3 3872/88/3 3885/88/3
f 3887/84/3 3876/84/3 3875/84/3
f 3888/229/3 3877/229/3 3876/229/3
f 3888/84/3 3876/84/3 3887/84/3
f 3889/216/3 3878/216/3 3877/216/3
f 3889/229/3 3877/229/3 3888/229/3
f 3890/11/3 3879/11/3 3878/11/3
f 3890/216/3 3878/216/3 3889/216/3
f 3891/140/3 3880/140/3 3879/140/3
f 3891/11/3 3879/11/3 3890/11/3
f 3892/99/3 3881/99/3 3880/99/3
f 3892/140/3 3880/140/3 3891/140/3
f 3893/1/3 3882/1/3 3881/1/3
f 3893/99/3 3881/99/3 3892/99/3
f 3894/153/3 3883/153/3 3882/153/3
f 3894/1/3 3882/1/3 3893/1/3
f 3895/98/3 3884/98/3 3883/98/3
f 3895/153/3 3883/153/3 3894/153/3
f 3896/88/3 3885/88/3 3884/88/3
f 3896/98/3 3884/98/3 3895/98/3
f 3897/88/3 3885/88/3 3896/88/3
f 3898/45/3 3891/45/3 3890/45/3
f 3899/253/3 3892/253/3 3891/253/3
f 3899/45/3 3891/45/3 3898/45/3
f 3900/109/3 3893/109/3 3892/109/3
f 3900/253/3 3892/253/3 3899/253/3
f 3901/80/3 3894/80/3 3893/80/3
f 3901/109/3 3893/109/3 3900/109/3
f 3902/80/3 3894/80/3 3901/80/3
f 3911/156/3 3904/156/3 3903/156/3
f 3912/104/3 3905/104/3 3904/104/3
f 3912/156/3 3904/156/3 3911/156/3
f 3913/8/3 3906/8/3 3905/8/3
f 3913/104/3 3905/104/3 3912/104/3
f 3914/9/3 3907/9/3 3906/9/3
f 3914/8/3 3906/8/3 3913/8/3
f 3915/9/3 3907/9/3 3914/9/3
f 3921/56/3 3909/56/3 3908/56/3
f 3922/58/3 3910/58/3 3909/58/3
f 3922/56/3 3909/56/3 3921/56/3
f 3923/230/3 3911/230/3 3910/230/3
f 3923/58/3 3910/58/3 3922/58/3
f 3924/230/3 3911/230/3 3923/230/3
f 3925/160/3 3916/160/3 3915/160/3
f 3926/68/3 3917/68/3 3916/68/3
f 3926/160/3 3916/160/3 3925/160/3
f 3927/36/3 3918/36/3 3917/36/3
f 3927/68/3 3917/68/3 3926/68/3
f 3928/36/3 3918/36/3 3927/36/3
f 3932/239/3 3920/239/3 3919/239/3
f 3933/40/3 3921/40/3 3920/40/3
f 3933/239/3 3920/239/3 3932/239/3
f 3934/40/3 3921/40/3 3933/40/3
f 3935/182/3 3929/182/3 3928/182/3
f 3936/46/3 3930/46/3 3929/46/3
f 3936/182/3 3929/182/3 3935/182/3
f 3937/46/3 3930/46/3 3936/46/3
f 3940/40/3 3932/40/3 3931/40/3
f 3941/232/3 3933/232/3 3932/232/3
f 3941/40/3 3932/40/3 3940/40/3
f 3942/232/3 3933/232/3 3941/232/3
f 3943/115/3 3937/115/3 3936/115/3
f 3944/51/3 3938/51/3 3937/51/3
f 3944/115/3 3937/115/3 3943/115/3
f 3945/51/3 3938/51/3 3944/51/3
f 3947/134/3 3940/134/3 3939/134/3
f 3948/158/3 3941/158/3 3940/158/3
f 3948/134/3 3940/134/3 3947/134/3
f 3949/158/3 3941/158/3 3948/158/3
f 3950/158/3 3945/158/3 3944/158/3
f 3951/255/3 3946/255/3 3945/255/3
f 3951/158/3 3945/158/3 3950/158/3
f 3952/255/3 3946/255/3 3951/255/3
f 3954/5/3 3948/5/3 3947/5/3
f 3955/5/3 3948/5/3 3954/5/3
f 3956/169/3 3952/169/3 3951/169/3
f 3957/169/3 3952/169/3 3956/169/3
f 3959/188/3 3954/188/3 3953/188/3
f 3960/188/3 3954/188/3 3959/188/3
f 3961/165/3 3958/165/3 3957/165/3
f 3962/165/3 3958/165/3 3961/165/3
f 3963/140/3 3960/140/3 3959/140/3
f 3964/140/3 3960/140/3 3963/140/3
f 3965/234/3 3962/234/3 3961/234/3
f 3966/234/3 3962/234/3 3965/234/3
f 3968/28/3 3964/28/3 3963/28/3
f 3969/28/3 3964/28/3 3968/28/3
f 3970/210/3 3966/210/3 3965/210/3
f 3971/210/3 3966/210/3 3970/210/3
f 3973/73/3 3968/73/3 3967/73/3
f 3974/73/3 3968/73/3 3973/73/3
f 3975/105/3 3972/105/3 3971/105/3
f 3976/105/3 3972/105/3 3975/105/3
f 3977/207/3 3974/207/3 3973/207/3
f 3978/207/3 3974/207/3 3977/207/3
f 3979/121/3 3976/121/3 3975/121/3
f 3980/121/3 3976/121/3 3979/121/3
f 3981/49/3 3978/49/3 3977/49/3
f 3982/49/3 3978/49/3 3981/49/3
f 3983/12/3 3980/12/3 3979/12/3
f 3984/12/3 3980/12/3 3983/12/3
f 3985/147/3 3982/147/3 3981/147/3
f 3986/147/3 3982/147/3 3985/147/3
f 3989/31/3 3984/31/3 3983/31/3
f 3990/31/3 3984/31/3 3989/31/3
f 3991/123/3 3987/123/3 3986/123/3
f 3992/123/3 3987/123/3 3991/123/3
f 3993/166/3 3989/166/3 3988/166/3
f 3994/166/3 3989/166/3 3993/166/3
f 3995/56/3 3992/56/3 3991/56/3
f 3996/56/3 3992/56/3 3995/56/3
f 3997/29/3 3994/29/3 3993/29/3
f 3998/29/3 3994/29/3 3997/29/3
f 3999/24/3 3996/24/3 3995/24/3
f 4000/24/3 3996/24/3 3999/24/3
f 4003/241/3 3998/241/3 3997/241/3
f 4004/241/3 3998/241/3 4003/241/3
f 4005/66/3 4001/66/3 4000/66/3
f 4006/66/3 4001/66/3 4005/66/3
f 4009/238/3 4003/238/3 4002/238/3
f 4010/238/3 4003/238/3 4009/238/3
f 4011/171/3 4006/171/3 4005/171/3
f 4012/153/3 4007/153/3 4006/153/3
f 4012/171/3 4006/171/3 4011/171/3
f 4013/153/3 4007/153/3 4012/153/3
f 4016/236/3 4009/236/3 4008/236/3
f 4017/14/3 4010/14/3 4009/14/3
f 4017/236/3 4009/236/3 4016/236/3
f 4018/14/3 4010/14/3 4017/14/3
f 4019/84/3 4013/84/3 4012/84/3
f 4020/50/3 4014/50/3 4013/50/3
f 4020/84/3 4013/84/3 4019/84/3
f 4021/50/3 4014/50/3 4020/50/3
f 4024/234/3 4016/234/3 4015/234/3
f 4025/252/3 4017/252/3 4016/252/3
f 4025/234/3 4016/234/3 4024/234/3
f 4026/252/3 4017/252/3 4025/252/3
f 4027/92/3 4021/92/3 4020/92/3
f 4028/251/3 4022/251/3 4021/251/3
f 4028/92/3 4021/92/3 4027/92/3
f 4029/251/3 4022/251/3 4028/251/3
f 4036/178/3 4024/178/3 4023/178/3
f 4037/41/3 4025/41/3 4024/41/3
f 4037/178/3 4024/178/3 4036/178/3
f 4038/41/3 4025/41/3 4037/41/3
f 4039/248/3 4030/248/3 4029/248/3
f 4040/206/3 4031/206/3 4030/206/3
f 4040/248/3 4030/248/3 4039/248/3
f 4041/193/3 4032/193/3 4031/193/3
f 4041/206/3 4031/206/3 4040/206/3
f 4042/193/3 4032/193/3 4041/193/3
f 4046/3/3 4034/3/3 4033/3/3
f 4047/172/3 4035/172/3 4034/172/3
f 4047/3/3 4034/3/3 4046/3/3
f 4048/25/3 4036/25/3 4035/25/3
f 4048/172/3 4035/172/3 4047/172/3
f 4049/25/3 4036/25/3 4048/25/3
f 4050/65/3 4043/65/3 4042/65/3
f 4051/4/3 4044/4/3 4043/4/3
f 4051/65/3 4043/65/3 4050/65/3
f 4052/182/3 4045/182/3 4044/182/3
f 4052/4/3 4044/4/3 4051/4/3
f 4053/190/3 4046/190/3 4045/190/3
f 4053/182/3 4045/182/3 4052/182/3
f 4054/190/3 4046/190/3 4053/190/3
f 4063/76/3 4056/76/3 4055/76/3
f 4064/144/3 4057/144/3 4056/144/3
f 4064/76/3 4056/76/3 4063/76/3
f 4065/149/3 4058/149/3 4057/149/3
f 4065/144/3 4057/144/3 4064/144/3
f 4066/160/3 4059/160/3 4058/160/3
f 4066/149/3 4058/149/3 4065/149/3
f 4067/160/3 4059/160/3 4066/160/3
f 4073/177/3 4061/177/3 4060/177/3
f 4074/69/3 4062/69/3 4061/69/3
f 4074/177/3 4061/177/3 4073/177/3
f 4075/128/3 4063/128/3 4062/128/3
f 4075/69/3 4062/69/3 4074/69/3
f 4076/128/3 4063/128/3 4075/128/3
f 4077/189/3 4068/189/3 4067/189/3
f 4078/92/3 4069/92/3 4068/92/3
f 4078/189/3 4068/189/3 4077/189/3
f 4079/129/3 4070/129/3 4069/129/3
f 4079/92/3 4069/92/3 4078/92/3
f 4080/129/3 4070/129/3 4079/129/3
f 4084/27/3 4072/27/3 4071/27/3
f 4085/86/3 4073/86/3 4072/86/3
f 4085/27/3 4072/27/3 4084/27/3
f 4086/86/3 4073/86/3 4085/86/3
f 4087/206/3 4081/206/3 4080/206/3
f 4088/4/3 4082/4/3 4081/4/3
f 4088/206/3 4081/206/3 4087/206/3
f 4089/4/3 4082/4/3 4088/4/3
f 4092/30/3 4084/30/3 4083/30/3
f 4093/30/3 4084/30/3 4092/30/3
f 4094/233/3 4090/233/3 4089/233/3
f 4095/233/3 4090/233/3 4094/233/3
f 4098/197/3 4092/197/3 4091/197/3
f 4099/197/3 4092/197/3 4098/197/3
f 4100/28/3 4096/28/3 4095/28/3
f 4101/28/3 4096/28/3 4100/28/3
f 4103/36/3 4098/36/3 4097/36/3
f 4104/36/3 4098/36/3 4103/36/3
f 4105/221/3 4102/221/3 4101/221/3
f 4106/221/3 4102/221/3 4105/221/3
f 4108/244/3 4104/244/3 4103/244/3
f 4109/244/3 4104/244/3 4108/244/3
f 4110/177/3 4106/177/3 4105/177/3
f 4111/177/3 4106/177/3 4110/177/3
f 4113/95/3 4108/95/3 4107/95/3
f 4114/95/3 4108/95/3 4113/95/3
f 4115/222/3 4112/222/3 4111/222/3
f 4116/222/3 4112/222/3 4115/222/3
f 4117/221/3 4114/221/3 4113/221/3
f 4118/221/3 4114/221/3 4117/221/3
f 4119/7/3 4116/7/3 4115/7/3
f 4120/7/3 4116/7/3 4119/7/3
f 4122/158/3 4118/158/3 4117/158/3
f 4123/158/3 4118/158/3 4122/158/3
f 4124/87/3 4120/87/3 4119/87/3
f 4125/87/3 4120/87/3 4124/87/3
f 4127/115/3 4122/115/3 4121/115/3
f 4128/115/3 4122/115/3 4127/115/3
f 4129/95/3 4126/95/3 4125/95/3
f 4130/95/3 4126/95/3 4129/95/3
f 4131/146/3 4128/146/3 4127/146/3
f 4132/146/3 4128/146/3 4131/146/3
f 4133/155/3 4130/155/3 4129/155/3
f 4134/155/3 4130/155/3 4133/155/3
f 4135/19/3 4132/19/3 4131/19/3
f 4136/19/3 4132/19/3 4135/19/3
f 4137/223/3 4134/223/3 4133/223/3
f 4138/223/3 4134/223/3 4137/223/3
f 4139/234/3 4136/234/3 4135/234/3
f 4140/234/3 4136/234/3 4139/234/3
f 4143/127/3 4138/127/3 4137/127/3
f 4144/127/3 4138/127/3 4143/127/3
f 4145/191/3 4141/191/3 4140/191/3
f 4146/191/3 4141/191/3 4145/191/3
f 4147/132/3 4143/132/3 4142/132/3
f 4148/132/3 4143/132/3 4147/132/3
f 4149/67/3 4146/67/3 4145/67/3
f 4150/67/3 4146/67/3 4149/67/3
f 4151/77/3 4148/77/3 4147/77/3
f 4152/77/3 4148/77/3 4151/77/3
f 4153/215/3 4150/215/3 4149/215/3
f 4154/215/3 4150/215/3 4153/215/3
f 4157/124/3 4152/124/3 4151/124/3
f 4158/124/3 4152/124/3 4157/124/3
f 4159/104/3 4155/104/3 4154/104/3
f 4160/104/3 4155/104/3 4159/104/3
f 4161/173/3 4157/173/3 4156/173/3
f 4162/173/3 4157/173/3 4161/173/3
f 4163/160/3 4160/160/3 4159/160/3
f 4164/160/3 4160/160/3 4163/160/3
f 4167/164/3 4162/164/3 4161/164/3
f 4168/164/3 4162/164/3 4167/164/3
f 4169/177/3 4165/177/3 4164/177/3
f 4170/177/3 4165/177/3 4169/177/3
f 4173/249/3 4167/249/3 4166/249/3
f 4174/249/3 4167/249/3 4173/249/3
f 4175/97/3 4171/97/3 4170/97/3
f 4176/97/3 4171/97/3 4175/97/3
f 4181/232/3 4173/232/3 4172/232/3
f 4182/232/3 4173/232/3 4181/232/3
f 4183/163/3 4177/163/3 4176/163/3
f 4184/131/3 4178/131/3 4177/131/3
f 4184/163/3 4177/163/3 4183/163/3
f 4185/131/3 4178/131/3 4184/131/3
f 4192/37/3 4180/37/3 4179/37/3
f 4193/132/3 4181/132/3 4180/132/3
f 4193/37/3 4180/37/3 4192/37/3
f 4194/132/3 4181/132/3 4193/132/3
f 4195/29/3 4186/29/3 4185/29/3
f 4196/248/3 4187/248/3 4186/248/3
f 4196/29/3 4186/29/3 4195/29/3
f 4197/165/3 4188/165/3 4187/165/3
f 4197/248/3 4187/248/3 4196/248/3
f 4198/165/3 4188/165/3 4197/165/3
f 4202/152/3 4190/152/3 4189/152/3
f 4203/96/3 4191/96/3 4190/96/3
f 4203/152/3 4190/152/3 4202/152/3
f 4204/148/3 4192/148/3 4191/148/3
f 4204/96/3 4191/96/3 4203/96/3
f 4205/148/3 4192/148/3 4204/148/3
f 4206/45/3 4199/45/3 4198/45/3
f 4207/221/3 4200/221/3 4199/221/3
f 4207/45/3 4199/45/3 4206/45/3
f 4208/201/3 4201/201/3 4200/201/3
f 4208/221/3 4200/221/3 4207/221/3
f 4209/162/3 4202/162/3 4201/162/3
f 4209/201/3 4201/201/3 4208/201/3
f 4210/162/3 4202/162/3 4209/162/3
f 4221/56/3 4212/56/3 4211/56/3
f 4222/57/3 4213/57/3 4212/57/3
f 4222/56/3 4212/56/3 4221/56/3
f 4223/87/3 4214/87/3 4213/87/3
f 4223/57/3 4213/57/3 4222/57/3
f 4224/87/3 4214/87/3 4223/87/3
f 4225/209/3 4216/209/3 4215/209/3
f 4226/128/3 4217/128/3 4216/128/3
f 4226/209/3 4216/209/3 4225/209/3
f 4227/210/3 4218/210/3 4217/210/3
f 4227/128/3 4217/128/3 4226/128/3
f 4228/210/3 4218/210/3 4227/210/3
f 4232/222/3 4220/222/3 4219/222/3
f 4233/207/3 4221/207/3 4220/207/3
f 4233/222/3 4220/222/3 4232/222/3
f 4234/207/3 4221/207/3 4233/207/3
f 4235/91/3 4229/91/3 4228/91/3
f 4236/205/3 4230/205/3 4229/205/3
f 4236/91/3 4229/91/3 4235/91/3
f 4237/205/3 4230/205/3 4236/205/3
f 4240/47/3 4232/47/3 4231/47/3
f 4241/47/3 4232/47/3 4240/47/3
f 4242/39/3 4238/39/3 4237/39/3
f 4243/39/3 4238/39/3 4242/39/3
f 4246/53/3 4240/53/3 4239/53/3
f 4247/53/3 4240/53/3 4246/53/3
f 4248/207/3 4244/207/3 4243/207/3
f 4249/207/3 4244/207/3 4248/207/3
f 4252/121/3 4246/121/3 4245/121/3
f 4253/121/3 4246/121/3 4252/121/3
f 4254/3/3 4250/3/3 4249/3/3
f 4255/3/3 4250/3/3 4254/3/3
f 4257/124/3 4252/124/3 4251/124/3
f 4258/124/3 4252/124/3 4257/124/3
f 4259/40/3 4256/40/3 4255/40/3
f 4260/40/3 4256/40/3 4259/40/3
f 4262/129/3 4258/129/3 4257/129/3
f 4263/129/3 4258/129/3 4262/129/3
f 4264/207/3 4260/207/3 4259/207/3
f 4265/207/3 4260/207/3 4264/207/3
f 4267/246/3 4262/246/3 4261/246/3
f 4268/246/3 4262/246/3 4267/246/3
f 4269/21/3 4266/21/3 4265/21/3
f 4270/21/3 4266/21/3 4269/21/3
f 4271/245/3 4268/245/3 4267/245/3
f 4272/245/3 4268/245/3 4271/245/3
f 4273/176/3 4270/176/3 4269/176/3
f 4274/176/3 4270/176/3 4273/176/3
f 4275/21/3 4272/21/3 4271/21/3
f 4276/21/3 4272/21/3 4275/21/3
f 4277/131/3 4274/131/3 4273/131/3
f 4278/131/3 4274/131/3 4277/131/3
f 4283/225/3 4280/225/3 4279/225/3
f 4284/225/3 4280/225/3 4283/225/3
f 4285/174/3 4282/174/3 4281/174/3
f 4286/174/3 4282/174/3 4285/174/3
f 4287/131/3 4284/131/3 4283/131/3
f 4288/131/3 4284/131/3 4287/131/3
f 4289/1/3 4286/1/3 4285/1/3
f 4290/1/3 4286/1/3 4289/1/3
f 4291/172/3 4288/172/3 4287/172/3
f 4292/172/3 4288/172/3 4291/172/3
f 4295/204/3 4290/204/3 4289/204/3
f 4296/204/3 4290/204/3 4295/204/3
f 4297/57/3 4293/57/3 4292/57/3
f 4298/57/3 4293/57/3 4297/57/3
f 4299/49/3 4295/49/3 4294/49/3
f 4300/49/3 4295/49/3 4299/49/3
f 4301/212/3 4298/212/3 4297/212/3
f 4302/212/3 4298/212/3 4301/212/3
f 4305/42/3 4300/42/3 4299/42/3
f 4306/42/3 4300/42/3 4305/42/3
f 4307/20/3 4303/20/3 4302/20/3
f 4308/20/3 4303/20/3 4307/20/3
f 4311/56/3 4305/56/3 4304/56/3
f 4312/56/3 4305/56/3 4311/56/3
f 4313/27/3 4309/27/3 4308/27/3
f 4314/27/3 4309/27/3 4313/27/3
f 4317/50/3 4311/50/3 4310/50/3
f 4318/50/3 4311/50/3 4317/50/3
f 4319/239/3 4315/239/3 4314/239/3
f 4320/239/3 4315/239/3 4319/239/3
f 4325/220/3 4317/220/3 4316/220/3
f 4326/220/3 4317/220/3 4325/220/3
f 4327/43/3 4321/43/3 4320/43/3
f 4328/2/3 4322/2/3 4321/2/3
f 4328/43/3 4321/43/3 4327/43/3
f 4329/2/3 4322/2/3 4328/2/3
f 4336/51/3 4324/51/3 4323/51/3
f 4337/63/3 4325/63/3 4324/63/3
f 4337/51/3 4324/51/3 4336/51/3
f 4338/63/3 4325/63/3 4337/63/3
f 4339/183/3 4330/183/3 4329/183/3
f 4340/71/3 4331/71/3 4330/71/3
f 4340/183/3 4330/183/3 4339/183/3
f 4341/98/3 4332/98/3 4331/98/3
f 4341/71/3 4331/71/3 4340/71/3
f 4342/98/3 4332/98/3 4341/98/3
f 4343/247/3 4334/247/3 4333/247/3
f 4344/4/3 4335/4/3 4334/4/3
f 4344/247/3 4334/247/3 4343/247/3
f 4345/23/3 4336/23/3 4335/23/3
f 4345/4/3 4335/4/3 4344/4/3
f 4346/23/3 4336/23/3 4345/23/3
f 4358/195/3 4348/195/3 4347/195/3
f 4359/62/3 4349/62/3 4348/62/3
f 4359/195/3 4348/195/3 4358/195/3
f 4360/8/3 4350/8/3 4349/8/3
f 4360/62/3 4349/62/3 4359/62/3
f 4361/145/3 4351/145/3 4350/145/3
f 4361/8/3 4350/8/3 4360/8/3
f 4362/220/3 4352/220/3 4351/220/3
f 4362/145/3 4351/145/3 4361/145/3
f 4363/245/3 4353/245/3 4352/245/3
f 4363/220/3 4352/220/3 4362/220/3
f 4364/53/3 4354/53/3 4353/53/3
f 4364/245/3 4353/245/3 4363/245/3
f 4365/143/3 4355/143/3 4354/143/3
f 4365/53/3 4354/53/3 4364/53/3
f 4366/143/3 4355/143/3 4365/143/3
f 4371/195/3 4357/195/3 4356/195/3
f 4372/195/3 4357/195/3 4371/195/3
f 4373/2/3 4368/2/3 4367/2/3
f 4374/2/3 4368/2/3 4373/2/3
f 4378/94/3 4370/94/3 4369/94/3
f 4379/94/3 4370/94/3 4378/94/3
f 4380/236/3 4376/236/3 4375/236/3
f 4381/236/3 4376/236/3 4380/236/3
f 4384/158/3 4378/158/3 4377/158/3
f 4385/158/3 4378/158/3 4384/158/3
f 4386/30/3 4382/30/3 4381/30/3
f 4387/30/3 4382/30/3 4386/30/3
f 4390/165/3 4384/165/3 4383/165/3
f 4391/165/3 4384/165/3 4390/165/3
f 4392/193/3 4388/193/3 4387/193/3
f 4393/193/3 4388/193/3 4392/193/3
f 4395/7/3 4390/7/3 4389/7/3
f 4396/7/3 4390/7/3 4395/7/3
f 4397/255/3 4394/255/3 4393/255/3
f 4398/255/3 4394/255/3 4397/255/3
f 4403/99/3 4400/99/3 4399/99/3
f 4404/99/3 4400/99/3 4403/99/3
f 4405/53/3 4402/53/3 4401/53/3
f 4406/53/3 4402/53/3 4405/53/3
f 4411/164/3 4408/164/3 4407/164/3
f 4412/164/3 4408/164/3 4411/164/3
f 4413/225/3 4410/225/3 4409/225/3
f 4414/225/3 4410/225/3 4413/225/3
f 4415/185/3 4412/185/3 4411/185/3
f 4416/185/3 4412/185/3 4415/185/3
f 4417/9/3 4414/9/3 4413/9/3
f 4418/9/3 4414/9/3 4417/9/3
f 4419/72/3 4416/72/3 4415/72/3
f 4420/72/3 4416/72/3 4419/72/3
f 4421/31/3 4418/31/3 4417/31/3
f 4422/31/3 4418/31/3 4421/31/3
f 4423/86/3 4420/86/3 4419/86/3
f 4424/86/3 4420/86/3 4423/86/3
f 4425/239/3 4422/239/3 4421/239/3
f 4426/239/3 4422/239/3 4425/239/3
f 4427/103/3 4424/103/3 4423/103/3
f 4428/103/3 4424/103/3 4427/103/3
f 4429/168/3 4426/168/3 4425/168/3
f 4430/168/3 4426/168/3 4429/168/3
f 4431/215/3 4428/215/3 4427/215/3
f 4432/215/3 4428/215/3 4431/215/3
f 4433/137/3 4430/137/3 4429/137/3
f 4434/137/3 4430/137/3 4433/137/3
f 4435/243/3 4432/243/3 4431/243/3
f 4436/243/3 4432/243/3 4435/243/3
f 4437/179/3 4434/179/3 4433/179/3
f 4438/179/3 4434/179/3 4437/179/3
f 4439/159/3 4436/159/3 4435/159/3
f 4440/159/3 4436/159/3 4439/159/3
f 4441/42/3 4438/42/3 4437/42/3
f 4442/42/3 4438/42/3 4441/42/3
f 4447/34/3 4444/34/3 4443/34/3
f 4448/34/3 4444/34/3 4447/34/3
f 4449/18/3 4446/18/3 4445/18/3
f 4450/18/3 4446/18/3 4449/18/3
f 4455/218/3 4452/218/3 4451/218/3
f 4456/218/3 4452/218/3 4455/218/3
f 4459/14/3 4454/14/3 4453/14/3
f 4460/14/3 4454/14/3 4459/14/3
f 4461/234/3 4457/234/3 4456/234/3
f 4462/234/3 4457/234/3 4461/234/3
f 4465/3/3 4459/3/3 4458/3/3
f 4466/3/3 4459/3/3 4465/3/3
f 4467/54/3 4463/54/3 4462/54/3
f 4468/54/3 4463/54/3 4467/54/3
f 4471/244/3 4465/244/3 4464/244/3
f 4472/244/3 4465/244/3 4471/244/3
f 4473/50/3 4469/50/3 4468/50/3
f 4474/50/3 4469/50/3 4473/50/3
f 4479/78/3 4471/78/3 4470/78/3
f 4480/78/3 4471/78/3 4479/78/3
f 4481/81/3 4476/81/3 4475/81/3
f 4482/81/3 4476/81/3 4481/81/3
f 4492/246/3 4478/246/3 4477/246/3
f 4493/246/3 4478/246/3 4492/246/3
f 4494/246/3 4484/246/3 4483/246/3
f 4495/170/3 4485/170/3 4484/170/3
f 4495/246/3 4484/246/3 4494/246/3
f 4496/159/3 4486/159/3 4485/159/3
f 4496/170/3 4485/170/3 4495/170/3
f 4497/150/3 4487/150/3 4486/150/3
f 4497/159/3 4486/159/3 4496/159/3
f 4498/182/3 4488/182/3 4487/182/3
f 4498/150/3 4487/150/3 4497/150/3
f 4499/35/3 4489/35/3 4488/35/3
f 4499/182/3 4488/182/3 4498/182/3
f 4500/37/3 4490/37/3 4489/37/3
f 4500/35/3 4489/35/3 4499/35/3
f 4501/224/3 4491/224/3 4490/224/3
f 4501/37/3 4490/37/3 4500/37/3
f 4502/224/3 4491/224/3 4501/224/3
f 4508/129/3 4504/129/3 4503/129/3
f 4509/103/3 4505/103/3 4504/103/3
f 4509/129/3 4504/129/3 4508/129/3
f 4510/103/3 4505/103/3 4509/103/3
f 4515/136/3 4507/136/3 4506/136/3
f 4516/136/3 4507/136/3 4515/136/3
f 4517/193/3 4512/193/3 4511/193/3
f 4518/193/3 4512/193/3 4517/193/3
f 4523/50/3 4514/50/3 4513/50/3
f 4524/50/3 4514/50/3 4523/50/3
f 4525/186/3 4520/186/3 4519/186/3
f 4526/186/3 4520/186/3 4525/186/3
f 4530/21/3 4522/21/3 4521/21/3
f 4531/21/3 4522/21/3 4530/21/3
f 4532/37/3 4528/37/3 4527/37/3
f 4533/37/3 4528/37/3 4532/37/3
f 4536/95/3 4530/95/3 4529/95/3
f 4537/95/3 4530/95/3 4536/95/3
f 4538/212/3 4534/212/3 4533/212/3
f 4539/212/3 4534/212/3 4538/212/3
f 4541/216/3 4536/216/3 4535/216/3
f 4542/216/3 4536/216/3 4541/216/3
f 4543/55/3 4540/55/3 4539/55/3
f 4544/55/3 4540/55/3 4543/55/3
f 4549/64/3 4546/64/3 4545/64/3
f 4550/64/3 4546/64/3 4549/64/3
f 4551/146/3 4548/146/3 4547/146/3
f 4552/146/3 4548/146/3 4551/146/3
f 4557/169/3 4554/169/3 4553/169/3
f 4558/169/3 4554/169/3 4557/169/3
f 4559/80/3 4556/80/3 4555/80/3
f 4560/80/3 4556/80/3 4559/80/3
f 4565/39/3 4562/39/3 4561/39/3
f 4566/39/3 4562/39/3 4565/39/3
f 4567/148/3 4564/148/3 4563/148/3
f 4568/148/3 4564/148/3 4567/148/3
f 4569/161/3 4566/161/3 4565/161/3
f 4570/161/3 4566/161/3 4569/161/3
f 4571/34/3 4568/34/3 4567/34/3
f 4572/34/3 4568/34/3 4571/34/3
f 4577/151/3 4574/151/3 4573/151/3
f 4578/151/3 4574/151/3 4577/151/3
f 4579/46/3 4576/46/3 4575/46/3
f 4580/46/3 4576/46/3 4579/46/3
f 4585/125/3 4582/125/3 4581/125/3
f 4586/125/3 4582/125/3 4585/125/3
f 4587/243/3 4584/243/3 4583/243/3
f 4588/243/3 4584/243/3 4587/243/3
f 4593/244/3 4590/244/3 4589/244/3
f 4594/244/3 4590/244/3 4593/244/3
f 4597/241/3 4592/241/3 4591/241/3
f 4598/241/3 4592/241/3 4597/241/3
f 4599/232/3 4595/232/3 4594/232/3
f 4600/232/3 4595/232/3 4599/232/3
f 4603/104/3 4597/104/3 4596/104/3
f 4604/104/3 4597/104/3 4603/104/3
f 4605/73/3 4601/73/3 4600/73/3
f 4606/73/3 4601/73/3 4605/73/3
f 4611/90/3 4603/90/3 4602/90/3
f 4612/90/3 4603/90/3 4611/90/3
f 4613/33/3 4608/33/3 4607/33/3
f 4614/33/3 4608/33/3 4613/33/3
f 4619/28/3 4610/28/3 4609/28/3
f 4620/28/3 4610/28/3 4619/28/3
f 4621/66/3 4616/66/3 4615/66/3
f 4622/66/3 4616/66/3 4621/66/3
f 4626/121/3 4618/121/3 4617/121/3
f 4627/121/3 4618/121/3 4626/121/3
f 4628/14/3 4624/14/3 4623/14/3
f 4629/108/3 4625/108/3 4624/108/3
f 4629/14/3 4624/14/3 4628/14/3
f 4630/108/3 4625/108/3 4629/108/3
f 4641/185/3 4632/185/3 4631/185/3
f 4642/57/3 4633/57/3 4632/57/3
f 4642/185/3 4632/185/3 4641/185/3
f 4643/92/3 4634/92/3 4633/92/3
f 4643/57/3 4633/57/3 4642/57/3
f 4644/92/3 4634/92/3 4643/92/3
f 4645/1/3 4636/1/3 4635/1/3
f 4646/130/3 4637/130/3 4636/130/3
f 4646/1/3 4636/1/3 4645/1/3
f 4647/149/3 4638/149/3 4637/149/3
f 4647/130/3 4637/130/3 4646/130/3
f 4648/149/3 4638/149/3 4647/149/3
f 4653/60/3 4640/60/3 4639/60/3
f 4654/60/3 4640/60/3 4653/60/3
f 4655/216/3 4650/216/3 4649/216/3
f 4656/216/3 4650/216/3 4655/216/3
f 4659/250/3 4652/250/3 4651/250/3
f 4660/250/3 4652/250/3 4659/250/3
f 4661/5/3 4658/5/3 4657/5/3
f 4662/5/3 4658/5/3 4661/5/3
f 4667/99/3 4664/99/3 4663/99/3
f 4668/99/3 4664/99/3 4667/99/3
f 4669/131/3 4666/131/3 4665/131/3
f 4670/131/3 4666/131/3 4669/131/3
f 4675/225/3 4672/225/3 4671/225/3
f 4676/225/3 4672/225/3 4675/225/3
f 4677/188/3 4674/188/3 4673/188/3
f 4678/188/3 4674/188/3 4677/188/3
f 4683/239/3 4680/239/3 4679/239/3
f 4684/239/3 4680/239/3 4683/239/3
f 4685/6/3 4682/6/3 4681/6/3
f 4686/6/3 4682/6/3 4685/6/3
f 4687/115/3 4684/115/3 4683/115/3
f 4688/115/3 4684/115/3 4687/115/3
f 4689/158/3 4686/158/3 4685/158/3
f 4690/158/3 4686/158/3 4689/158/3
f 4691/165/3 4688/165/3 4687/165/3
f 4692/165/3 4688/165/3 4691/165/3
f 4693/4/3 4690/4/3 4689/4/3
f 4694/4/3 4690/4/3 4693/4/3
f 4699/118/3 4696/118/3 4695/118/3
f 4700/118/3 4696/118/3 4699/118/3
f 4701/153/3 4698/153/3 4697/153/3
f 4702/153/3 4698/153/3 4701/153/3
f 4703/19/3 4700/19/3 4699/19/3
f 4704/19/3 4700/19/3 4703/19/3
f 4705/83/3 4702/83/3 4701/83/3
f 4706/83/3 4702/83/3 4705/83/3
f 4707/197/3 4704/197/3 4703/197/3
f 4708/197/3 4704/197/3 4707/197/3
f 4709/33/3 4706/33/3 4705/33/3
f 4710/33/3 4706/33/3 4709/33/3
f 4715/51/3 4712/51/3 4711/51/3
f 4716/51/3 4712/51/3 4715/51/3
f 4717/58/3 4714/58/3 4713/58/3
f 4718/58/3 4714/58/3 4717/58/3
f 4723/246/3 4720/246/3 4719/246/3
f 4724/246/3 4720/246/3 4723/246/3
f 4725/43/3 4722/43/3 4721/43/3
f 4726/43/3 4722/43/3 4725/43/3
f 4731/137/3 4728/137/3 4727/137/3
f 4732/137/3 4728/137/3 4731/137/3
f 4737/176/3 4730/176/3 4729/176/3
f 4738/176/3 4730/176/3 4737/176/3
f 4739/43/3 4734/43/3 4733/43/3
f 4740/43/3 4734/43/3 4739/43/3
f 4749/116/3 4736/116/3 4735/116/3
f 4750/116/3 4736/116/3 4749/116/3
f 4751/123/3 4742/123/3 4741/123/3
f 4752/239/3 4743/239/3 4742/239/3
f 4752/123/3 4742/123/3 4751/123/3
f 4753/186/3 4744/186/3 4743/186/3
f 4753/239/3 4743/239/3 4752/239/3
f 4754/186/3 4744/186/3 4753/186/3
f 4755/148/3 4746/148/3 4745/148/3
f 4756/241/3 4747/241/3 4746/241/3
f 4756/148/3 4746/148/3 4755/148/3
f 4757/187/3 4748/187/3 4747/187/3
f 4757/241/3 4747/241/3 4756/241/3
f 4758/187/3 4748/187/3 4757/187/3
f 4765/247/3 4760/247/3 4759/247/3
f 4766/247/3 4760/247/3 4765/247/3
f 4767/161/3 4762/161/3 4761/161/3
f 4768/161/3 4762/161/3 4767/161/3
f 4773/2/3 4764/2/3 4763/2/3
f 4774/2/3 4764/2/3 4773/2/3
f 4775/136/3 4770/136/3 4769/136/3
f 4776/136/3 4770/136/3 4775/136/3
f 4780/185/3 4772/185/3 4771/185/3
f 4781/185/3 4772/185/3 4780/185/3
f 4782/179/3 4778/179/3 4777/179/3
f 4783/179/3 4778/179/3 4782/179/3
f 4786/78/3 4780/78/3 4779/78/3
f 4787/78/3 4780/78/3 4786/78/3
f 4788/205/3 4784/205/3 4783/205/3
f 4789/205/3 4784/205/3 4788/205/3
f 4792/88/3 4786/88/3 4785/88/3
f 4793/88/3 4786/88/3 4792/88/3
f 4794/16/3 4790/16/3 4789/16/3
f 4795/16/3 4790/16/3 4794/16/3
f 4797/153/3 4792/153/3 4791/153/3
f 4798/153/3 4792/153/3 4797/153/3
f 4799/122/3 4796/122/3 4795/122/3
f 4800/122/3 4796/122/3 4799/122/3
f 4805/213/3 4802/213/3 4801/213/3
f 4806/213/3 4802/213/3 4805/213/3
f 4807/4/3 4804/4/3 4803/4/3
f 4808/4/3 4804/4/3 4807/4/3
f 4813/160/3 4810/160/3 4809/160/3
f 4814/160/3 4810/160/3 4813/160/3
f 4815/107/3 4812/107/3 4811/107/3
f 4816/107/3 4812/107/3 4815/107/3
f 4821/4/3 4818/4/3 4817/4/3
f 4822/4/3 4818/4/3 4821/4/3
f 4823/106/3 4820/106/3 4819/106/3
f 4824/106/3 4820/106/3 4823/106/3
f 4829/64/3 4826/64/3 4825/64/3
f 4830/64/3 4826/64/3 4829/64/3
f 4831/198/3 4828/198/3 4827/198/3
f 4832/198/3 4828/198/3 4831/198/3
f 4837/115/3 4834/115/3 4833/115/3
f 4838/115/3 4834/115/3 4837/115/3
f 4841/100/3 4836/100/3 4835/100/3
f 4842/100/3 4836/100/3 4841/100/3
f 4843/241/3 4839/241/3 4838/241/3
f 4844/241/3 4839/241/3 4843/241/3
f 4847/165/3 4841/165/3 4840/165/3
f 4848/165/3 4841/165/3 4847/165/3
f 4849/231/3 4845/231/3 4844/231/3
f 4850/231/3 4845/231/3 4849/231/3
f 4853/67/3 4847/67/3 4846/67/3
f 4854/67/3 4847/67/3 4853/67/3
f 4855/129/3 4851/129/3 4850/129/3
f 4856/129/3 4851/129/3 4855/129/3
f 4861/233/3 4853/233/3 4852/233/3
f 4862/233/3 4853/233/3 4861/233/3
f 4863/78/3 4858/78/3 4857/78/3
f 4864/78/3 4858/78/3 4863/78/3
f 4869/140/3 4860/140/3 4859/140/3
f 4870/140/3 4860/140/3 4869/140/3
f 4871/3/3 4866/3/3 4865/3/3
f 4872/3/3 4866/3/3 4871/3/3
f 4873/16/3 4868/16/3 4867/16/3
f 4874/16/3 4868/16/3 4873/16/3
f 4882/205/3 4876/205/3 4875/205/3
f 4883/44/3 4877/44/3 4876/44/3
f 4883/205/3 4876/205/3 4882/205/3
f 4884/52/3 4878/52/3 4877/52/3
f 4884/44/3 4877/44/3 4883/44/3
f 4885/48/3 4879/48/3 4878/48/3
f 4885/52/3 4878/52/3 4884/52/3
f 4886/48/3 4879/48/3 4885/48/3
f 4891/191/3 4881/191/3 4880/191/3
f 4892/191/3 4881/191/3 4891/191/3
f 4893/244/3 4888/244/3 4887/244/3
f 4894/244/3 4888/244/3 4893/244/3
f 4897/101/3 4890/101/3 4889/101/3
f 4898/101/3 4890/101/3 4897/101/3
f 4899/181/3 4896/181/3 4895/181/3
f 4900/181/3 4896/181/3 4899/181/3
f 4905/229/3 4902/229/3 4901/229/3
f 4906/229/3 4902/229/3 4905/229/3
f 4907/238/3 4904/238/3 4903/238/3
f 4908/238/3 4904/238/3 4907/238/3
f 4913/152/3 4910/152/3 4909/152/3
f 4914/152/3 4910/152/3 4913/152/3
f 4915/231/3 4912/231/3 4911/231/3
f 4916/231/3 4912/231/3 4915/231/3
f 4921/150/3 4918/150/3 4917/150/3
f 4922/150/3 4918/150/3 4921/150/3
f 4923/121/3 4920/121/3 4919/121/3
f 4924/121/3 4920/121/3 4923/121/3
f 4925/145/3 4922/145/3 4921/145/3
f 4926/145/3 4922/145/3 4925/145/3
f 4927/21/3 4924/21/3 4923/21/3
f 4928/21/3 4924/21/3 4927/21/3
f 4929/220/3 4926/220/3 4925/220/3
f 4930/220/3 4926/220/3 4929/220/3
f 4931/194/3 4928/194/3 4927/194/3
f 4932/194/3 4928/194/3 4931/194/3
f 4933/192/3 4930/192/3 4929/192/3
f 4934/192/3 4930/192/3 4933/192/3
f 4935/173/3 4932/173/3 4931/173/3
f 4936/173/3 4932/173/3 4935/173/3
f 4941/203/3 4938/203/3 4937/203/3
f 4942/203/3 4938/203/3 4941/203/3
f 4943/86/3 4940/86/3 4939/86/3
f 4944/86/3 4940/86/3 4943/86/3
f 4949/99/3 4946/99/3 4945/99/3
f 4950/99/3 4946/99/3 4949/99/3
f 4951/46/3 4948/46/3 4947/46/3
f 4952/46/3 4948/46/3 4951/46/3
f 4957/29/3 4954/29/3 4953/29/3
f 4958/29/3 4954/29/3 4957/29/3
f 4963/240/3 4956/240/3 4955/240/3
f 4964/240/3 4956/240/3 4963/240/3
f 4965/65/3 4960/65/3 4959/65/3
f 4966/65/3 4960/65/3 4965/65/3
f 4972/227/3 4962/227/3 4961/227/3
f 4973/227/3 4962/227/3 4972/227/3
f 4974/95/3 4968/95/3 4967/95/3
f 4975/126/3 4969/126/3 4968/126/3
f 4975/95/3 4968/95/3 4974/95/3
f 4976/184/3 4970/184/3 4969/184/3
f 4976/126/3 4969/126/3 4975/126/3
f 4977/13/3 4971/13/3 4970/13/3
f 4977/184/3 4970/184/3 4976/184/3
f 4978/13/3 4971/13/3 4977/13/3
f 4983/37/3 4980/37/3 4979/37/3
f 4984/37/3 4980/37/3 4983/37/3
f 4985/99/3 4982/99/3 4981/99/3
f 4986/99/3 4982/99/3 4985/99/3
f 4991/255/3 4988/255/3 4987/255/3
f 4992/255/3 4988/255/3 4991/255/3
f 4993/31/3 4990/31/3 4989/31/3
f 4994/31/3 4990/31/3 4993/31/3
f 4999/254/3 4996/254/3 4995/254/3
f 5000/254/3 4996/254/3 4999/254/3
f 5001/3/3 4998/3/3 4997/3/3
f 5002/3/3 4998/3/3 5001/3/3
f 5007/217/3 5004/217/3 5003/217/3
f 5008/217/3 5004/217/3 5007/217/3
f 5009/56/3 5006/56/3 5005/56/3
f 5010/56/3 5006/56/3 5009/56/3
f 5015/43/3 5012/43/3 5011/43/3
f 5016/43/3 5012/43/3 5015/43/3
f 5017/228/3 5014/228/3 5013/228/3
f 5018/228/3 5014/228/3 5017/228/3
f 5024/206/3 5020/206/3 5019/206/3
f 5025/206/3 5020/206/3 5024/206/3
f 5026/229/3 5022/229/3 5021/229/3
f 5027/229/3 5022/229/3 5026/229/3
f 5030/110/3 5024/110/3 5023/110/3
f 5031/110/3 5024/110/3 5030/110/3
f 5032/200/3 5028/200/3 5027/200/3
f 5033/200/3 5028/200/3 5032/200/3
f 5035/181/3 5030/181/3 5029/181/3
f 5036/181/3 5030/181/3 5035/181/3
f 5037/247/3 5034/247/3 5033/247/3
f 5038/247/3 5034/247/3 5037/247/3
f 5043/120/3 5040/120/3 5039/120/3
f 5044/120/3 5040/120/3 5043/120/3
f 5045/17/3 5042/17/3 5041/17/3
f 5046/17/3 5042/17/3 5045/17/3
f 5051/74/3 5048/74/3 5047/74/3
f 5052/74/3 5048/74/3 5051/74/3
f 5053/238/3 5050/238/3 5049/238/3
f 5054/238/3 5050/238/3 5053/238/3
f 5059/197/3 5056/197/3 5055/197/3
f 5060/197/3 5056/197/3 5059/197/3
f 5063/157/3 5058/157/3 5057/157/3
f 5064/157/3 5058/157/3 5063/157/3
f 5065/126/3 5061/126/3 5060/126/3
f 5066/126/3 5061/126/3 5065/126/3
f 5069/14/3 5063/14/3 5062/14/3
f 5070/14/3 5063/14/3 5069/14/3
f 5071/190/3 5067/190/3 5066/190/3
f 5072/190/3 5067/190/3 5071/190/3
f 5073/80/3 5069/80/3 5068/80/3
f 5074/80/3 5069/80/3 5073/80/3
f 5079/152/3 5076/152/3 5075/152/3
f 5080/152/3 5076/152/3 5079/152/3
f 5081/225/3 5078/225/3 5077/225/3
f 5082/225/3 5078/225/3 5081/225/3
f 5087/169/3 5084/169/3 5083/169/3
f 5088/169/3 5084/169/3 5087/169/3
f 5089/152/3 5086/152/3 5085/152/3
f 5090/152/3 5086/152/3 5089/152/3
f 5095/233/3 5092/233/3 5091/233/3
f 5096/233/3 5092/233/3 5095/233/3
f 5097/49/3 5094/49/3 5093/49/3
f 5098/49/3 5094/49/3 5097/49/3
f 5103/130/3 5100/130/3 5099/130/3
f 5104/130/3 5100/130/3 5103/130/3
f 5105/17/3 5102/17/3 5101/17/3
f 5106/17/3 5102/17/3 5105/17/3
f 5111/176/3 5108/176/3 5107/176/3
f 5112/176/3 5108/176/3 5111/176/3
f 5113/116/3 5110/116/3 5109/116/3
f 5114/116/3 5110/116/3 5113/116/3
f 5115/12/4 5116/12/4 5119/12/4
f 5119/12/4 5116/12/4 5120/12/4
f 5117/184/4 5118/184/4 5121/184/4
f 5121/184/4 5118/184/4 5122/184/4
f 5123/13/4 5124/13/4 5127/13/4
f 5127/13/4 5124/13/4 5128/13/4
f 5125/58/4 5126/58/4 5129/58/4
f 5129/58/4 5126/58/4 5130/58/4
f 5131/61/4 5132/61/4 5135/61/4
f 5135/61/4 5132/61/4 5136/61/4
f 5133/146/4 5134/146/4 5137/146/4
f 5137/146/4 5134/146/4 5138/146/4
f 5139/138/4 5140/138/4 5143/138/4
f 5143/138/4 5140/138/4 5144/138/4
f 5141/82/4 5142/82/4 5145/82/4
f 5145/82/4 5142/82/4 5146/82/4
f 5147/134/4 5148/134/4 5151/134/4
f 5151/134/4 5148/134/4 5152/134/4
f 5149/43/4 5150/43/4 5153/43/4
f 5153/43/4 5150/43/4 5154/43/4
f 5155/58/4 5156/58/4 5160/58/4
f 5160/58/4 5156/58/4 5161/58/4
f 5157/249/4 5158/249/4 5162/249/4
f 5162/249/4 5158/249/4 5163/249/4
f 5159/76/4 5160/76/4 5166/76/4
f 5166/76/4 5160/76/4 5167/76/4
f 5163/59/4 5164/59/4 5168/59/4
f 5168/59/4 5164/59/4 5169/59/4
f 5165/127/4 5166/127/4 5171/127/4
f 5171/127/4 5166/127/4 5172/127/4
f 5169/128/4 5170/128/4 5173/128/4
f 5173/128/4 5170/128/4 5174/128/4
f 5175/26/4 5176/26/4 5179/26/4
f 5179/26/4 5176/26/4 5180/26/4
f 5177/44/4 5178/44/4 5181/44/4
f 5181/44/4 5178/44/4 5182/44/4
f 5183/71/4 5184/71/4 5187/71/4
f 5187/71/4 5184/71/4 5188/71/4
f 5185/93/4 5186/93/4 5189/93/4
f 5189/93/4 5186/93/4 5190/93/4
f 5191/203/4 5192/203/4 5195/203/4
f 5195/203/4 5192/203/4 5196/203/4
f 5193/100/4 5194/100/4 5199/100/4
f 5199/100/4 5194/100/4 5200/100/4
f 5196/1/4 5197/1/4 5201/1/4
f 5201/1/4 5197/1/4 5202/1/4
f 5198/149/4 5199/149/4 5205/149/4
f 5205/149/4 5199/149/4 5206/149/4
f 5202/140/4 5203/140/4 5207/140/4
f 5207/140/4 5203/140/4 5208/140/4
f 5204/206/4 5205/206/4 5209/206/4
f 5209/206/4 5205/206/4 5210/206/4
f 5211/153/4 5212/153/4 5215/153/4
f 5215/153/4 5212/153/4 5216/153/4
f 5213/202/4 5214/202/4 5217/202/4
f 5217/202/4 5214/202/4 5218/202/4
f 5219/104/4 5220/104/4 5223/104/4
f 5223/104/4 5220/104/4 5224/104/4
f 5221/223/4 5222/223/4 5225/223/4
f 5225/223/4 5222/223/4 5226/223/4
f 5227/69/4 5228/69/4 5231/69/4
f 5231/69/4 5228/69/4 5232/69/4
f 5229/186/4 5230/186/4 5233/186/4
f 5233/186/4 5230/186/4 5234/186/4
f 5235/22/4 5236/22/4 5239/22/4
f 5239/22/4 5236/22/4 5240/22/4
f 5237/159/4 5238/159/4 5241/159/4
f 5241/159/4 5238/159/4 5242/159/4
f 5243/253/4 5244/253/4 5247/253/4
f 5247/253/4 5244/253/4 5248/253/4
f 5245/86/4 5246/86/4 5249/86/4
f 5249/86/4 5246/86/4 5250/86/4
f 5251/89/4 5252/89/4 5258/89/4
f 5252/69/4 5253/69/4 5259/69/4
f 5258/89/4 5252/89/4 5259/89/4
f 5253/199/4 5254/199/4 5260/199/4
f 5259/69/4 5253/69/4 5260/69/4
f 5254/33/4 5255/33/4 5261/33/4
f 5260/199/4 5254/199/4 5261/199/4
f 5261/33/4 5255/33/4 5262/33/4
f 5256/152/4 5257/152/4 5267/152/4
f 5267/152/4 5257/152/4 5268/152/4
f 5263/96/4 5264/96/4 5269/96/4
f 5269/96/4 5264/96/4 5270/96/4
f 5265/116/4 5266/116/4 5273/116/4
f 5273/116/4 5266/116/4 5274/116/4
f 5271/235/4 5272/235/4 5275/235/4
f 5275/235/4 5272/235/4 5276/235/4
f 5277/79/4 5278/79/4 5281/79/4
f 5281/79/4 5278/79/4 5282/79/4
f 5279/124/4 5280/124/4 5283/124/4
f 5283/124/4 5280/124/4 5284/124/4
f 5285/4/4 5286/4/4 5289/4/4
f 5289/4/4 5286/4/4 5290/4/4
f 5287/43/4 5288/43/4 5291/43/4
f 5291/43/4 5288/43/4 5292/43/4
f 5293/53/4 5294/53/4 5297/53/4
f 5297/53/4 5294/53/4 5298/53/4
f 5295/154/4 5296/154/4 5299/154/4
f 5299/154/4 5296/154/4 5300/154/4
f 5297/237/4 5298/237/4 5301/237/4
f 5301/237/4 5298/237/4 5302/237/4
f 5299/7/4 5300/7/4 5303/7/4
f 5303/7/4 5300/7/4 5304/7/4
f 5301/161/4 5302/161/4 5305/161/4
f 5305/161/4 5302/161/4 5306/161/4
f 5303/55/4 5304/55/4 5307/55/4
f 5307/55/4 5304/55/4 5308/55/4
f 5305/1/4 5306/1/4 5309/1/4
f 5309/1/4 5306/1/4 5310/1/4
f 5307/26/4 5308/26/4 5311/26/4
f 5311/26/4 5308/26/4 5312/26/4
f 5313/109/4 5314/109/4 5317/109/4
f 5317/109/4 5314/109/4 5318/109/4
f 5315/240/4 5316/240/4 5319/240/4
f 5319/240/4 5316/240/4 5320/240/4
f 5321/42/4 5322/42/4 5325/42/4
f 5325/42/4 5322/42/4 5326/42/4
f 5323/172/4 5324/172/4 5327/172/4
f 5327/172/4 5324/172/4 5328/172/4
f 5329/114/4 5330/114/4 5333/114/4
f 5333/114/4 5330/114/4 5334/114/4
f 5331/235/4 5332/235/4 5339/235/4
f 5339/235/4 5332/235/4 5340/235/4
f 5335/127/4 5336/127/4 5341/127/4
f 5341/127/4 5336/127/4 5342/127/4
f 5337/175/4 5338/175/4 5348/175/4
f 5348/175/4 5338/175/4 5349/175/4
f 5343/177/4 5344/177/4 5350/177/4
f 5344/40/4 5345/40/4 5351/40/4
f 5350/177/4 5344/177/4 5351/177/4
f 5345/19/4 5346/19/4 5352/19/4
f 5351/40/4 5345/40/4 5352/40/4
f 5346/88/4 5347/88/4 5353/88/4
f 5352/19/4 5346/19/4 5353/19/4
f 5353/88/4 5347/88/4 5354/88/4
f 5355/116/4 5356/116/4 5361/116/4
f 5361/116/4 5356/116/4 5362/116/4
f 5357/75/4 5358/75/4 5363/75/4
f 5363/75/4 5358/75/4 5364/75/4
f 5359/215/4 5360/215/4 5369/215/4
f 5369/215/4 5360/215/4 5370/215/4
f 5365/194/4 5366/194/4 5371/194/4
f 5371/194/4 5366/194/4 5372/194/4
f 5367/130/4 5368/130/4 5376/130/4
f 5376/130/4 5368/130/4 5377/130/4
f 5373/124/4 5374/124/4 5378/124/4
f 5378/124/4 5374/124/4 5379/124/4
f 5375/113/4 5376/113/4 5382/113/4
f 5382/113/4 5376/113/4 5383/113/4
f 5379/174/4 5380/174/4 5384/174/4
f 5384/174/4 5380/174/4 5385/174/4
f 5381/60/4 5382/60/4 5388/60/4
f 5388/60/4 5382/60/4 5389/60/4
f 5385/7/4 5386/7/4 5390/7/4
f 5390/7/4 5386/7/4 5391/7/4
f 5387/155/4 5388/155/4 5393/155/4
f 5393/155/4 5388/155/4 5394/155/4
f 5391/192/4 5392/192/4 5395/192/4
f 5395/192/4 5392/192/4 5396/192/4
f 5397/7/4 5398/7/4 5401/7/4
f 5401/7/4 5398/7/4 5402/7/4
f 5399/126/4 5400/126/4 5403/126/4
f 5403/126/4 5400/126/4 5404/126/4
f 5405/6/4 5406/6/4 5409/6/4
f 5409/6/4 5406/6/4 5410/6/4
f 5407/15/4 5408/15/4 5411/15/4
f 5411/15/4 5408/15/4 5412/15/4
f 5413/43/4 5414/43/4 5417/43/4
f 5417/43/4 5414/43/4 5418/43/4
f 5415/220/4 5416/220/4 5419/220/4
f 5419/220/4 5416/220/4 5420/220/4
f 5421/118/4 5422/118/4 5425/118/4
f 5425/118/4 5422/118/4 5426/118/4
f 5423/27/4 5424/27/4 5427/27/4
f 5427/27/4 5424/27/4 5428/27/4
f 5429/103/4 5430/103/4 5433/103/4
f 5433/103/4 5430/103/4 5434/103/4
f 5431/85/4 5432/85/4 5437/85/4
f 5437/85/4 5432/85/4 5438/85/4
f 5434/159/4 5435/159/4 5439/159/4
f 5439/159/4 5435/159/4 5440/159/4
f 5436/26/4 5437/26/4 5443/26/4
f 5443/26/4 5437/26/4 5444/26/4
f 5440/246/4 5441/246/4 5445/246/4
f 5445/246/4 5441/246/4 5446/246/4
f 5442/20/4 5443/20/4 5449/20/4
f 5449/20/4 5443/20/4 5450/20/4
f 5446/207/4 5447/207/4 5451/207/4
f 5451/207/4 5447/207/4 5452/207/4
f 5448/104/4 5449/104/4 5457/104/4
f 5457/104/4 5449/104/4 5458/104/4
f 5453/239/4 5454/239/4 5459/239/4
f 5459/239/4 5454/239/4 5460/239/4
f 5455/186/4 5456/186/4 5465/186/4
f 5465/186/4 5456/186/4 5466/186/4
f 5461/25/4 5462/25/4 5467/25/4
f 5467/25/4 5462/25/4 5468/25/4
f 5463/36/4 5464/36/4 5469/36/4
f 5469/36/4 5464/36/4 5470/36/4
f 5471/123/4 5472/123/4 5481/123/4
f 5472/243/4 5473/243/4 5482/243/4
f 5481/123/4 5472/123/4 5482/123/4
f 5473/95/4 5474/95/4 5483/95/4
f 5482/243/4 5473/243/4 5483/243/4
f 5483/95/4 5474/95/4 5484/95/4
f 5475/218/4 5476/218/4 5485/218/4
f 5476/50/4 5477/50/4 5486/50/4
f 5485/218/4 5476/218/4 5486/218/4
f 5477/23/4 5478/23/4 5487/23/4
f 5486/50/4 5477/50/4 5487/50/4
f 5487/23/4 5478/23/4 5488/23/4
f 5479/221/4 5480/221/4 5493/221/4
f 5493/221/4 5480/221/4 5494/221/4
f 5489/62/4 5490/62/4 5495/62/4
f 5495/62/4 5490/62/4 5496/62/4
f 5491/137/4 5492/137/4 5499/137/4
f 5499/137/4 5492/137/4 5500/137/4
f 5497/151/4 5498/151/4 5501/151/4
f 5501/151/4 5498/151/4 5502/151/4
f 5503/181/4 5504/181/4 5507/181/4
f 5507/181/4 5504/181/4 5508/181/4
f 5505/112/4 5506/112/4 5509/112/4
f 5509/112/4 5506/112/4 5510/112/4
f 5511/134/4 5512/134/4 5515/134/4
f 5515/134/4 5512/134/4 5516/134/4
f 5513/51/4 5514/51/4 5517/51/4
f 5517/51/4 5514/51/4 5518/51/4
f 5519/166/4 5520/166/4 5523/166/4
f 5523/166/4 5520/166/4 5524/166/4
f 5521/96/4 5522/96/4 5525/96/4
f 5525/96/4 5522/96/4 5526/96/4
f 5523/127/4 5524/127/4 5527/127/4
f 5527/127/4 5524/127/4 5528/127/4
f 5525/38/4 5526/38/4 5529/38/4
f 5529/38/4 5526/38/4 5530/38/4
f 5527/23/4 5528/23/4 5531/23/4
f 5531/23/4 5528/23/4 5532/23/4
f 5529/147/4 5530/147/4 5533/147/4
f 5533/147/4 5530/147/4 5534/147/4
f 5535/250/4 5536/250/4 5539/250/4
f 5539/250/4 5536/250/4 5540/250/4
f 5537/162/4 5538/162/4 5541/162/4
f 5541/162/4 5538/162/4 5542/162/4
f 5539/63/4 5540/63/4 5543/63/4
f 5543/63/4 5540/63/4 5544/63/4
f 5541/229/4 5542/229/4 5545/229/4
f 5545/229/4 5542/229/4 5546/229/4
f 5543/238/4 5544/238/4 5547/238/4
f 5547/238/4 5544/238/4 5548/238/4
f 5545/23/4 5546/23/4 5549/23/4
f 5549/23/4 5546/23/4 5550/23/4
f 5551/79/4 5552/79/4 5555/79/4
f 5555/79/4 5552/79/4 5556/79/4
f 5553/185/4 5554/185/4 5557/185/4
f 5557/185/4 5554/185/4 5558/185/4
f 5559/99/4 5560/99/4 5563/99/4
f 5563/99/4 5560/99/4 5564/99/4
f 5561/67/4 5562/67/4 5565/67/4
f 5565/67/4 5562/67/4 5566/67/4
f 5567/98/4 5568/98/4 5571/98/4
f 5571/98/4 5568/98/4 5572/98/4
f 5569/210/4 5570/210/4 5577/210/4
f 5577/210/4 5570/210/4 5578/210/4
f 5573/34/4 5574/34/4 5579/34/4
f 5579/34/4 5574/34/4 5580/34/4
f 5575/146/4 5576/146/4 5589/146/4
f 5589/146/4 5576/146/4 5590/146/4
f 5581/243/4 5582/243/4 5591/243/4
f 5582/196/4 5583/196/4 5592/196/4
f 5591/243/4 5582/243/4 5592/243/4
f 5583/111/4 5584/111/4 5593/111/4
f 5592/196/4 5583/196/4 5593/196/4
f 5593/111/4 5584/111/4 5594/111/4
f 5585/220/4 5586/220/4 5595/220/4
f 5586/144/4 5587/144/4 5596/144/4
f 5595/220/4 5586/220/4 5596/220/4
f 5587/123/4 5588/123/4 5597/123/4
f 5596/144/4 5587/144/4 5597/144/4
f 5597/123/4 5588/123/4 5598/123/4
f 5599/67/4 5600/67/4 5604/67/4
f 5600/98/4 5601/98/4 5605/98/4
f 5604/67/4 5600/67/4 5605/67/4
f 5605/98/4 5601/98/4 5606/98/4
f 5602/185/4 5603/185/4 5611/185/4
f 5611/185/4 5603/185/4 5612/185/4
f 5607/50/4 5608/50/4 5613/50/4
f 5613/50/4 5608/50/4 5614/50/4
f 5609/235/4 5610/235/4 5619/235/4
f 5619/235/4 5610/235/4 5620/235/4
f 5615/130/4 5616/130/4 5621/130/4
f 5621/130/4 5616/130/4 5622/130/4
f 5617/73/4 5618/73/4 5626/73/4
f 5626/73/4 5618/73/4 5627/73/4
f 5623/187/4 5624/187/4 5628/187/4
f 5628/187/4 5624/187/4 5629/187/4
f 5625/119/4 5626/119/4 5632/119/4
f 5632/119/4 5626/119/4 5633/119/4
f 5629/92/4 5630/92/4 5634/92/4
f 5634/92/4 5630/92/4 5635/92/4
f 5631/109/4 5632/109/4 5637/109/4
f 5637/109/4 5632/109/4 5638/109/4
f 5635/18/4 5636/18/4 5639/18/4
f 5639/18/4 5636/18/4 5640/18/4
f 5641/20/4 5642/20/4 5645/20/4
f 5645/20/4 5642/20/4 5646/20/4
f 5643/27/4 5644/27/4 5647/27/4
f 5647/27/4 5644/27/4 5648/27/4
f 5649/129/4 5650/129/4 5653/129/4
f 5653/129/4 5650/129/4 5654/129/4
f 5651/56/4 5652/56/4 5655/56/4
f 5655/56/4 5652/56/4 5656/56/4
f 5657/115/4 5658/115/4 5661/115/4
f 5661/115/4 5658/115/4 5662/115/4
f 5659/169/4 5660/169/4 5663/169/4
f 5663/169/4 5660/169/4 5664/169/4
f 5661/165/4 5662/165/4 5665/165/4
f 5665/165/4 5662/165/4 5666/165/4
f 5663/23/4 5664/23/4 5667/23/4
f 5667/23/4 5664/23/4 5668/23/4
f 5669/94/4 5670/94/4 5673/94/4
f 5673/94/4 5670/94/4 5674/94/4
f 5671/45/4 5672/45/4 5675/45/4
f 5675/45/4 5672/45/4 5676/45/4
f 5677/47/4 5678/47/4 5681/47/4
f 5681/47/4 5678/47/4 5682/47/4
f 5679/46/4 5680/46/4 5683/46/4
f 5683/46/4 5680/46/4 5684/46/4
f 5685/48/4 5686/48/4 5689/48/4
f 5689/48/4 5686/48/4 5690/48/4
f 5687/229/4 5688/229/4 5693/229/4
f 5693/229/4 5688/229/4 5694/229/4
f 5690/190/4 5691/190/4 5695/190/4
f 5695/190/4 5691/190/4 5696/190/4
f 5692/58/4 5693/58/4 5699/58/4
f 5699/58/4 5693/58/4 5700/58/4
f 5696/134/4 5697/134/4 5701/134/4
f 5701/134/4 5697/134/4 5702/134/4
f 5698/239/4 5699/239/4 5707/239/4
f 5707/239/4 5699/239/4 5708/239/4
f 5703/35/4 5704/35/4 5709/35/4
f 5709/35/4 5704/35/4 5710/35/4
f 5705/109/4 5706/109/4 5715/109/4
f 5715/109/4 5706/109/4 5716/109/4
f 5711/162/4 5712/162/4 5717/162/4
f 5717/162/4 5712/162/4 5718/162/4
f 5713/173/4 5714/173/4 5722/173/4
f 5722/173/4 5714/173/4 5723/173/4
f 5719/95/4 5720/95/4 5724/95/4
f 5720/156/4 5721/156/4 5725/156/4
f 5724/95/4 5720/95/4 5725/95/4
f 5725/156/4 5721/156/4 5726/156/4
f 5727/97/4 5728/97/4 5738/97/4
f 5728/132/4 5729/132/4 5739/132/4
f 5738/97/4 5728/97/4 5739/97/4
f 5729/154/4 5730/154/4 5740/154/4
f 5739/132/4 5729/132/4 5740/132/4
f 5730/33/4 5731/33/4 5741/33/4
f 5740/154/4 5730/154/4 5741/154/4
f 5731/204/4 5732/204/4 5742/204/4
f 5741/33/4 5731/33/4 5742/33/4
f 5732/240/4 5733/240/4 5743/240/4
f 5742/204/4 5732/204/4 5743/204/4
f 5733/231/4 5734/231/4 5744/231/4
f 5743/240/4 5733/240/4 5744/240/4
f 5734/73/4 5735/73/4 5745/73/4
f 5744/231/4 5734/231/4 5745/231/4
f 5745/73/4 5735/73/4 5746/73/4
f 5736/154/4 5737/154/4 5751/154/4
f 5751/154/4 5737/154/4 5752/154/4
f 5747/138/4 5748/138/4 5753/138/4
f 5753/138/4 5748/138/4 5754/138/4
f 5749/244/4 5750/244/4 5758/244/4
f 5758/244/4 5750/244/4 5759/244/4
f 5755/4/4 5756/4/4 5760/4/4
f 5760/4/4 5756/4/4 5761/4/4
f 5757/157/4 5758/157/4 5764/157/4
f 5764/157/4 5758/157/4 5765/157/4
f 5761/7/4 5762/7/4 5766/7/4
f 5766/7/4 5762/7/4 5767/7/4
f 5763/53/4 5764/53/4 5770/53/4
f 5770/53/4 5764/53/4 5771/53/4
f 5767/90/4 5768/90/4 5772/90/4
f 5772/90/4 5768/90/4 5773/90/4
f 5769/244/4 5770/244/4 5775/244/4
f 5775/244/4 5770/244/4 5776/244/4
f 5773/47/4 5774/47/4 5777/47/4
f 5777/47/4 5774/47/4 5778/47/4
f 5779/206/4 5780/206/4 5783/206/4
f 5783/206/4 5780/206/4 5784/206/4
f 5781/143/4 5782/143/4 5785/143/4
f 5785/143/4 5782/143/4 5786/143/4
f 5787/83/4 5788/83/4 5791/83/4
f 5791/83/4 5788/83/4 5792/83/4
f 5789/200/4 5790/200/4 5793/200/4
f 5793/200/4 5790/200/4 5794/200/4
f 5791/167/4 5792/167/4 5795/167/4
f 5795/167/4 5792/167/4 5796/167/4
f 5793/235/4 5794/235/4 5797/235/4
f 5797/235/4 5794/235/4 5798/235/4
f 5795/79/4 5796/79/4 5799/79/4
f 5799/79/4 5796/79/4 5800/79/4
f 5797/124/4 5798/124/4 5801/124/4
f 5801/124/4 5798/124/4 5802/124/4
f 5799/249/4 5800/249/4 5803/249/4
f 5803/249/4 5800/249/4 5804/249/4
f 5801/126/4 5802/126/4 5805/126/4
f 5805/126/4 5802/126/4 5806/126/4
f 5803/181/4 5804/181/4 5807/181/4
f 5807/181/4 5804/181/4 5808/181/4
f 5805/211/4 5806/211/4 5809/211/4
f 5809/211/4 5806/211/4 5810/211/4
f 5807/165/4 5808/165/4 5811/165/4
f 5811/165/4 5808/165/4 5812/165/4
f 5809/16/4 5810/16/4 5813/16/4
f 5813/16/4 5810/16/4 5814/16/4
f 5811/218/4 5812/218/4 5815/218/4
f 5815/218/4 5812/218/4 5816/218/4
f 5813/12/4 5814/12/4 5817/12/4
f 5817/12/4 5814/12/4 5818/12/4
f 5815/154/4 5816/154/4 5819/154/4
f 5819/154/4 5816/154/4 5820/154/4
f 5817/214/4 5818/214/4 5821/214/4
f 5821/214/4 5818/214/4 5822/214/4
f 5823/114/4 5824/114/4 5827/114/4
f 5827/114/4 5824/114/4 5828/114/4
f 5825/246/4 5826/246/4 5829/246/4
f 5829/246/4 5826/246/4 5830/246/4
f 5831/252/4 5832/252/4 5835/252/4
f 5835/252/4 5832/252/4 5836/252/4
f 5833/92/4 5834/92/4 5839/92/4
f 5839/92/4 5834/92/4 5840/92/4
f 5836/215/4 5837/215/4 5841/215/4
f 5841/215/4 5837/215/4 5842/215/4
f 5838/17/4 5839/17/4 5845/17/4
f 5845/17/4 5839/17/4 5846/17/4
f 5842/13/4 5843/13/4 5847/13/4
f 5847/13/4 5843/13/4 5848/13/4
f 5844/89/4 5845/89/4 5851/89/4
f 5851/89/4 5845/89/4 5852/89/4
f 5848/134/4 5849/134/4 5853/134/4
f 5853/134/4 5849/134/4 5854/134/4
f 5850/115/4 5851/115/4 5859/115/4
f 5859/115/4 5851/115/4 5860/115/4
f 5855/21/4 5856/21/4 5861/21/4
f 5861/21/4 5856/21/4 5862/21/4
f 5857/45/4 5858/45/4 5872/45/4
f 5872/45/4 5858/45/4 5873/45/4
f 5863/9/4 5864/9/4 5874/9/4
f 5864/241/4 5865/241/4 5875/241/4
f 5874/9/4 5864/9/4 5875/9/4
f 5865/149/4 5866/149/4 5876/149/4
f 5875/241/4 5865/241/4 5876/241/4
f 5866/35/4 5867/35/4 5877/35/4
f 5876/149/4 5866/149/4 5877/149/4
f 5867/166/4 5868/166/4 5878/166/4
f 5877/35/4 5867/35/4 5878/35/4
f 5868/157/4 5869/157/4 5879/157/4
f 5878/166/4 5868/166/4 5879/166/4
f 5869/184/4 5870/184/4 5880/184/4
f 5879/157/4 5869/157/4 5880/157/4
f 5870/8/4 5871/8/4 5881/8/4
f 5880/184/4 5870/184/4 5881/184/4
f 5881/8/4 5871/8/4 5882/8/4
f 5883/15/4 5884/15/4 5893/15/4
f 5884/29/4 5885/29/4 5894/29/4
f 5893/15/4 5884/15/4 5894/15/4
f 5885/12/4 5886/12/4 5895/12/4
f 5894/29/4 5885/29/4 5895/29/4
f 5895/12/4 5886/12/4 5896/12/4
f 5887/85/4 5888/85/4 5897/85/4
f 5888/134/4 5889/134/4 5898/134/4
f 5897/85/4 5888/85/4 5898/85/4
f 5889/44/4 5890/44/4 5899/44/4
f 5898/134/4 5889/134/4 5899/134/4
f 5899/44/4 5890/44/4 5900/44/4
f 5891/1/4 5892/1/4 5904/1/4
f 5892/149/4 5893/149/4 5905/149/4
f 5904/1/4 5892/1/4 5905/1/4
f 5905/149/4 5893/149/4 5906/149/4
f 5900/179/4 5901/179/4 5907/179/4
f 5901/135/4 5902/135/4 5908/135/4
f 5907/179/4 5901/179/4 5908/179/4
f 5908/135/4 5902/135/4 5909/135/4
f 5903/123/4 5904/123/4 5912/123/4
f 5912/123/4 5904/123/4 5913/123/4
f 5909/20/4 5910/20/4 5914/20/4
f 5914/20/4 5910/20/4 5915/20/4
f 5911/2/4 5912/2/4 5918/2/4
f 5918/2/4 5912/2/4 5919/2/4
f 5915/109/4 5916/109/4 5920/109/4
f 5920/109/4 5916/109/4 5921/109/4
f 5917/203/4 5918/203/4 5924/203/4
f 5924/203/4 5918/203/4 5925/203/4
f 5921/236/4 5922/236/4 5926/236/4
f 5926/236/4 5922/236/4 5927/236/4
f 5923/66/4 5924/66/4 5929/66/4
f 5929/66/4 5924/66/4 5930/66/4
f 5927/120/4 5928/120/4 5931/120/4
f 5931/120/4 5928/120/4 5932/120/4
f 5929/202/4 5930/202/4 5934/202/4
f 5934/202/4 5930/202/4 5935/202/4
f 5931/94/4 5932/94/4 5936/94/4
f 5936/94/4 5932/94/4 5937/94/4
f 5933/231/4 5934/231/4 5939/231/4
f 5939/231/4 5934/231/4 5940/231/4
f 5937/138/4 5938/138/4 5941/138/4
f 5941/138/4 5938/138/4 5942/138/4
f 5939/44/4 5940/44/4 5943/44/4
f 5943/44/4 5940/44/4 5944/44/4
f 5941/255/4 5942/255/4 5945/255/4
f 5945/255/4 5942/255/4 5946/255/4
f 5943/60/4 5944/60/4 5947/60/4
f 5947/60/4 5944/60/4 5948/60/4
f 5945/4/4 5946/4/4 5949/4/4
f 5949/4/4 5946/4/4 5950/4/4
f 5951/216/4 5952/216/4 5955/216/4
f 5955/216/4 5952/216/4 5956/216/4
f 5953/116/4 5954/116/4 5957/116/4
f 5957/116/4 5954/116/4 5958/116/4
f 5955/35/4 5956/35/4 5959/35/4
f 5959/35/4 5956/35/4 5960/35/4
f 5957/175/4 5958/175/4 5961/175/4
f 5961/175/4 5958/175/4 5962/175/4
f 5959/100/4 5960/100/4 5963/100/4
f 5963/100/4 5960/100/4 5964/100/4
f 5961/152/4 5962/152/4 5967/152/4
f 5967/152/4 5962/152/4 5968/152/4
f 5964/95/4 5965/95/4 5969/95/4
f 5969/95/4 5965/95/4 5970/95/4
f 5966/109/4 5967/109/4 5971/109/4
f 5971/109/4 5967/109/4 5972/109/4
f 5969/213/4 5970/213/4 5973/213/4
f 5973/213/4 5970/213/4 5974/213/4
f 5971/255/4 5972/255/4 5977/255/4
f 5977/255/4 5972/255/4 5978/255/4
f 5974/41/4 5975/41/4 5979/41/4
f 5979/41/4 5975/41/4 5980/41/4
f 5976/197/4 5977/197/4 5983/197/4
f 5983/197/4 5977/197/4 5984/197/4
f 5980/143/4 5981/143/4 5985/143/4
f 5985/143/4 5981/143/4 5986/143/4
f 5982/185/4 5983/185/4 5989/185/4
f 5989/185/4 5983/185/4 5990/185/4
f 5986/228/4 5987/228/4 5991/228/4
f 5991/228/4 5987/228/4 5992/228/4
f 5988/228/4 5989/228/4 5997/228/4
f 5997/228/4 5989/228/4 5998/228/4
f 5992/251/4 5993/251/4 5999/251/4
f 5993/184/4 5994/184/4 6000/184/4
f 5999/251/4 5993/251/4 6000/251/4
f 6000/184/4 5994/184/4 6001/184/4
f 5995/169/4 5996/169/4 6008/169/4
f 5996/174/4 5997/174/4 6009/174/4
f 6008/169/4 5996/169/4 6009/169/4
f 6009/174/4 5997/174/4 6010/174/4
f 6001/180/4 6002/180/4 6011/180/4
f 6002/85/4 6003/85/4 6012/85/4
f 6011/180/4 6002/180/4 6012/180/4
f 6003/145/4 6004/145/4 6013/145/4
f 6012/85/4 6003/85/4 6013/85/4
f 6013/145/4 6004/145/4 6014/145/4
f 6005/166/4 6006/166/4 6015/166/4
f 6006/75/4 6007/75/4 6016/75/4
f 6015/166/4 6006/166/4 6016/166/4
f 6007/196/4 6008/196/4 6017/196/4
f 6016/75/4 6007/75/4 6017/75/4
f 6017/196/4 6008/196/4 6018/196/4
f 6019/234/4 6020/234/4 6027/234/4
f 6020/83/4 6021/83/4 6028/83/4
f 6027/234/4 6020/234/4 6028/234/4
f 6021/40/4 6022/40/4 6029/40/4
f 6028/83/4 6021/83/4 6029/83/4
f 6022/28/4 6023/28/4 6030/28/4
f 6029/40/4 6022/40/4 6030/40/4
f 6030/28/4 6023/28/4 6031/28/4
f 6024/22/4 6025/22/4 6037/22/4
f 6025/189/4 6026/189/4 6038/189/4
f 6037/22/4 6025/22/4 6038/22/4
f 6026/157/4 6027/157/4 6039/157/4
f 6038/189/4 6026/189/4 6039/189/4
f 6039/157/4 6027/157/4 6040/157/4
f 6031/121/4 6032/121/4 6041/121/4
f 6032/26/4 6033/26/4 6042/26/4
f 6041/121/4 6032/121/4 6042/121/4
f 6033/168/4 6034/168/4 6043/168/4
f 6042/26/4 6033/26/4 6043/26/4
f 6043/168/4 6034/168/4 6044/168/4
f 6035/173/4 6036/173/4 6048/173/4
f 6036/255/4 6037/255/4 6049/255/4
f 6048/173/4 6036/173/4 6049/173/4
f 6049/255/4 6037/255/4 6050/255/4
f 6044/107/4 6045/107/4 6051/107/4
f 6045/233/4 6046/233/4 6052/233/4
f 6051/107/4 6045/107/4 6052/107/4
f 6052/233/4 6046/233/4 6053/233/4
f 6047/254/4 6048/254/4 6056/254/4
f 6056/254/4 6048/254/4 6057/254/4
f 6053/61/4 6054/61/4 6058/61/4
f 6058/61/4 6054/61/4 6059/61/4
f 6055/49/4 6056/49/4 6062/49/4
f 6062/49/4 6056/49/4 6063/49/4
f 6059/150/4 6060/150/4 6064/150/4
f 6064/150/4 6060/150/4 6065/150/4
f 6061/209/4 6062/209/4 6067/209/4
f 6067/209/4 6062/209/4 6068/209/4
f 6065/117/4 6066/117/4 6069/117/4
f 6069/117/4 6066/117/4 6070/117/4
f 6067/134/4 6068/134/4 6072/134/4
f 6072/134/4 6068/134/4 6073/134/4
f 6069/1/4 6070/1/4 6074/1/4
f 6074/1/4 6070/1/4 6075/1/4
f 6071/95/4 6072/95/4 6077/95/4
f 6077/95/4 6072/95/4 6078/95/4
f 6075/95/4 6076/95/4 6079/95/4
f 6079/95/4 6076/95/4 6080/95/4
f 6077/107/4 6078/107/4 6081/107/4
f 6081/107/4 6078/107/4 6082/107/4
f 6079/88/4 6080/88/4 6083/88/4
f 6083/88/4 6080/88/4 6084/88/4
f 6081/146/4 6082/146/4 6086/146/4
f 6086/146/4 6082/146/4 6087/146/4
f 6083/181/4 6084/181/4 6088/181/4
f 6088/181/4 6084/181/4 6089/181/4
f 6085/75/4 6086/75/4 6091/75/4
f 6091/75/4 6086/75/4 6092/75/4
f 6089/154/4 6090/154/4 6093/154/4
f 6093/154/4 6090/154/4 6094/154/4
f 6091/68/4 6092/68/4 6095/68/4
f 6095/68/4 6092/68/4 6096/68/4
f 6093/52/4 6094/52/4 6097/52/4
f 6097/52/4 6094/52/4 6098/52/4
f 6095/97/4 6096/97/4 6099/97/4
f 6099/97/4 6096/97/4 6100/97/4
f 6097/134/4 6098/134/4 6101/134/4
f 6101/134/4 6098/134/4 6102/134/4
f 6099/229/4 6100/229/4 6103/229/4
f 6103/229/4 6100/229/4 6104/229/4
f 6101/231/4 6102/231/4 6107/231/4
f 6107/231/4 6102/231/4 6108/231/4
f 6104/251/4 6105/251/4 6109/251/4
f 6109/251/4 6105/251/4 6110/251/4
f 6106/5/4 6107/5/4 6111/5/4
f 6111/5/4 6107/5/4 6112/5/4
f 6109/99/4 6110/99/4 6113/99/4
f 6113/99/4 6110/99/4 6114/99/4
f 6111/153/4 6112/153/4 6115/153/4
f 6115/153/4 6112/153/4 6116/153/4
f 6113/195/4 6114/195/4 6117/195/4
f 6117/195/4 6114/195/4 6118/195/4
f 6115/33/4 6116/33/4 6121/33/4
f 6121/33/4 6116/33/4 6122/33/4
f 6118/69/4 6119/69/4 6123/69/4
f 6123/69/4 6119/69/4 6124/69/4
f 6120/240/4 6121/240/4 6125/240/4
f 6125/240/4 6121/240/4 6126/240/4
f 6123/211/4 6124/211/4 6127/211/4
f 6127/211/4 6124/211/4 6128/211/4
f 6125/178/4 6126/178/4 6131/178/4
f 6131/178/4 6126/178/4 6132/178/4
f 6128/142/4 6129/142/4 6133/142/4
f 6133/142/4 6129/142/4 6134/142/4
f 6130/127/4 6131/127/4 6137/127/4
f 6137/127/4 6131/127/4 6138/127/4
f 6134/244/4 6135/244/4 6139/244/4
f 6139/244/4 6135/244/4 6140/244/4
f 6136/90/4 6137/90/4 6145/90/4
f 6145/90/4 6137/90/4 6146/90/4
f 6140/255/4 6141/255/4 6147/255/4
f 6141/19/4 6142/19/4 6148/19/4
f 6147/255/4 6141/255/4 6148/255/4
f 6148/19/4 6142/19/4 6149/19/4
f 6143/139/4 6144/139/4 6156/139/4
f 6144/73/4 6145/73/4 6157/73/4
f 6156/139/4 6144/139/4 6157/139/4
f 6157/73/4 6145/73/4 6158/73/4
f 6149/223/4 6150/223/4 6159/223/4
f 6150/157/4 6151/157/4 6160/157/4
f 6159/223/4 6150/223/4 6160/223/4
f 6151/197/4 6152/197/4 6161/197/4
f 6160/157/4 6151/157/4 6161/157/4
f 6161/197/4 6152/197/4 6162/197/4
f 6153/219/4 6154/219/4 6166/219/4
f 6154/230/4 6155/230/4 6167/230/4
f 6166/219/4 6154/219/4 6167/219/4
f 6155/103/4 6156/103/4 6168/103/4
f 6167/230/4 6155/230/4 6168/230/4
f 6168/103/4 6156/103/4 6169/103/4
f 6162/67/4 6163/67/4 6170/67/4
f 6163/87/4 6164/87/4 6171/87/4
f 6170/67/4 6163/67/4 6171/67/4
f 6164/198/4 6165/198/4 6172/198/4
f 6171/87/4 6164/87/4 6172/87/4
f 6165/241/4 6166/241/4 6173/241/4
f 6172/198/4 6165/198/4 6173/198/4
f 6173/241/4 6166/241/4 6174/241/4
f 6175/71/4 6176/71/4 6183/71/4
f 6176/178/4 6177/178/4 6184/178/4
f 6183/71/4 6176/71/4 6184/71/4
f 6177/53/4 6178/53/4 6185/53/4
f 6184/178/4 6177/178/4 6185/178/4
f 6178/144/4 6179/144/4 6186/144/4
f 6185/53/4 6178/53/4 6186/53/4
f 6186/144/4 6179/144/4 6187/144/4
f 6180/237/4 6181/237/4 6193/237/4
f 6181/15/4 6182/15/4 6194/15/4
f 6193/237/4 6181/237/4 6194/237/4
f 6182/143/4 6183/143/4 6195/143/4
f 6194/15/4 6182/15/4 6195/15/4
f 6195/143/4 6183/143/4 6196/143/4
f 6187/9/4 6188/9/4 6197/9/4
f 6188/221/4 6189/221/4 6198/221/4
f 6197/9/4 6188/9/4 6198/9/4
f 6189/180/4 6190/180/4 6199/180/4
f 6198/221/4 6189/221/4 6199/221/4
f 6199/180/4 6190/180/4 6200/180/4
f 6191/134/4 6192/134/4 6204/134/4
f 6192/66/4 6193/66/4 6205/66/4
f 6204/134/4 6192/134/4 6205/134/4
f 6205/66/4 6193/66/4 6206/66/4
f 6200/183/4 6201/183/4 6207/183/4
f 6201/73/4 6202/73/4 6208/73/4
f 6207/183/4 6201/183/4 6208/183/4
f 6208/73/4 6202/73/4 6209/73/4
f 6203/146/4 6204/146/4 6212/146/4
f 6204/135/4 6205/135/4 6213/135/4
f 6212/146/4 6204/146/4 6213/146/4
f 6213/135/4 6205/135/4 6214/135/4
f 6208/193/4 6209/193/4 6215/193/4
f 6209/108/4 6210/108/4 6216/108/4
f 6215/193/4 6209/193/4 6216/193/4
f 6216/108/4 6210/108/4 6217/108/4
f 6211/110/4 6212/110/4 6219/110/4
f 6212/94/4 6213/94/4 6220/94/4
f 6219/110/4 6212/110/4 6220/110/4
f 6220/94/4 6213/94/4 6221/94/4
f 6216/210/4 6217/210/4 6222/210/4
f 6217/156/4 6218/156/4 6223/156/4
f 6222/210/4 6217/210/4 6223/210/4
f 6223/156/4 6218/156/4 6224/156/4
f 6219/76/4 6220/76/4 6226/76/4
f 6226/76/4 6220/76/4 6227/76/4
f 6223/97/4 6224/97/4 6228/97/4
f 6228/97/4 6224/97/4 6229/97/4
f 6225/50/4 6226/50/4 6231/50/4
f 6231/50/4 6226/50/4 6232/50/4
f 6229/143/4 6230/143/4 6233/143/4
f 6233/143/4 6230/143/4 6234/143/4
f 6231/207/4 6232/207/4 6235/207/4
f 6235/207/4 6232/207/4 6236/207/4
f 6233/64/4 6234/64/4 6237/64/4
f 6237/64/4 6234/64/4 6238/64/4
f 6235/51/4 6236/51/4 6240/51/4
f 6240/51/4 6236/51/4 6241/51/4
f 6237/86/4 6238/86/4 6242/86/4
f 6242/86/4 6238/86/4 6243/86/4
f 6239/217/4 6240/217/4 6245/217/4
f 6245/217/4 6240/217/4 6246/217/4
f 6243/167/4 6244/167/4 6247/167/4
f 6247/167/4 6244/167/4 6248/167/4
f 6245/176/4 6246/176/4 6249/176/4
f 6249/176/4 6246/176/4 6250/176/4
f 6247/80/4 6248/80/4 6251/80/4
f 6251/80/4 6248/80/4 6252/80/4
f 6249/174/4 6250/174/4 6253/174/4
f 6253/174/4 6250/174/4 6254/174/4
f 6251/200/4 6252/200/4 6255/200/4
f 6255/200/4 6252/200/4 6256/200/4
f 6253/11/4 6254/11/4 6257/11/4
f 6257/11/4 6254/11/4 6258/11/4
f 6255/155/4 6256/155/4 6261/155/4
f 6261/155/4 6256/155/4 6262/155/4
f 6258/190/4 6259/190/4 6263/190/4
f 6263/190/4 6259/190/4 6264/190/4
f 6260/179/4 6261/179/4 6265/179/4
f 6265/179/4 6261/179/4 6266/179/4
f 6263/207/4 6264/207/4 6267/207/4
f 6267/207/4 6264/207/4 6268/207/4
f 6265/237/4 6266/237/4 6269/237/4
f 6269/237/4 6266/237/4 6270/237/4
f 6267/238/4 6268/238/4 6271/238/4
f 6271/238/4 6268/238/4 6272/238/4
f 6269/18/4 6270/18/4 6275/18/4
f 6275/18/4 6270/18/4 6276/18/4
f 6272/218/4 6273/218/4 6277/218/4
f 6277/218/4 6273/218/4 6278/218/4
f 6274/97/4 6275/97/4 6281/97/4
f 6281/97/4 6275/97/4 6282/97/4
f 6277/52/4 6278/52/4 6283/52/4
f 6278/100/4 6279/100/4 6284/100/4
f 6283/52/4 6278/52/4 6284/52/4
f 6284/100/4 6279/100/4 6285/100/4
f 6280/242/4 6281/242/4 6288/242/4
f 6281/64/4 6282/64/4 6289/64/4
f 6288/242/4 6281/242/4 6289/242/4
f 6289/64/4 6282/64/4 6290/64/4
f 6284/21/4 6285/21/4 6291/21/4
f 6285/226/4 6286/226/4 6292/226/4
f 6291/21/4 6285/21/4 6292/21/4
f 6292/226/4 6286/226/4 6293/226/4
f 6287/227/4 6288/227/4 6296/227/4
f 6288/96/4 6289/96/4 6297/96/4
f 6296/227/4 6288/227/4 6297/227/4
f 6297/96/4 6289/96/4 6298/96/4
f 6292/242/4 6293/242/4 6299/242/4
f 6293/198/4 6294/198/4 6300/198/4
f 6299/242/4 6293/242/4 6300/242/4
f 6300/198/4 6294/198/4 6301/198/4
f 6295/100/4 6296/100/4 6308/100/4
f 6296/100/4 6297/100/4 6308/100/4
f 6308/100/4 6297/100/4 6309/100/4
f 6301/243/4 6302/243/4 6310/243/4
f 6302/47/4 6303/47/4 6311/47/4
f 6310/243/4 6302/243/4 6311/243/4
f 6303/223/4 6304/223/4 6312/223/4
f 6311/47/4 6303/47/4 6312/47/4
f 6312/223/4 6304/223/4 6313/223/4
f 6305/131/4 6306/131/4 6317/131/4
f 6306/20/4 6307/20/4 6318/20/4
f 6317/131/4 6306/131/4 6318/131/4
f 6307/190/4 6308/190/4 6319/190/4
f 6318/20/4 6307/20/4 6319/20/4
f 6319/190/4 6308/190/4 6320/190/4
f 6313/21/4 6314/21/4 6321/21/4
f 6314/247/4 6315/247/4 6322/247/4
f 6321/21/4 6314/21/4 6322/21/4
f 6315/73/4 6316/73/4 6323/73/4
f 6322/247/4 6315/247/4 6323/247/4
f 6316/242/4 6317/242/4 6324/242/4
f 6323/73/4 6316/73/4 6324/73/4
f 6324/242/4 6317/242/4 6325/242/4
f 6326/68/4 6327/68/4 6334/68/4
f 6327/75/4 6328/75/4 6335/75/4
f 6334/68/4 6327/68/4 6335/68/4
f 6328/21/4 6329/21/4 6336/21/4
f 6335/75/4 6328/75/4 6336/75/4
f 6329/200/4 6330/200/4 6337/200/4
f 6336/21/4 6329/21/4 6337/21/4
f 6337/200/4 6330/200/4 6338/200/4
f 6331/1/4 6332/1/4 6343/1/4
f 6332/248/4 6333/248/4 6344/248/4
f 6343/1/4 6332/1/4 6344/1/4
f 6333/2/4 6334/2/4 6345/2/4
f 6344/248/4 6333/248/4 6345/248/4
f 6334/89/4 6335/89/4 6346/89/4
f 6345/2/4 6334/2/4 6346/2/4
f 6335/46/4 6336/46/4 6347/46/4
f 6346/89/4 6335/89/4 6347/89/4
f 6336/171/4 6337/171/4 6348/171/4
f 6347/46/4 6336/46/4 6348/46/4
f 6337/167/4 6338/167/4 6349/167/4
f 6348/171/4 6337/171/4 6349/171/4
f 6338/166/4 6339/166/4 6350/166/4
f 6349/167/4 6338/167/4 6350/167/4
f 6339/233/4 6340/233/4 6351/233/4
f 6350/166/4 6339/166/4 6351/166/4
f 6340/134/4 6341/134/4 6352/134/4
f 6351/233/4 6340/233/4 6352/233/4
f 6352/134/4 6341/134/4 6353/134/4
f 6342/24/4 6343/24/4 6356/24/4
f 6343/112/4 6344/112/4 6357/112/4
f 6356/24/4 6343/24/4 6357/24/4
f 6357/112/4 6344/112/4 6358/112/4
f 6352/251/4 6353/251/4 6359/251/4
f 6353/224/4 6354/224/4 6360/224/4
f 6359/251/4 6353/251/4 6360/251/4
f 6360/224/4 6354/224/4 6361/224/4
f 6355/1/4 6356/1/4 6364/1/4
f 6356/236/4 6357/236/4 6365/236/4
f 6364/1/4 6356/1/4 6365/1/4
f 6365/236/4 6357/236/4 6366/236/4
f 6360/185/4 6361/185/4 6367/185/4
f 6361/18/4 6362/18/4 6368/18/4
f 6367/185/4 6361/185/4 6368/185/4
f 6368/18/4 6362/18/4 6369/18/4
f 6363/171/4 6364/171/4 6372/171/4
f 6364/163/4 6365/163/4 6373/163/4
f 6372/171/4 6364/171/4 6373/171/4
f 6373/163/4 6365/163/4 6374/163/4
f 6368/19/4 6369/19/4 6375/19/4
f 6369/32/4 6370/32/4 6376/32/4
f 6375/19/4 6369/19/4 6376/19/4
f 6376/32/4 6370/32/4 6377/32/4
f 6371/47/4 6372/47/4 6379/47/4
f 6372/53/4 6373/53/4 6380/53/4
f 6379/47/4 6372/47/4 6380/47/4
f 6380/53/4 6373/53/4 6381/53/4
f 6376/66/4 6377/66/4 6382/66/4
f 6377/185/4 6378/185/4 6383/185/4
f 6382/66/4 6377/66/4 6383/66/4
f 6383/185/4 6378/185/4 6384/185/4
f 6379/92/4 6380/92/4 6385/92/4
f 6385/92/4 6380/92/4 6386/92/4
f 6383/95/4 6384/95/4 6387/95/4
f 6387/95/4 6384/95/4 6388/95/4
f 6385/64/4 6386/64/4 6390/64/4
f 6390/64/4 6386/64/4 6391/64/4
f 6387/137/4 6388/137/4 6392/137/4
f 6392/137/4 6388/137/4 6393/137/4
f 6389/239/4 6390/239/4 6395/239/4
f 6390/167/4 6391/167/4 6396/167/4
f 6395/239/4 6390/239/4 6396/239/4
f 6396/167/4 6391/167/4 6397/167/4
f 6392/241/4 6393/241/4 6398/241/4
f 6393/178/4 6394/178/4 6399/178/4
f 6398/241/4 6393/241/4 6399/241/4
f 6399/178/4 6394/178/4 6400/178/4
f 6395/24/4 6396/24/4 6401/24/4
f 6396/196/4 6397/196/4 6402/196/4
f 6401/24/4 6396/24/4 6402/24/4
f 6402/196/4 6397/196/4 6403/196/4
f 6398/79/4 6399/79/4 6404/79/4
f 6399/68/4 6400/68/4 6405/68/4
f 6404/79/4 6399/79/4 6405/79/4
f 6405/68/4 6400/68/4 6406/68/4
f 6401/185/4 6402/185/4 6407/185/4
f 6402/168/4 6403/168/4 6408/168/4
f 6407/185/4 6402/185/4 6408/185/4
f 6408/168/4 6403/168/4 6409/168/4
f 6404/203/4 6405/203/4 6410/203/4
f 6405/133/4 6406/133/4 6411/133/4
f 6410/203/4 6405/203/4 6411/203/4
f 6411/133/4 6406/133/4 6412/133/4
f 6407/54/4 6408/54/4 6413/54/4
f 6408/192/4 6409/192/4 6414/192/4
f 6413/54/4 6408/54/4 6414/54/4
f 6414/192/4 6409/192/4 6415/192/4
f 6410/152/4 6411/152/4 6416/152/4
f 6411/152/4 6412/152/4 6416/152/4
f 6416/152/4 6412/152/4 6417/152/4
f 6417/152/4 6412/152/4 6418/152/4
f 6414/57/4 6415/57/4 6419/57/4
f 6419/57/4 6415/57/4 6420/57/4
f 6416/230/4 6417/230/4 6421/230/4
f 6421/230/4 6417/230/4 6422/230/4
f 6419/255/4 6420/255/4 6423/255/4
f 6423/255/4 6420/255/4 6424/255/4
f 6421/64/4 6422/64/4 6427/64/4
f 6427/64/4 6422/64/4 6428/64/4
f 6423/169/4 6424/169/4 6429/169/4
f 6424/101/4 6425/101/4 6430/101/4
f 6429/169/4 6424/169/4 6430/169/4
f 6430/101/4 6425/101/4 6431/101/4
f 6426/54/4 6427/54/4 6434/54/4
f 6427/16/4 6428/16/4 6435/16/4
f 6434/54/4 6427/54/4 6435/54/4
f 6435/16/4 6428/16/4 6436/16/4
f 6430/131/4 6431/131/4 6437/131/4
f 6431/140/4 6432/140/4 6438/140/4
f 6437/131/4 6431/131/4 6438/131/4
f 6438/140/4 6432/140/4 6439/140/4
f 6433/20/4 6434/20/4 6442/20/4
f 6434/241/4 6435/241/4 6443/241/4
f 6442/20/4 6434/20/4 6443/20/4
f 6443/241/4 6435/241/4 6444/241/4
f 6438/11/4 6439/11/4 6445/11/4
f 6439/8/4 6440/8/4 6446/8/4
f 6445/11/4 6439/11/4 6446/11/4
f 6446/8/4 6440/8/4 6447/8/4
f 6441/252/4 6442/252/4 6450/252/4
f 6442/119/4 6443/119/4 6451/119/4
f 6450/252/4 6442/252/4 6451/252/4
f 6451/119/4 6443/119/4 6452/119/4
f 6446/121/4 6447/121/4 6453/121/4
f 6447/149/4 6448/149/4 6454/149/4
f 6453/121/4 6447/121/4 6454/121/4
f 6454/149/4 6448/149/4 6455/149/4
f 6449/197/4 6450/197/4 6463/197/4
f 6450/164/4 6451/164/4 6464/164/4
f 6463/197/4 6450/197/4 6464/197/4
f 6464/164/4 6451/164/4 6465/164/4
f 6454/151/4 6455/151/4 6466/151/4
f 6455/71/4 6456/71/4 6467/71/4
f 6466/151/4 6455/151/4 6467/151/4
f 6456/10/4 6457/10/4 6468/10/4
f 6467/71/4 6456/71/4 6468/71/4
f 6457/96/4 6458/96/4 6469/96/4
f 6468/10/4 6457/10/4 6469/10/4
f 6458/159/4 6459/159/4 6470/159/4
f 6469/96/4 6458/96/4 6470/96/4
f 6459/178/4 6460/178/4 6471/178/4
f 6470/159/4 6459/159/4 6471/159/4
f 6460/57/4 6461/57/4 6472/57/4
f 6471/178/4 6460/178/4 6472/178/4
f 6461/211/4 6462/211/4 6473/211/4
f 6472/57/4 6461/57/4 6473/57/4
f 6462/173/4 6463/173/4 6474/173/4
f 6473/211/4 6462/211/4 6474/211/4
f 6463/117/4 6464/117/4 6475/117/4
f 6474/173/4 6463/173/4 6475/173/4
f 6475/117/4 6464/117/4 6476/117/4
f 6469/30/4 6470/30/4 6477/30/4
f 6470/94/4 6471/94/4 6478/94/4
f 6477/30/4 6470/30/4 6478/30/4
f 6471/39/4 6472/39/4 6479/39/4
f 6478/94/4 6471/94/4 6479/94/4
f 6472/226/4 6473/226/4 6480/226/4
f 6479/39/4 6472/39/4 6480/39/4
f 6480/226/4 6473/226/4 6481/226/4
f 6482/48/4 6483/48/4 6492/48/4
f 6483/22/4 6484/22/4 6493/22/4
f 6492/48/4 6483/48/4 6493/48/4
f 6484/18/4 6485/18/4 6494/18/4
f 6493/22/4 6484/22/4 6494/22/4
f 6485/152/4 6486/152/4 6495/152/4
f 6494/18/4 6485/18/4 6495/18/4
f 6486/28/4 6487/28/4 6496/28/4
f 6495/152/4 6486/152/4 6496/152/4
f 6487/127/4 6488/127/4 6497/127/4
f 6496/28/4 6487/28/4 6497/28/4
f 6488/113/4 6489/113/4 6498/113/4
f 6497/127/4 6488/127/4 6498/127/4
f 6489/36/4 6490/36/4 6499/36/4
f 6498/113/4 6489/113/4 6499/113/4
f 6499/36/4 6490/36/4 6500/36/4
f 6491/92/4 6492/92/4 6503/92/4
f 6492/155/4 6493/155/4 6504/155/4
f 6503/92/4 6492/92/4 6504/92/4
f 6493/99/4 6494/99/4 6505/99/4
f 6504/155/4 6493/155/4 6505/155/4
f 6494/128/4 6495/128/4 6506/128/4
f 6505/99/4 6494/99/4 6506/99/4
f 6506/128/4 6495/128/4 6507/128/4
f 6497/254/4 6498/254/4 6508/254/4
f 6498/221/4 6499/221/4 6509/221/4
f 6508/254/4 6498/254/4 6509/254/4
f 6499/238/4 6500/238/4 6510/238/4
f 6509/221/4 6499/221/4 6510/221/4
f 6500/81/4 6501/81/4 6511/81/4
f 6510/238/4 6500/238/4 6511/238/4
f 6511/81/4 6501/81/4 6512/81/4
f 6502/102/4 6503/102/4 6515/102/4
f 6503/74/4 6504/74/4 6516/74/4
f 6515/102/4 6503/102/4 6516/102/4
f 6516/74/4 6504/74/4 6517/74/4
f 6511/102/4 6512/102/4 6518/102/4
f 6512/133/4 6513/133/4 6519/133/4
f 6518/102/4 6512/102/4 6519/102/4
f 6519/133/4 6513/133/4 6520/133/4
f 6514/91/4 6515/91/4 6523/91/4
f 6515/236/4 6516/236/4 6524/236/4
f 6523/91/4 6515/91/4 6524/91/4
f 6524/236/4 6516/236/4 6525/236/4
f 6519/53/4 6520/53/4 6526/53/4
f 6520/191/4 6521/191/4 6527/191/4
f 6526/53/4 6520/53/4 6527/53/4
f 6527/191/4 6521/191/4 6528/191/4
f 6522/114/4 6523/114/4 6530/114/4
f 6523/173/4 6524/173/4 6531/173/4
f 6530/114/4 6523/114/4 6531/114/4
f 6531/173/4 6524/173/4 6532/173/4
f 6527/156/4 6528/156/4 6533/156/4
f 6528/213/4 6529/213/4 6534/213/4
f 6533/156/4 6528/156/4 6534/156/4
f 6534/213/4 6529/213/4 6535/213/4
f 6530/113/4 6531/113/4 6536/113/4
f 6531/19/4 6532/19/4 6537/19/4
f 6536/113/4 6531/113/4 6537/113/4
f 6537/19/4 6532/19/4 6538/19/4
f 6533/228/4 6534/228/4 6539/228/4
f 6534/117/4 6535/117/4 6540/117/4
f 6539/228/4 6534/228/4 6540/228/4
f 6540/117/4 6535/117/4 6541/117/4
f 6536/85/4 6537/85/4 6542/85/4
f 6537/77/4 6538/77/4 6543/77/4
f 6542/85/4 6537/85/4 6543/85/4
f 6543/77/4 6538/77/4 6544/77/4
f 6539/135/4 6540/135/4 6545/135/4
f 6540/108/4 6541/108/4 6546/108/4
f 6545/135/4 6540/135/4 6546/135/4
f 6546/108/4 6541/108/4 6547/108/4
f 6542/3/4 6543/3/4 6548/3/4
f 6548/3/4 6543/3/4 6549/3/4
f 6546/229/4 6547/229/4 6550/229/4
f 6550/229/4 6547/229/4 6551/229/4
f 6548/49/4 6549/49/4 6552/49/4
f 6552/49/4 6549/49/4 6553/49/4
f 6550/112/4 6551/112/4 6556/112/4
f 6556/112/4 6551/112/4 6557/112/4
f 6552/122/4 6553/122/4 6558/122/4
f 6553/16/4 6554/16/4 6559/16/4
f 6558/122/4 6553/122/4 6559/122/4
f 6559/16/4 6554/16/4 6560/16/4
f 6555/146/4 6556/146/4 6561/146/4
f 6556/32/4 6557/32/4 6562/32/4
f 6561/146/4 6556/146/4 6562/146/4
f 6562/32/4 6557/32/4 6563/32/4
f 6558/219/4 6559/219/4 6564/219/4
f 6559/185/4 6560/185/4 6565/185/4
f 6564/219/4 6559/219/4 6565/219/4
f 6565/185/4 6560/185/4 6566/185/4
f 6561/131/4 6562/131/4 6567/131/4
f 6562/33/4 6563/33/4 6568/33/4
f 6567/131/4 6562/131/4 6568/131/4
f 6568/33/4 6563/33/4 6569/33/4
f 6564/115/4 6565/115/4 6570/115/4
f 6565/24/4 6566/24/4 6571/24/4
f 6570/115/4 6565/115/4 6571/115/4
f 6571/24/4 6566/24/4 6572/24/4
f 6567/193/4 6568/193/4 6575/193/4
f 6568/201/4 6569/201/4 6576/201/4
f 6575/193/4 6568/193/4 6576/193/4
f 6576/201/4 6569/201/4 6577/201/4
f 6571/250/4 6572/250/4 6578/250/4
f 6572/167/4 6573/167/4 6579/167/4
f 6578/250/4 6572/250/4 6579/250/4
f 6579/167/4 6573/167/4 6580/167/4
f 6574/20/4 6575/20/4 6583/20/4
f 6575/69/4 6576/69/4 6584/69/4
f 6583/20/4 6575/20/4 6584/20/4
f 6584/69/4 6576/69/4 6585/69/4
f 6579/175/4 6580/175/4 6586/175/4
f 6580/88/4 6581/88/4 6587/88/4
f 6586/175/4 6580/175/4 6587/175/4
f 6587/88/4 6581/88/4 6588/88/4
f 6582/14/4 6583/14/4 6595/14/4
f 6583/242/4 6584/242/4 6596/242/4
f 6595/14/4 6583/14/4 6596/14/4
f 6596/242/4 6584/242/4 6597/242/4
f 6587/65/4 6588/65/4 6598/65/4
f 6588/204/4 6589/204/4 6599/204/4
f 6598/65/4 6588/65/4 6599/65/4
f 6589/196/4 6590/196/4 6600/196/4
f 6599/204/4 6589/204/4 6600/204/4
f 6590/53/4 6591/53/4 6601/53/4
f 6600/196/4 6590/196/4 6601/196/4
f 6601/53/4 6591/53/4 6602/53/4
f 6592/100/4 6593/100/4 6604/100/4
f 6593/112/4 6594/112/4 6605/112/4
f 6604/100/4 6593/100/4 6605/100/4
f 6594/108/4 6595/108/4 6606/108/4
f 6605/112/4 6594/112/4 6606/112/4
f 6595/123/4 6596/123/4 6607/123/4
f 6606/108/4 6595/108/4 6607/108/4
f 6607/123/4 6596/123/4 6608/123/4
f 6599/33/4 6600/33/4 6609/33/4
f 6600/178/4 6601/178/4 6610/178/4
f 6609/33/4 6600/33/4 6610/33/4
f 6601/9/4 6602/9/4 6611/9/4
f 6610/178/4 6601/178/4 6611/178/4
f 6602/119/4 6603/119/4 6612/119/4
f 6611/9/4 6602/9/4 6612/9/4
f 6603/99/4 6604/99/4 6613/99/4
f 6612/119/4 6603/119/4 6613/119/4
f 6604/240/4 6605/240/4 6614/240/4
f 6613/99/4 6604/99/4 6614/99/4
f 6605/108/4 6606/108/4 6615/108/4
f 6614/240/4 6605/240/4 6615/240/4
f 6606/129/4 6607/129/4 6616/129/4
f 6615/108/4 6606/108/4 6616/108/4
f 6616/129/4 6607/129/4 6617/129/4
f 6618/39/4 6619/39/4 6624/39/4
f 6619/169/4 6620/169/4 6625/169/4
f 6624/39/4 6619/39/4 6625/39/4
f 6625/169/4 6620/169/4 6626/169/4
f 6621/247/4 6622/247/4 6631/247/4
f 6622/217/4 6623/217/4 6632/217/4
f 6631/247/4 6622/247/4 6632/247/4
f 6623/128/4 6624/128/4 6633/128/4
f 6632/217/4 6623/217/4 6633/217/4
f 6624/59/4 6625/59/4 6634/59/4
f 6633/128/4 6624/128/4 6634/128/4
f 6625/68/4 6626/68/4 6635/68/4
f 6634/59/4 6625/59/4 6635/59/4
f 6626/247/4 6627/247/4 6636/247/4
f 6635/68/4 6626/68/4 6636/68/4
f 6627/209/4 6628/209/4 6637/209/4
f 6636/247/4 6627/247/4 6637/247/4
f 6628/18/4 6629/18/4 6638/18/4
f 6637/209/4 6628/209/4 6638/209/4
f 6638/18/4 6629/18/4 6639/18/4
f 6630/60/4 6631/60/4 6642/60/4
f 6631/45/4 6632/45/4 6643/45/4
f 6642/60/4 6631/60/4 6643/60/4
f 6632/3/4 6633/3/4 6644/3/4
f 6643/45/4 6632/45/4 6644/45/4
f 6633/56/4 6634/56/4 6645/56/4
f 6644/3/4 6633/3/4 6645/3/4
f 6634/26/4 6635/26/4 6646/26/4
f 6645/56/4 6634/56/4 6646/56/4
f 6635/160/4 6636/160/4 6647/160/4
f 6646/26/4 6635/26/4 6647/26/4
f 6636/133/4 6637/133/4 6648/133/4
f 6647/160/4 6636/160/4 6648/160/4
f 6637/51/4 6638/51/4 6649/51/4
f 6648/133/4 6637/133/4 6649/133/4
f 6638/34/4 6639/34/4 6650/34/4
f 6649/51/4 6638/51/4 6650/51/4
f 6639/140/4 6640/140/4 6651/140/4
f 6650/34/4 6639/34/4 6651/34/4
f 6651/140/4 6640/140/4 6652/140/4
f 6641/209/4 6642/209/4 6654/209/4
f 6642/106/4 6643/106/4 6655/106/4
f 6654/209/4 6642/209/4 6655/209/4
f 6643/120/4 6644/120/4 6656/120/4
f 6655/106/4 6643/106/4 6656/106/4
f 6644/27/4 6645/27/4 6657/27/4
f 6656/120/4 6644/120/4 6657/120/4
f 6657/27/4 6645/27/4 6658/27/4
f 6649/14/4 6650/14/4 6659/14/4
f 6650/190/4 6651/190/4 6660/190/4
f 6659/14/4 6650/14/4 6660/14/4
f 6651/193/4 6652/193/4 6661/193/4
f 6660/190/4 6651/190/4 6661/190/4
f 6652/220/4 6653/220/4 6662/220/4
f 6661/193/4 6652/193/4 6662/193/4
f 6662/220/4 6653/220/4 6663/220/4
f 6654/33/4 6655/33/4 6664/33/4
f 6655/235/4 6656/235/4 6665/235/4
f 6664/33/4 6655/33/4 6665/33/4
f 6656/150/4 6657/150/4 6666/150/4
f 6665/235/4 6656/235/4 6666/235/4
f 6666/150/4 6657/150/4 6667/150/4
f 6660/250/4 6661/250/4 6668/250/4
f 6661/28/4 6662/28/4 6669/28/4
f 6668/250/4 6661/250/4 6669/250/4
f 6662/77/4 6663/77/4 6670/77/4
f 6669/28/4 6662/28/4 6670/28/4
f 6670/77/4 6663/77/4 6671/77/4
f 6664/95/4 6665/95/4 6673/95/4
f 6665/241/4 6666/241/4 6674/241/4
f 6673/95/4 6665/95/4 6674/95/4
f 6674/241/4 6666/241/4 6675/241/4
f 6669/46/4 6670/46/4 6676/46/4
f 6670/82/4 6671/82/4 6677/82/4
f 6676/46/4 6670/46/4 6677/46/4
f 6677/82/4 6671/82/4 6678/82/4
f 6672/235/4 6673/235/4 6680/235/4
f 6673/165/4 6674/165/4 6681/165/4
f 6680/235/4 6673/235/4 6681/235/4
f 6674/190/4 6675/190/4 6682/190/4
f 6681/165/4 6674/165/4 6682/165/4
f 6682/190/4 6675/190/4 6683/190/4
f 6676/162/4 6677/162/4 6684/162/4
f 6677/30/4 6678/30/4 6685/30/4
f 6684/162/4 6677/162/4 6685/162/4
f 6678/176/4 6679/176/4 6686/176/4
f 6685/30/4 6678/30/4 6686/30/4
f 6686/176/4 6679/176/4 6687/176/4
f 6680/221/4 6681/221/4 6688/221/4
f 6681/52/4 6682/52/4 6689/52/4
f 6688/221/4 6681/221/4 6689/221/4
f 6682/56/4 6683/56/4 6690/56/4
f 6689/52/4 6682/52/4 6690/52/4
f 6690/56/4 6683/56/4 6691/56/4
f 6684/197/4 6685/197/4 6692/197/4
f 6685/134/4 6686/134/4 6693/134/4
f 6692/197/4 6685/197/4 6693/197/4
f 6686/42/4 6687/42/4 6694/42/4
f 6693/134/4 6686/134/4 6694/134/4
f 6694/42/4 6687/42/4 6695/42/4
f 6689/24/4 6690/24/4 6696/24/4
f 6690/22/4 6691/22/4 6697/22/4
f 6696/24/4 6690/24/4 6697/24/4
f 6697/22/4 6691/22/4 6698/22/4
f 6692/195/4 6693/195/4 6701/195/4
f 6693/157/4 6694/157/4 6702/157/4
f 6701/195/4 6693/195/4 6702/195/4
f 6702/157/4 6694/157/4 6703/157/4
f 6696/106/4 6697/106/4 6704/106/4
f 6697/214/4 6698/214/4 6705/214/4
f 6704/106/4 6697/106/4 6705/106/4
f 6698/167/4 6699/167/4 6706/167/4
f 6705/214/4 6698/214/4 6706/214/4
f 6706/167/4 6699/167/4 6707/167/4
f 6700/133/4 6701/133/4 6710/133/4
f 6701/231/4 6702/231/4 6711/231/4
f 6710/133/4 6701/133/4 6711/133/4
f 6702/89/4 6703/89/4 6712/89/4
f 6711/231/4 6702/231/4 6712/231/4
f 6712/89/4 6703/89/4 6713/89/4
f 6704/6/4 6705/6/4 6714/6/4
f 6705/115/4 6706/115/4 6715/115/4
f 6714/6/4 6705/6/4 6715/6/4
f 6706/2/4 6707/2/4 6716/2/4
f 6715/115/4 6706/115/4 6716/115/4
f 6707/176/4 6708/176/4 6717/176/4
f 6716/2/4 6707/2/4 6717/2/4
f 6717/176/4 6708/176/4 6718/176/4
f 6709/198/4 6710/198/4 6722/198/4
f 6710/154/4 6711/154/4 6723/154/4
f 6722/198/4 6710/198/4 6723/198/4
f 6711/237/4 6712/237/4 6724/237/4
f 6723/154/4 6711/154/4 6724/154/4
f 6712/121/4 6713/121/4 6725/121/4
f 6724/237/4 6712/237/4 6725/237/4
f 6725/121/4 6713/121/4 6726/121/4
f 6715/109/4 6716/109/4 6727/109/4
f 6716/165/4 6717/165/4 6728/165/4
f 6727/109/4 6716/109/4 6728/109/4
f 6717/210/4 6718/210/4 6729/210/4
f 6728/165/4 6717/165/4 6729/165/4
f 6718/83/4 6719/83/4 6730/83/4
f 6729/210/4 6718/210/4 6730/210/4
f 6719/190/4 6720/190/4 6731/190/4
f 6730/83/4 6719/83/4 6731/83/4
f 6720/144/4 6721/144/4 6732/144/4
f 6731/190/4 6720/190/4 6732/190/4
f 6721/205/4 6722/205/4 6733/205/4
f 6732/144/4 6721/144/4 6733/144/4
f 6722/130/4 6723/130/4 6734/130/4
f 6733/205/4 6722/205/4 6734/205/4
f 6723/82/4 6724/82/4 6735/82/4
f 6734/130/4 6723/130/4 6735/130/4
f 6724/147/4 6725/147/4 6736/147/4
f 6735/82/4 6724/82/4 6736/82/4
f 6736/147/4 6725/147/4 6737/147/4
f 6728/161/4 6729/161/4 6738/161/4
f 6729/215/4 6730/215/4 6739/215/4
f 6738/161/4 6729/161/4 6739/161/4
f 6730/231/4 6731/231/4 6740/231/4
f 6739/215/4 6730/215/4 6740/215/4
f 6731/224/4 6732/224/4 6741/224/4
f 6740/231/4 6731/231/4 6741/231/4
f 6732/242/4 6733/242/4 6742/242/4
f 6741/224/4 6732/224/4 6742/224/4
f 6733/79/4 6734/79/4 6743/79/4
f 6742/242/4 6733/242/4 6743/242/4
f 6734/114/4 6735/114/4 6744/114/4
f 6743/79/4 6734/79/4 6744/79/4
f 6735/167/4 6736/167/4 6745/167/4
f 6744/114/4 6735/114/4 6745/114/4
f 6745/167/4 6736/167/4 6746/167/4
f 6741/53/4 6742/53/4 6747/53/4
f 6742/143/4 6743/143/4 6748/143/4
f 6747/53/4 6742/53/4 6748/53/4
f 6748/143/4 6743/143/4 6749/143/4
f 6750/70/4 6751/70/4 6756/70/4
f 6751/7/4 6752/7/4 6757/7/4
f 6756/70/4 6751/70/4 6757/70/4
f 6752/145/4 6753/145/4 6758/145/4
f 6757/7/4 6752/7/4 6758/7/4
f 6753/75/4 6754/75/4 6759/75/4
f 6758/145/4 6753/145/4 6759/145/4
f 6759/75/4 6754/75/4 6760/75/4
f 6755/97/4 6756/97/4 6763/97/4
f 6756/120/4 6757/120/4 6764/120/4
f 6763/97/4 6756/97/4 6764/97/4
f 6757/155/4 6758/155/4 6765/155/4
f 6764/120/4 6757/120/4 6765/120/4
f 6758/59/4 6759/59/4 6766/59/4
f 6765/155/4 6758/155/4 6766/155/4
f 6759/137/4 6760/137/4 6767/137/4
f 6766/59/4 6759/59/4 6767/59/4
f 6760/43/4 6761/43/4 6768/43/4
f 6767/137/4 6760/137/4 6768/137/4
f 6768/43/4 6761/43/4 6769/43/4
f 6762/50/4 6763/50/4 6771/50/4
f 6763/28/4 6764/28/4 6772/28/4
f 6771/50/4 6763/50/4 6772/50/4
f 6764/1/4 6765/1/4 6773/1/4
f 6772/28/4 6764/28/4 6773/28/4
f 6765/82/4 6766/82/4 6774/82/4
f 6773/1/4 6765/1/4 6774/1/4
f 6766/40/4 6767/40/4 6775/40/4
f 6774/82/4 6766/82/4 6775/82/4
f 6767/89/4 6768/89/4 6776/89/4
f 6775/40/4 6767/40/4 6776/40/4
f 6768/172/4 6769/172/4 6777/172/4
f 6776/89/4 6768/89/4 6777/89/4
f 6769/101/4 6770/101/4 6778/101/4
f 6777/172/4 6769/172/4 6778/172/4
f 6778/101/4 6770/101/4 6779/101/4
f 6771/227/4 6772/227/4 6780/227/4
f 6772/98/4 6773/98/4 6781/98/4
f 6780/227/4 6772/227/4 6781/227/4
f 6773/57/4 6774/57/4 6782/57/4
f 6781/98/4 6773/98/4 6782/98/4
f 6774/59/4 6775/59/4 6783/59/4
f 6782/57/4 6774/57/4 6783/57/4
f 6775/246/4 6776/246/4 6784/246/4
f 6783/59/4 6775/59/4 6784/59/4
f 6776/226/4 6777/226/4 6785/226/4
f 6784/246/4 6776/246/4 6785/246/4
f 6777/68/4 6778/68/4 6786/68/4
f 6785/226/4 6777/226/4 6786/226/4
f 6778/84/4 6779/84/4 6787/84/4
f 6786/68/4 6778/68/4 6787/68/4
f 6787/84/4 6779/84/4 6788/84/4
f 6780/161/4 6781/161/4 6789/161/4
f 6781/61/4 6782/61/4 6790/61/4
f 6789/161/4 6781/161/4 6790/161/4
f 6782/136/4 6783/136/4 6791/136/4
f 6790/61/4 6782/61/4 6791/61/4
f 6783/199/4 6784/199/4 6792/199/4
f 6791/136/4 6783/136/4 6792/136/4
f 6784/76/4 6785/76/4 6793/76/4
f 6792/199/4 6784/199/4 6793/199/4
f 6785/208/4 6786/208/4 6794/208/4
f 6793/76/4 6785/76/4 6794/76/4
f 6786/170/4 6787/170/4 6795/170/4
f 6794/208/4 6786/208/4 6795/208/4
f 6787/230/4 6788/230/4 6796/230/4
f 6795/170/4 6787/170/4 6796/170/4
f 6796/230/4 6788/230/4 6797/230/4
f 6789/248/4 6790/248/4 6798/248/4
f 6790/8/4 6791/8/4 6799/8/4
f 6798/248/4 6790/248/4 6799/248/4
f 6791/155/4 6792/155/4 6800/155/4
f 6799/8/4 6791/8/4 6800/8/4
f 6792/29/4 6793/29/4 6801/29/4
f 6800/155/4 6792/155/4 6801/155/4
f 6793/101/4 6794/101/4 6802/101/4
f 6801/29/4 6793/29/4 6802/29/4
f 6794/248/4 6795/248/4 6803/248/4
f 6802/101/4 6794/101/4 6803/101/4
f 6795/184/4 6796/184/4 6804/184/4
f 6803/248/4 6795/248/4 6804/248/4
f 6796/15/4 6797/15/4 6805/15/4
f 6804/184/4 6796/184/4 6805/184/4
f 6805/15/4 6797/15/4 6806/15/4
f 6799/135/4 6800/135/4 6807/135/4
f 6800/66/4 6801/66/4 6808/66/4
f 6807/135/4 6800/135/4 6808/135/4
f 6801/177/4 6802/177/4 6809/177/4
f 6808/66/4 6801/66/4 6809/66/4
f 6802/13/4 6803/13/4 6810/13/4
f 6809/177/4 6802/177/4 6810/177/4
f 6803/180/4 6804/180/4 6811/180/4
f 6810/13/4 6803/13/4 6811/13/4
f 6804/183/4 6805/183/4 6812/183/4
f 6811/180/4 6804/180/4 6812/180/4
f 6812/183/4 6805/183/4 6813/183/4
f 6808/127/4 6809/127/4 6814/127/4
f 6809/23/4 6810/23/4 6815/23/4
f 6814/127/4 6809/127/4 6815/127/4
f 6810/198/4 6811/198/4 6816/198/4
f 6815/23/4 6810/23/4 6816/23/4
f 6811/225/4 6812/225/4 6817/225/4
f 6816/198/4 6811/198/4 6817/198/4
f 6817/225/4 6812/225/4 6818/225/4
f 6825/150/5 6820/150/5 6819/150/5
f 6826/145/5 6821/145/5 6820/145/5
f 6826/150/5 6820/150/5 6825/150/5
f 6827/220/5 6822/220/5 6821/220/5
f 6827/145/5 6821/145/5 6826/145/5
f 6828/192/5 6823/192/5 6822/192/5
f 6828/220/5 6822/220/5 6827/220/5
f 6829/192/5 6823/192/5 6828/192/5
f 6832/255/5 6825/255/5 6824/255/5
f 6833/249/5 6826/249/5 6825/249/5
f 6833/255/5 6825/255/5 6832/255/5
f 6834/254/5 6827/254/5 6826/254/5
f 6834/249/5 6826/249/5 6833/249/5
f 6835/77/5 6828/77/5 6827/77/5
f 6835/254/5 6827/254/5 6834/254/5
f 6836/242/5 6829/242/5 6828/242/5
f 6836/77/5 6828/77/5 6835/77/5
f 6837/254/5 6830/254/5 6829/254/5
f 6837/242/5 6829/242/5 6836/242/5
f 6838/254/5 6830/254/5 6837/254/5
f 6840/120/5 6832/120/5 6831/120/5
f 6841/239/5 6833/239/5 6832/239/5
f 6841/120/5 6832/120/5 6840/120/5
f 6842/94/5 6834/94/5 6833/94/5
f 6842/239/5 6833/239/5 6841/239/5
f 6843/117/5 6835/117/5 6834/117/5
f 6843/94/5 6834/94/5 6842/94/5
f 6844/95/5 6836/95/5 6835/95/5
f 6844/117/5 6835/117/5 6843/117/5
f 6845/84/5 6837/84/5 6836/84/5
f 6845/95/5 6836/95/5 6844/95/5
f 6846/255/5 6838/255/5 6837/255/5
f 6846/84/5 6837/84/5 6845/84/5
f 6847/74/5 6839/74/5 6838/74/5
f 6847/255/5 6838/255/5 6846/255/5
f 6848/74/5 6839/74/5 6847/74/5
f 6849/108/5 6841/108/5 6840/108/5
f 6850/200/5 6842/200/5 6841/200/5
f 6850/108/5 6841/108/5 6849/108/5
f 6851/162/5 6843/162/5 6842/162/5
f 6851/200/5 6842/200/5 6850/200/5
f 6852/22/5 6844/22/5 6843/22/5
f 6852/162/5 6843/162/5 6851/162/5
f 6853/186/5 6845/186/5 6844/186/5
f 6853/22/5 6844/22/5 6852/22/5
f 6854/57/5 6846/57/5 6845/57/5
f 6854/186/5 6845/186/5 6853/186/5
f 6855/60/5 6847/60/5 6846/60/5
f 6855/57/5 6846/57/5 6854/57/5
f 6856/27/5 6848/27/5 6847/27/5
f 6856/60/5 6847/60/5 6855/60/5
f 6857/27/5 6848/27/5 6856/27/5
f 6858/179/5 6850/179/5 6849/179/5
f 6859/103/5 6851/103/5 6850/103/5
f 6859/179/5 6850/179/5 6858/179/5
f 6860/233/5 6852/233/5 6851/233/5
f 6860/103/5 6851/103/5 6859/103/5
f 6861/177/5 6853/177/5 6852/177/5
f 6861/233/5 6852/233/5 6860/233/5
f 6862/100/5 6854/100/5 6853/100/5
f 6862/177/5 6853/177/5 6861/177/5
f 6863/31/5 6855/31/5 6854/31/5
f 6863/100/5 6854/100/5 6862/100/5
f 6864/152/5 6856/152/5 6855/152/5
f 6864/31/5 6855/31/5 6863/31/5
f 6865/106/5 6857/106/5 6856/106/5
f 6865/152/5 6856/152/5 6864/152/5
f 6866/106/5 6857/106/5 6865/106/5
f 6867/26/5 6859/26/5 6858/26/5
f 6868/181/5 6860/181/5 6859/181/5
f 6868/26/5 6859/26/5 6867/26/5
f 6869/217/5 6861/217/5 6860/217/5
f 6869/181/5 6860/181/5 6868/181/5
f 6870/141/5 6862/141/5 6861/141/5
f 6870/217/5 6861/217/5 6869/217/5
f 6871/227/5 6863/227/5 6862/227/5
f 6871/141/5 6862/141/5 6870/141/5
f 6872/239/5 6864/239/5 6863/239/5
f 6872/227/5 6863/227/5 6871/227/5
f 6873/153/5 6865/153/5 6864/153/5
f 6873/239/5 6864/239/5 6872/239/5
f 6874/71/5 6866/71/5 6865/71/5
f 6874/153/5 6865/153/5 6873/153/5
f 6875/71/5 6866/71/5 6874/71/5
f 6876/69/5 6869/69/5 6868/69/5
f 6877/59/5 6870/59/5 6869/59/5
f 6877/69/5 6869/69/5 6876/69/5
f 6878/27/5 6871/27/5 6870/27/5
f 6878/59/5 6870/59/5 6877/59/5
f 6879/147/5 6872/147/5 6871/147/5
f 6879/27/5 6871/27/5 6878/27/5
f 6880/229/5 6873/229/5 6872/229/5
f 6880/147/5 6872/147/5 6879/147/5
f 6881/22/5 6874/22/5 6873/22/5
f 6881/229/5 6873/229/5 6880/229/5
f 6882/22/5 6874/22/5 6881/22/5
f 6883/53/5 6878/53/5 6877/53/5
f 6884/237/5 6879/237/5 6878/237/5
f 6884/53/5 6878/53/5 6883/53/5
f 6885/161/5 6880/161/5 6879/161/5
f 6885/237/5 6879/237/5 6884/237/5
f 6886/1/5 6881/1/5 6880/1/5
f 6886/161/5 6880/161/5 6885/161/5
f 6887/1/5 6881/1/5 6886/1/5
f 6894/39/5 6889/39/5 6888/39/5
f 6895/161/5 6890/161/5 6889/161/5
f 6895/39/5 6889/39/5 6894/39/5
f 6896/161/5 6890/161/5 6895/161/5
f 6901/239/5 6892/239/5 6891/239/5
f 6902/115/5 6893/115/5 6892/115/5
f 6902/239/5 6892/239/5 6901/239/5
f 6903/165/5 6894/165/5 6893/165/5
f 6903/115/5 6893/115/5 6902/115/5
f 6904/15/5 6895/15/5 6894/15/5
f 6904/165/5 6894/165/5 6903/165/5
f 6905/111/5 6896/111/5 6895/111/5
f 6905/15/5 6895/15/5 6904/15/5
f 6906/118/5 6897/118/5 6896/118/5
f 6906/111/5 6896/111/5 6905/111/5
f 6907/19/5 6898/19/5 6897/19/5
f 6907/118/5 6897/118/5 6906/118/5
f 6908/197/5 6899/197/5 6898/197/5
f 6908/19/5 6898/19/5 6907/19/5
f 6909/197/5 6899/197/5 6908/197/5
f 6912/160/5 6901/160/5 6900/160/5
f 6913/228/5 6902/228/5 6901/228/5
f 6913/160/5 6901/160/5 6912/160/5
f 6914/224/5 6903/224/5 6902/224/5
f 6914/228/5 6902/228/5 6913/228/5
f 6915/220/5 6904/220/5 6903/220/5
f 6915/224/5 6903/224/5 6914/224/5
f 6916/241/5 6905/241/5 6904/241/5
f 6916/220/5 6904/220/5 6915/220/5
f 6917/138/5 6906/138/5 6905/138/5
f 6917/241/5 6905/241/5 6916/241/5
f 6918/188/5 6907/188/5 6906/188/5
f 6918/138/5 6906/138/5 6917/138/5
f 6919/31/5 6908/31/5 6907/31/5
f 6919/188/5 6907/188/5 6918/188/5
f 6920/125/5 6909/125/5 6908/125/5
f 6920/31/5 6908/31/5 6919/31/5
f 6921/4/5 6910/4/5 6909/4/5
f 6921/125/5 6909/125/5 6920/125/5
f 6922/4/5 6910/4/5 6921/4/5
f 6924/152/5 6912/152/5 6911/152/5
f 6925/178/5 6913/178/5 6912/178/5
f 6925/152/5 6912/152/5 6924/152/5
f 6926/123/5 6914/123/5 6913/123/5
f 6926/178/5 6913/178/5 6925/178/5
f 6927/143/5 6915/143/5 6914/143/5
f 6927/123/5 6914/123/5 6926/123/5
f 6928/143/5 6915/143/5 6927/143/5
f 6929/69/5 6920/69/5 6919/69/5
f 6930/5/5 6921/5/5 6920/5/5
f 6930/69/5 6920/69/5 6929/69/5
f 6931/205/5 6922/205/5 6921/205/5
f 6931/5/5 6921/5/5 6930/5/5
f 6932/203/5 6923/203/5 6922/203/5
f 6932/205/5 6922/205/5 6931/205/5
f 6933/203/5 6923/203/5 6932/203/5
f 6934/77/5 6925/77/5 6924/77/5
f 6935/13/5 6926/13/5 6925/13/5
f 6935/77/5 6925/77/5 6934/77/5
f 6936/36/5 6927/36/5 6926/36/5
f 6936/13/5 6926/13/5 6935/13/5
f 6937/36/5 6927/36/5 6936/36/5
f 6938/249/5 6931/249/5 6930/249/5
f 6939/169/5 6932/169/5 6931/169/5
f 6939/249/5 6931/249/5 6938/249/5
f 6940/12/5 6933/12/5 6932/12/5
f 6940/169/5 6932/169/5 6939/169/5
f 6941/12/5 6933/12/5 6940/12/5
f 6943/223/5 6935/223/5 6934/223/5
f 6944/214/5 6936/214/5 6935/214/5
f 6944/223/5 6935/223/5 6943/223/5
f 6945/214/5 6936/214/5 6944/214/5
f 6946/150/5 6940/150/5 6939/150/5
f 6947/215/5 6941/215/5 6940/215/5
f 6947/150/5 6940/150/5 6946/150/5
f 6948/215/5 6941/215/5 6947/215/5
f 6950/233/5 6943/233/5 6942/233/5
f 6951/81/5 6944/81/5 6943/81/5
f 6951/233/5 6943/233/5 6950/233/5
f 6952/71/5 6945/71/5 6944/71/5
f 6952/81/5 6944/81/5 6951/81/5
f 6953/71/5 6945/71/5 6952/71/5
f 6954/9/5 6947/9/5 6946/9/5
f 6955/180/5 6948/180/5 6947/180/5
f 6955/9/5 6947/9/5 6954/9/5
f 6956/130/5 6949/130/5 6948/130/5
f 6956/180/5 6948/180/5 6955/180/5
f 6957/130/5 6949/130/5 6956/130/5
f 6958/13/5 6951/13/5 6950/13/5
f 6959/203/5 6952/203/5 6951/203/5
f 6959/13/5 6951/13/5 6958/13/5
f 6960/164/5 6953/164/5 6952/164/5
f 6960/203/5 6952/203/5 6959/203/5
f 6961/164/5 6953/164/5 6960/164/5
f 6962/195/5 6955/195/5 6954/195/5
f 6963/28/5 6956/28/5 6955/28/5
f 6963/195/5 6955/195/5 6962/195/5
f 6964/61/5 6957/61/5 6956/61/5
f 6964/28/5 6956/28/5 6963/28/5
f 6965/61/5 6957/61/5 6964/61/5
f 6966/10/5 6960/10/5 6959/10/5
f 6967/36/5 6961/36/5 6960/36/5
f 6967/10/5 6960/10/5 6966/10/5
f 6968/36/5 6961/36/5 6967/36/5
f 6971/53/5 6963/53/5 6962/53/5
f 6972/224/5 6964/224/5 6963/224/5
f 6972/53/5 6963/53/5 6971/53/5
f 6973/224/5 6964/224/5 6972/224/5
f 6974/215/5 6967/215/5 6966/215/5
f 6975/100/5 6968/100/5 6967/100/5
f 6975/215/5 6967/215/5 6974/215/5
f 6976/255/5 6969/255/5 6968/255/5
f 6976/100/5 6968/100/5 6975/100/5
f 6977/255/5 6969/255/5 6976/255/5
f 6980/128/5 6971/128/5 6970/128/5
f 6981/231/5 6972/231/5 6971/231/5
f 6981/128/5 6971/128/5 6980/128/5
f 6982/217/5 6973/217/5 6972/217/5
f 6982/231/5 6972/231/5 6981/231/5
f 6983/217/5 6973/217/5 6982/217/5
f 6984/4/5 6975/4/5 6974/4/5
f 6985/120/5 6976/120/5 6975/120/5
f 6985/4/5 6975/4/5 6984/4/5
f 6986/6/5 6977/6/5 6976/6/5
f 6986/120/5 6976/120/5 6985/120/5
f 6987/118/5 6978/118/5 6977/118/5
f 6987/6/5 6977/6/5 6986/6/5
f 6988/118/5 6978/118/5 6987/118/5
f 6992/108/5 6980/108/5 6979/108/5
f 6993/94/5 6981/94/5 6980/94/5
f 6993/108/5 6980/108/5 6992/108/5
f 6994/30/5 6982/30/5 6981/30/5
f 6994/94/5 6981/94/5 6993/94/5
f 6995/109/5 6983/109/5 6982/109/5
f 6995/30/5 6982/30/5 6994/30/5
f 6996/109/5 6983/109/5 6995/109/5
f 6997/6/5 6986/6/5 6985/6/5
f 6998/197/5 6987/197/5 6986/197/5
f 6998/6/5 6986/6/5 6997/6/5
f 6999/114/5 6988/114/5 6987/114/5
f 6999/197/5 6987/197/5 6998/197/5
f 7000/131/5 6989/131/5 6988/131/5
f 7000/114/5 6988/114/5 6999/114/5
f 7001/246/5 6990/246/5 6989/246/5
f 7001/131/5 6989/131/5 7000/131/5
f 7002/118/5 6991/118/5 6990/118/5
f 7002/246/5 6990/246/5 7001/246/5
f 7003/139/5 6992/139/5 6991/139/5
f 7003/118/5 6991/118/5 7002/118/5
f 7004/62/5 6993/62/5 6992/62/5
f 7004/139/5 6992/139/5 7003/139/5
f 7005/69/5 6994/69/5 6993/69/5
f 7005/62/5 6993/62/5 7004/62/5
f 7006/43/5 6995/43/5 6994/43/5
f 7006/69/5 6994/69/5 7005/69/5
f 7007/43/5 6995/43/5 7006/43/5
f 7008/166/5 6999/166/5 6998/166/5
f 7009/127/5 7000/127/5 6999/127/5
f 7009/166/5 6999/166/5 7008/166/5
f 7010/23/5 7001/23/5 7000/23/5
f 7010/127/5 7000/127/5 7009/127/5
f 7011/57/5 7002/57/5 7001/57/5
f 7011/23/5 7001/23/5 7010/23/5
f 7012/94/5 7003/94/5 7002/94/5
f 7012/57/5 7002/57/5 7011/57/5
f 7013/250/5 7004/250/5 7003/250/5
f 7013/94/5 7003/94/5 7012/94/5
f 7014/63/5 7005/63/5 7004/63/5
f 7014/250/5 7004/250/5 7013/250/5
f 7015/238/5 7006/238/5 7005/238/5
f 7015/63/5 7005/63/5 7014/63/5
f 7016/238/5 7006/238/5 7015/238/5
f 7017/115/5 7012/115/5 7011/115/5
f 7018/165/5 7013/165/5 7012/165/5
f 7018/115/5 7012/115/5 7017/115/5
f 7019/165/5 7013/165/5 7018/165/5
f 7030/164/5 7021/164/5 7020/164/5
f 7031/185/5 7022/185/5 7021/185/5
f 7031/164/5 7021/164/5 7030/164/5
f 7032/72/5 7023/72/5 7022/72/5
f 7032/185/5 7022/185/5 7031/185/5
f 7033/86/5 7024/86/5 7023/86/5
f 7033/72/5 7023/72/5 7032/72/5
f 7034/103/5 7025/103/5 7024/103/5
f 7034/86/5 7024/86/5 7033/86/5
f 7035/215/5 7026/215/5 7025/215/5
f 7035/103/5 7025/103/5 7034/103/5
f 7036/243/5 7027/243/5 7026/243/5
f 7036/215/5 7026/215/5 7035/215/5
f 7037/159/5 7028/159/5 7027/159/5
f 7037/243/5 7027/243/5 7036/243/5
f 7038/159/5 7028/159/5 7037/159/5
f 7041/169/5 7030/169/5 7029/169/5
f 7042/210/5 7031/210/5 7030/210/5
f 7042/169/5 7030/169/5 7041/169/5
f 7043/96/5 7032/96/5 7031/96/5
f 7043/210/5 7031/210/5 7042/210/5
f 7044/16/5 7033/16/5 7032/16/5
f 7044/96/5 7032/96/5 7043/96/5
f 7045/16/5 7033/16/5 7044/16/5
f 7046/218/5 7036/218/5 7035/218/5
f 7047/243/5 7037/243/5 7036/243/5
f 7047/218/5 7036/218/5 7046/218/5
f 7048/242/5 7038/242/5 7037/242/5
f 7048/243/5 7037/243/5 7047/243/5
f 7049/151/5 7039/151/5 7038/151/5
f 7049/242/5 7038/242/5 7048/242/5
f 7050/151/5 7039/151/5 7049/151/5
f 7053/225/5 7041/225/5 7040/225/5
f 7054/52/5 7042/52/5 7041/52/5
f 7054/225/5 7041/225/5 7053/225/5
f 7055/52/5 7042/52/5 7054/52/5
f 7056/240/5 7050/240/5 7049/240/5
f 7057/51/5 7051/51/5 7050/51/5
f 7057/240/5 7050/240/5 7056/240/5
f 7058/51/5 7051/51/5 7057/51/5
f 7061/213/5 7053/213/5 7052/213/5
f 7062/98/5 7054/98/5 7053/98/5
f 7062/213/5 7053/213/5 7061/213/5
f 7063/98/5 7054/98/5 7062/98/5
f 7064/129/5 7058/129/5 7057/129/5
f 7065/64/5 7059/64/5 7058/64/5
f 7065/129/5 7058/129/5 7064/129/5
f 7066/64/5 7059/64/5 7065/64/5
f 7068/229/5 7061/229/5 7060/229/5
f 7069/207/5 7062/207/5 7061/207/5
f 7069/229/5 7061/229/5 7068/229/5
f 7070/207/5 7062/207/5 7069/207/5
f 7071/45/5 7066/45/5 7065/45/5
f 7072/99/5 7067/99/5 7066/99/5
f 7072/45/5 7066/45/5 7071/45/5
f 7073/99/5 7067/99/5 7072/99/5
f 7074/12/5 7069/12/5 7068/12/5
f 7075/178/5 7070/178/5 7069/178/5
f 7075/12/5 7069/12/5 7074/12/5
f 7076/178/5 7070/178/5 7075/178/5
f 7077/173/5 7072/173/5 7071/173/5
f 7078/4/5 7073/4/5 7072/4/5
f 7078/173/5 7072/173/5 7077/173/5
f 7079/4/5 7073/4/5 7078/4/5
f 7080/7/5 7075/7/5 7074/7/5
f 7081/100/5 7076/100/5 7075/100/5
f 7081/7/5 7075/7/5 7080/7/5
f 7082/100/5 7076/100/5 7081/100/5
f 7083/123/5 7078/123/5 7077/123/5
f 7084/232/5 7079/232/5 7078/232/5
f 7084/123/5 7078/123/5 7083/123/5
f 7085/232/5 7079/232/5 7084/232/5
f 7086/245/5 7081/245/5 7080/245/5
f 7087/245/5 7081/245/5 7086/245/5
f 7088/61/5 7085/61/5 7084/61/5
f 7089/61/5 7085/61/5 7088/61/5
f 7090/81/5 7087/81/5 7086/81/5
f 7091/81/5 7087/81/5 7090/81/5
f 7094/203/5 7089/203/5 7088/203/5
f 7095/203/5 7089/203/5 7094/203/5
f 7096/4/5 7091/4/5 7090/4/5
f 7097/49/5 7092/49/5 7091/49/5
f 7097/4/5 7091/4/5 7096/4/5
f 7098/49/5 7092/49/5 7097/49/5
f 7099/53/5 7094/53/5 7093/53/5
f 7100/193/5 7095/193/5 7094/193/5
f 7100/53/5 7094/53/5 7099/53/5
f 7101/193/5 7095/193/5 7100/193/5
f 7102/2/5 7097/2/5 7096/2/5
f 7103/223/5 7098/223/5 7097/223/5
f 7103/2/5 7097/2/5 7102/2/5
f 7104/223/5 7098/223/5 7103/223/5
f 7105/245/5 7100/245/5 7099/245/5
f 7106/67/5 7101/67/5 7100/67/5
f 7106/245/5 7100/245/5 7105/245/5
f 7107/67/5 7101/67/5 7106/67/5
f 7108/79/5 7103/79/5 7102/79/5
f 7109/46/5 7104/46/5 7103/46/5
f 7109/79/5 7103/79/5 7108/79/5
f 7110/46/5 7104/46/5 7109/46/5
f 7113/183/5 7106/183/5 7105/183/5
f 7114/42/5 7107/42/5 7106/42/5
f 7114/183/5 7106/183/5 7113/183/5
f 7115/42/5 7107/42/5 7114/42/5
f 7116/7/5 7110/7/5 7109/7/5
f 7117/79/5 7111/79/5 7110/79/5
f 7117/7/5 7110/7/5 7116/7/5
f 7118/79/5 7111/79/5 7117/79/5
f 7121/248/5 7113/248/5 7112/248/5
f 7122/118/5 7114/118/5 7113/118/5
f 7122/248/5 7113/248/5 7121/248/5
f 7123/118/5 7114/118/5 7122/118/5
f 7124/134/5 7118/134/5 7117/134/5
f 7125/140/5 7119/140/5 7118/140/5
f 7125/134/5 7118/134/5 7124/134/5
f 7126/140/5 7119/140/5 7125/140/5
f 7133/250/5 7121/250/5 7120/250/5
f 7134/79/5 7122/79/5 7121/79/5
f 7134/250/5 7121/250/5 7133/250/5
f 7135/79/5 7122/79/5 7134/79/5
f 7136/129/5 7126/129/5 7125/129/5
f 7137/73/5 7127/73/5 7126/73/5
f 7137/129/5 7126/129/5 7136/129/5
f 7138/163/5 7128/163/5 7127/163/5
f 7138/73/5 7127/73/5 7137/73/5
f 7139/155/5 7129/155/5 7128/155/5
f 7139/163/5 7128/163/5 7138/163/5
f 7140/155/5 7129/155/5 7139/155/5
f 7142/102/5 7131/102/5 7130/102/5
f 7143/195/5 7132/195/5 7131/195/5
f 7143/102/5 7131/102/5 7142/102/5
f 7144/176/5 7133/176/5 7132/176/5
f 7144/195/5 7132/195/5 7143/195/5
f 7145/94/5 7134/94/5 7133/94/5
f 7145/176/5 7133/176/5 7144/176/5
f 7146/94/5 7134/94/5 7145/94/5
f 7147/83/5 7138/83/5 7137/83/5
f 7148/167/5 7139/167/5 7138/167/5
f 7148/83/5 7138/83/5 7147/83/5
f 7149/79/5 7140/79/5 7139/79/5
f 7149/167/5 7139/167/5 7148/167/5
f 7150/249/5 7141/249/5 7140/249/5
f 7150/79/5 7140/79/5 7149/79/5
f 7151/181/5 7142/181/5 7141/181/5
f 7151/249/5 7141/249/5 7150/249/5
f 7152/165/5 7143/165/5 7142/165/5
f 7152/181/5 7142/181/5 7151/181/5
f 7153/218/5 7144/218/5 7143/218/5
f 7153/165/5 7143/165/5 7152/165/5
f 7154/154/5 7145/154/5 7144/154/5
f 7154/218/5 7144/218/5 7153/218/5
f 7155/154/5 7145/154/5 7154/154/5
f 7164/115/5 7157/115/5 7156/115/5
f 7165/146/5 7158/146/5 7157/146/5
f 7165/115/5 7157/115/5 7164/115/5
f 7166/19/5 7159/19/5 7158/19/5
f 7166/146/5 7158/146/5 7165/146/5
f 7167/234/5 7160/234/5 7159/234/5
f 7167/19/5 7159/19/5 7166/19/5
f 7168/234/5 7160/234/5 7167/234/5
f 7173/246/5 7162/246/5 7161/246/5
f 7174/245/5 7163/245/5 7162/245/5
f 7174/246/5 7162/246/5 7173/246/5
f 7175/21/5 7164/21/5 7163/21/5
f 7175/245/5 7163/245/5 7174/245/5
f 7176/50/5 7165/50/5 7164/50/5
f 7176/21/5 7164/21/5 7175/21/5
f 7177/189/5 7166/189/5 7165/189/5
f 7177/50/5 7165/50/5 7176/50/5
f 7178/155/5 7167/155/5 7166/155/5
f 7178/189/5 7166/189/5 7177/189/5
f 7179/160/5 7168/160/5 7167/160/5
f 7179/155/5 7167/155/5 7178/155/5
f 7180/225/5 7169/225/5 7168/225/5
f 7180/160/5 7168/160/5 7179/160/5
f 7181/131/5 7170/131/5 7169/131/5
f 7181/225/5 7169/225/5 7180/225/5
f 7182/172/5 7171/172/5 7170/172/5
f 7182/131/5 7170/131/5 7181/131/5
f 7183/172/5 7171/172/5 7182/172/5
f 7186/99/5 7173/99/5 7172/99/5
f 7187/50/5 7174/50/5 7173/50/5
f 7187/99/5 7173/99/5 7186/99/5
f 7188/50/5 7174/50/5 7187/50/5
f 7189/227/5 7183/227/5 7182/227/5
f 7190/34/5 7184/34/5 7183/34/5
f 7190/227/5 7183/227/5 7189/227/5
f 7191/34/5 7184/34/5 7190/34/5
f 7194/64/5 7186/64/5 7185/64/5
f 7195/213/5 7187/213/5 7186/213/5
f 7195/64/5 7186/64/5 7194/64/5
f 7196/213/5 7187/213/5 7195/213/5
f 7197/94/5 7191/94/5 7190/94/5
f 7198/125/5 7192/125/5 7191/125/5
f 7198/94/5 7191/94/5 7197/94/5
f 7199/125/5 7192/125/5 7198/125/5
f 7202/99/5 7194/99/5 7193/99/5
f 7203/188/5 7195/188/5 7194/188/5
f 7203/99/5 7194/99/5 7202/99/5
f 7204/188/5 7195/188/5 7203/188/5
f 7205/137/5 7199/137/5 7198/137/5
f 7206/246/5 7200/246/5 7199/246/5
f 7206/137/5 7199/137/5 7205/137/5
f 7207/246/5 7200/246/5 7206/246/5
f 7209/153/5 7202/153/5 7201/153/5
f 7210/77/5 7203/77/5 7202/77/5
f 7210/153/5 7202/153/5 7209/153/5
f 7211/77/5 7203/77/5 7210/77/5
f 7212/165/5 7207/165/5 7206/165/5
f 7213/115/5 7208/115/5 7207/115/5
f 7213/165/5 7207/165/5 7212/165/5
f 7214/115/5 7208/115/5 7213/115/5
f 7215/168/5 7210/168/5 7209/168/5
f 7216/168/5 7210/168/5 7215/168/5
f 7217/101/5 7214/101/5 7213/101/5
f 7218/101/5 7214/101/5 7217/101/5
f 7220/249/5 7216/249/5 7215/249/5
f 7221/249/5 7216/249/5 7220/249/5
f 7222/206/5 7218/206/5 7217/206/5
f 7223/206/5 7218/206/5 7222/206/5
f 7225/181/5 7220/181/5 7219/181/5
f 7226/196/5 7221/196/5 7220/196/5
f 7226/181/5 7220/181/5 7225/181/5
f 7227/196/5 7221/196/5 7226/196/5
f 7228/54/5 7223/54/5 7222/54/5
f 7229/197/5 7224/197/5 7223/197/5
f 7229/54/5 7223/54/5 7228/54/5
f 7230/197/5 7224/197/5 7229/197/5
f 7231/54/5 7226/54/5 7225/54/5
f 7232/96/5 7227/96/5 7226/96/5
f 7232/54/5 7226/54/5 7231/54/5
f 7233/96/5 7227/96/5 7232/96/5
f 7234/238/5 7229/238/5 7228/238/5
f 7235/2/5 7230/2/5 7229/2/5
f 7235/238/5 7229/238/5 7234/238/5
f 7236/2/5 7230/2/5 7235/2/5
f 7237/111/5 7232/111/5 7231/111/5
f 7238/159/5 7233/159/5 7232/159/5
f 7238/111/5 7232/111/5 7237/111/5
f 7239/159/5 7233/159/5 7238/159/5
f 7240/66/5 7235/66/5 7234/66/5
f 7241/95/5 7236/95/5 7235/95/5
f 7241/66/5 7235/66/5 7240/66/5
f 7242/95/5 7236/95/5 7241/95/5
f 7243/127/5 7238/127/5 7237/127/5
f 7244/87/5 7239/87/5 7238/87/5
f 7244/127/5 7238/127/5 7243/127/5
f 7245/87/5 7239/87/5 7244/87/5
f 7246/87/5 7241/87/5 7240/87/5
f 7247/203/5 7242/203/5 7241/203/5
f 7247/87/5 7241/87/5 7246/87/5
f 7248/203/5 7242/203/5 7247/203/5
f 7249/133/5 7245/133/5 7244/133/5
f 7250/133/5 7245/133/5 7249/133/5
f 7251/202/5 7247/202/5 7246/202/5
f 7252/202/5 7247/202/5 7251/202/5
f 7253/75/5 7250/75/5 7249/75/5
f 7254/75/5 7250/75/5 7253/75/5
f 7257/72/5 7252/72/5 7251/72/5
f 7258/72/5 7252/72/5 7257/72/5
f 7259/155/5 7254/155/5 7253/155/5
f 7260/183/5 7255/183/5 7254/183/5
f 7260/155/5 7254/155/5 7259/155/5
f 7261/183/5 7255/183/5 7260/183/5
f 7264/193/5 7257/193/5 7256/193/5
f 7265/103/5 7258/103/5 7257/103/5
f 7265/193/5 7257/193/5 7264/193/5
f 7266/103/5 7258/103/5 7265/103/5
f 7267/181/5 7261/181/5 7260/181/5
f 7268/124/5 7262/124/5 7261/124/5
f 7268/181/5 7261/181/5 7267/181/5
f 7269/124/5 7262/124/5 7268/124/5
f 7272/229/5 7264/229/5 7263/229/5
f 7273/99/5 7265/99/5 7264/99/5
f 7273/229/5 7264/229/5 7272/229/5
f 7274/99/5 7265/99/5 7273/99/5
f 7275/20/5 7269/20/5 7268/20/5
f 7276/228/5 7270/228/5 7269/228/5
f 7276/20/5 7269/20/5 7275/20/5
f 7277/228/5 7270/228/5 7276/228/5
f 7280/91/5 7272/91/5 7271/91/5
f 7281/47/5 7273/47/5 7272/47/5
f 7281/91/5 7272/91/5 7280/91/5
f 7282/47/5 7273/47/5 7281/47/5
f 7283/206/5 7277/206/5 7276/206/5
f 7284/61/5 7278/61/5 7277/61/5
f 7284/206/5 7277/206/5 7283/206/5
f 7285/61/5 7278/61/5 7284/61/5
f 7293/210/5 7280/210/5 7279/210/5
f 7294/114/5 7281/114/5 7280/114/5
f 7294/210/5 7280/210/5 7293/210/5
f 7295/114/5 7281/114/5 7294/114/5
f 7296/231/5 7285/231/5 7284/231/5
f 7297/44/5 7286/44/5 7285/44/5
f 7297/231/5 7285/231/5 7296/231/5
f 7298/60/5 7287/60/5 7286/60/5
f 7298/44/5 7286/44/5 7297/44/5
f 7299/102/5 7288/102/5 7287/102/5
f 7299/60/5 7287/60/5 7298/60/5
f 7300/44/5 7289/44/5 7288/44/5
f 7300/102/5 7288/102/5 7299/102/5
f 7301/188/5 7290/188/5 7289/188/5
f 7301/44/5 7289/44/5 7300/44/5
f 7302/90/5 7291/90/5 7290/90/5
f 7302/188/5 7290/188/5 7301/188/5
f 7303/216/5 7292/216/5 7291/216/5
f 7303/90/5 7291/90/5 7302/90/5
f 7304/35/5 7293/35/5 7292/35/5
f 7304/216/5 7292/216/5 7303/216/5
f 7305/100/5 7294/100/5 7293/100/5
f 7305/35/5 7293/35/5 7304/35/5
f 7306/100/5 7294/100/5 7305/100/5
f 7307/75/5 7300/75/5 7299/75/5
f 7308/68/5 7301/68/5 7300/68/5
f 7308/75/5 7300/75/5 7307/75/5
f 7309/97/5 7302/97/5 7301/97/5
f 7309/68/5 7301/68/5 7308/68/5
f 7310/229/5 7303/229/5 7302/229/5
f 7310/97/5 7302/97/5 7309/97/5
f 7311/229/5 7303/229/5 7310/229/5
f 7320/73/5 7313/73/5 7312/73/5
f 7321/207/5 7314/207/5 7313/207/5
f 7321/73/5 7313/73/5 7320/73/5
f 7322/49/5 7315/49/5 7314/49/5
f 7322/207/5 7314/207/5 7321/207/5
f 7323/147/5 7316/147/5 7315/147/5
f 7323/49/5 7315/49/5 7322/49/5
f 7324/147/5 7316/147/5 7323/147/5
f 7330/95/5 7318/95/5 7317/95/5
f 7331/221/5 7319/221/5 7318/221/5
f 7331/95/5 7318/95/5 7330/95/5
f 7332/158/5 7320/158/5 7319/158/5
f 7332/221/5 7319/221/5 7331/221/5
f 7333/158/5 7320/158/5 7332/158/5
f 7334/191/5 7325/191/5 7324/191/5
f 7335/67/5 7326/67/5 7325/67/5
f 7335/191/5 7325/191/5 7334/191/5
f 7336/215/5 7327/215/5 7326/215/5
f 7336/67/5 7326/67/5 7335/67/5
f 7337/215/5 7327/215/5 7336/215/5
f 7341/124/5 7329/124/5 7328/124/5
f 7342/129/5 7330/129/5 7329/129/5
f 7342/124/5 7329/124/5 7341/124/5
f 7343/129/5 7330/129/5 7342/129/5
f 7344/57/5 7338/57/5 7337/57/5
f 7345/212/5 7339/212/5 7338/212/5
f 7345/57/5 7338/57/5 7344/57/5
f 7346/212/5 7339/212/5 7345/212/5
f 7349/7/5 7341/7/5 7340/7/5
f 7350/173/5 7342/173/5 7341/173/5
f 7350/7/5 7341/7/5 7349/7/5
f 7351/173/5 7342/173/5 7350/173/5
f 7352/61/5 7346/61/5 7345/61/5
f 7353/218/5 7347/218/5 7346/218/5
f 7353/61/5 7346/61/5 7352/61/5
f 7354/218/5 7347/218/5 7353/218/5
f 7356/216/5 7349/216/5 7348/216/5
f 7357/116/5 7350/116/5 7349/116/5
f 7357/216/5 7349/216/5 7356/216/5
f 7358/116/5 7350/116/5 7357/116/5
f 7359/80/5 7354/80/5 7353/80/5
f 7360/244/5 7355/244/5 7354/244/5
f 7360/80/5 7354/80/5 7359/80/5
f 7361/244/5 7355/244/5 7360/244/5
f 7363/167/5 7357/167/5 7356/167/5
f 7364/167/5 7357/167/5 7363/167/5
f 7365/248/5 7361/248/5 7360/248/5
f 7366/248/5 7361/248/5 7365/248/5
f 7368/88/5 7363/88/5 7362/88/5
f 7369/88/5 7363/88/5 7368/88/5
f 7370/241/5 7367/241/5 7366/241/5
f 7371/241/5 7367/241/5 7370/241/5
f 7372/132/5 7369/132/5 7368/132/5
f 7373/132/5 7369/132/5 7372/132/5
f 7374/50/5 7371/50/5 7370/50/5
f 7375/50/5 7371/50/5 7374/50/5
f 7377/91/5 7373/91/5 7372/91/5
f 7378/91/5 7373/91/5 7377/91/5
f 7379/202/5 7375/202/5 7374/202/5
f 7380/202/5 7375/202/5 7379/202/5
f 7382/110/5 7377/110/5 7376/110/5
f 7383/110/5 7377/110/5 7382/110/5
f 7384/126/5 7381/126/5 7380/126/5
f 7385/126/5 7381/126/5 7384/126/5
f 7386/119/5 7383/119/5 7382/119/5
f 7387/119/5 7383/119/5 7386/119/5
f 7388/172/5 7385/172/5 7384/172/5
f 7389/172/5 7385/172/5 7388/172/5
f 7390/51/5 7387/51/5 7386/51/5
f 7391/51/5 7387/51/5 7390/51/5
f 7392/184/5 7389/184/5 7388/184/5
f 7393/184/5 7389/184/5 7392/184/5
f 7394/76/5 7391/76/5 7390/76/5
f 7395/76/5 7391/76/5 7394/76/5
f 7398/1/5 7393/1/5 7392/1/5
f 7399/1/5 7393/1/5 7398/1/5
f 7400/4/5 7396/4/5 7395/4/5
f 7401/4/5 7396/4/5 7400/4/5
f 7402/193/5 7398/193/5 7397/193/5
f 7403/193/5 7398/193/5 7402/193/5
f 7404/8/5 7401/8/5 7400/8/5
f 7405/8/5 7401/8/5 7404/8/5
f 7406/136/5 7403/136/5 7402/136/5
f 7407/136/5 7403/136/5 7406/136/5
f 7408/60/5 7405/60/5 7404/60/5
f 7409/60/5 7405/60/5 7408/60/5
f 7412/159/5 7407/159/5 7406/159/5
f 7413/159/5 7407/159/5 7412/159/5
f 7414/100/5 7410/100/5 7409/100/5
f 7415/100/5 7410/100/5 7414/100/5
f 7418/240/5 7412/240/5 7411/240/5
f 7419/240/5 7412/240/5 7418/240/5
f 7420/109/5 7415/109/5 7414/109/5
f 7421/62/5 7416/62/5 7415/62/5
f 7421/109/5 7415/109/5 7420/109/5
f 7422/62/5 7416/62/5 7421/62/5
f 7425/98/5 7418/98/5 7417/98/5
f 7426/48/5 7419/48/5 7418/48/5
f 7426/98/5 7418/98/5 7425/98/5
f 7427/48/5 7419/48/5 7426/48/5
f 7428/244/5 7422/244/5 7421/244/5
f 7429/108/5 7423/108/5 7422/108/5
f 7429/244/5 7422/244/5 7428/244/5
f 7430/108/5 7423/108/5 7429/108/5
f 7433/144/5 7425/144/5 7424/144/5
f 7434/252/5 7426/252/5 7425/252/5
f 7434/144/5 7425/144/5 7433/144/5
f 7435/252/5 7426/252/5 7434/252/5
f 7436/66/5 7430/66/5 7429/66/5
f 7437/202/5 7431/202/5 7430/202/5
f 7437/66/5 7430/66/5 7436/66/5
f 7438/202/5 7431/202/5 7437/202/5
f 7445/95/5 7433/95/5 7432/95/5
f 7446/213/5 7434/213/5 7433/213/5
f 7446/95/5 7433/95/5 7445/95/5
f 7447/213/5 7434/213/5 7446/213/5
f 7448/95/5 7439/95/5 7438/95/5
f 7449/107/5 7440/107/5 7439/107/5
f 7449/95/5 7439/95/5 7448/95/5
f 7450/146/5 7441/146/5 7440/146/5
f 7450/107/5 7440/107/5 7449/107/5
f 7451/146/5 7441/146/5 7450/146/5
f 7455/251/5 7443/251/5 7442/251/5
f 7456/99/5 7444/99/5 7443/99/5
f 7456/251/5 7443/251/5 7455/251/5
f 7457/195/5 7445/195/5 7444/195/5
f 7457/99/5 7444/99/5 7456/99/5
f 7458/195/5 7445/195/5 7457/195/5
f 7459/217/5 7452/217/5 7451/217/5
f 7460/176/5 7453/176/5 7452/176/5
f 7460/217/5 7452/217/5 7459/217/5
f 7461/174/5 7454/174/5 7453/174/5
f 7461/176/5 7453/176/5 7460/176/5
f 7462/11/5 7455/11/5 7454/11/5
f 7462/174/5 7454/174/5 7461/174/5
f 7463/11/5 7455/11/5 7462/11/5
f 7472/124/5 7465/124/5 7464/124/5
f 7473/205/5 7466/205/5 7465/205/5
f 7473/124/5 7465/124/5 7472/124/5
f 7474/219/5 7467/219/5 7466/219/5
f 7474/205/5 7466/205/5 7473/205/5
f 7475/99/5 7468/99/5 7467/99/5
f 7475/219/5 7467/219/5 7474/219/5
f 7476/99/5 7468/99/5 7475/99/5
f 7482/188/5 7470/188/5 7469/188/5
f 7483/140/5 7471/140/5 7470/140/5
f 7483/188/5 7470/188/5 7482/188/5
f 7484/28/5 7472/28/5 7471/28/5
f 7484/140/5 7471/140/5 7483/140/5
f 7485/28/5 7472/28/5 7484/28/5
f 7486/123/5 7477/123/5 7476/123/5
f 7487/56/5 7478/56/5 7477/56/5
f 7487/123/5 7477/123/5 7486/123/5
f 7488/24/5 7479/24/5 7478/24/5
f 7488/56/5 7478/56/5 7487/56/5
f 7489/24/5 7479/24/5 7488/24/5
f 7493/36/5 7481/36/5 7480/36/5
f 7494/244/5 7482/244/5 7481/244/5
f 7494/36/5 7481/36/5 7493/36/5
f 7495/244/5 7482/244/5 7494/244/5
f 7496/104/5 7490/104/5 7489/104/5
f 7497/160/5 7491/160/5 7490/160/5
f 7497/104/5 7490/104/5 7496/104/5
f 7498/160/5 7491/160/5 7497/160/5
f 7501/121/5 7493/121/5 7492/121/5
f 7502/121/5 7493/121/5 7501/121/5
f 7503/20/5 7499/20/5 7498/20/5
f 7504/20/5 7499/20/5 7503/20/5
f 7507/165/5 7501/165/5 7500/165/5
f 7508/165/5 7501/165/5 7507/165/5
f 7509/234/5 7505/234/5 7504/234/5
f 7510/234/5 7505/234/5 7509/234/5
f 7512/95/5 7507/95/5 7506/95/5
f 7513/95/5 7507/95/5 7512/95/5
f 7514/232/5 7511/232/5 7510/232/5
f 7515/232/5 7511/232/5 7514/232/5
f 7517/70/5 7513/70/5 7512/70/5
f 7518/70/5 7513/70/5 7517/70/5
f 7519/134/5 7515/134/5 7514/134/5
f 7520/134/5 7515/134/5 7519/134/5
f 7522/78/5 7517/78/5 7516/78/5
f 7523/78/5 7517/78/5 7522/78/5
f 7524/231/5 7521/231/5 7520/231/5
f 7525/231/5 7521/231/5 7524/231/5
f 7526/55/5 7523/55/5 7522/55/5
f 7527/55/5 7523/55/5 7526/55/5
f 7528/233/5 7525/233/5 7524/233/5
f 7529/233/5 7525/233/5 7528/233/5
f 7531/249/5 7527/249/5 7526/249/5
f 7532/249/5 7527/249/5 7531/249/5
f 7533/24/5 7529/24/5 7528/24/5
f 7534/24/5 7529/24/5 7533/24/5
f 7536/206/5 7531/206/5 7530/206/5
f 7537/206/5 7531/206/5 7536/206/5
f 7538/190/5 7535/190/5 7534/190/5
f 7539/190/5 7535/190/5 7538/190/5
f 7540/214/5 7537/214/5 7536/214/5
f 7541/214/5 7537/214/5 7540/214/5
f 7542/80/5 7539/80/5 7538/80/5
f 7543/80/5 7539/80/5 7542/80/5
f 7544/222/5 7541/222/5 7540/222/5
f 7545/222/5 7541/222/5 7544/222/5
f 7546/155/5 7543/155/5 7542/155/5
f 7547/155/5 7543/155/5 7546/155/5
f 7548/58/5 7545/58/5 7544/58/5
f 7549/58/5 7545/58/5 7548/58/5
f 7552/140/5 7547/140/5 7546/140/5
f 7553/140/5 7547/140/5 7552/140/5
f 7554/2/5 7550/2/5 7549/2/5
f 7555/2/5 7550/2/5 7554/2/5
f 7556/109/5 7552/109/5 7551/109/5
f 7557/109/5 7552/109/5 7556/109/5
f 7558/237/5 7555/237/5 7554/237/5
f 7559/237/5 7555/237/5 7558/237/5
f 7560/172/5 7557/172/5 7556/172/5
f 7561/172/5 7557/172/5 7560/172/5
f 7562/113/5 7559/113/5 7558/113/5
f 7563/113/5 7559/113/5 7562/113/5
f 7566/246/5 7561/246/5 7560/246/5
f 7567/246/5 7561/246/5 7566/246/5
f 7568/192/5 7564/192/5 7563/192/5
f 7569/192/5 7564/192/5 7568/192/5
f 7570/141/5 7566/141/5 7565/141/5
f 7571/141/5 7566/141/5 7570/141/5
f 7572/119/5 7569/119/5 7568/119/5
f 7573/119/5 7569/119/5 7572/119/5
f 7576/190/5 7571/190/5 7570/190/5
f 7577/190/5 7571/190/5 7576/190/5
f 7578/53/5 7574/53/5 7573/53/5
f 7579/53/5 7574/53/5 7578/53/5
f 7582/215/5 7576/215/5 7575/215/5
f 7583/215/5 7576/215/5 7582/215/5
f 7584/203/5 7580/203/5 7579/203/5
f 7585/203/5 7580/203/5 7584/203/5
f 7590/41/5 7582/41/5 7581/41/5
f 7591/41/5 7582/41/5 7590/41/5
f 7592/209/5 7586/209/5 7585/209/5
f 7593/134/5 7587/134/5 7586/134/5
f 7593/209/5 7586/209/5 7592/209/5
f 7594/134/5 7587/134/5 7593/134/5
f 7601/69/5 7589/69/5 7588/69/5
f 7602/211/5 7590/211/5 7589/211/5
f 7602/69/5 7589/69/5 7601/69/5
f 7603/211/5 7590/211/5 7602/211/5
f 7604/50/5 7595/50/5 7594/50/5
f 7605/207/5 7596/207/5 7595/207/5
f 7605/50/5 7595/50/5 7604/50/5
f 7606/51/5 7597/51/5 7596/51/5
f 7606/207/5 7596/207/5 7605/207/5
f 7607/51/5 7597/51/5 7606/51/5
f 7611/190/5 7599/190/5 7598/190/5
f 7612/207/5 7600/207/5 7599/207/5
f 7612/190/5 7599/190/5 7611/190/5
f 7613/238/5 7601/238/5 7600/238/5
f 7613/207/5 7600/207/5 7612/207/5
f 7614/238/5 7601/238/5 7613/238/5
f 7615/239/5 7608/239/5 7607/239/5
f 7616/24/5 7609/24/5 7608/24/5
f 7616/239/5 7608/239/5 7615/239/5
f 7617/185/5 7610/185/5 7609/185/5
f 7617/24/5 7609/24/5 7616/24/5
f 7618/54/5 7611/54/5 7610/54/5
f 7618/185/5 7610/185/5 7617/185/5
f 7619/54/5 7611/54/5 7618/54/5
f 7630/121/5 7621/121/5 7620/121/5
f 7631/50/5 7622/50/5 7621/50/5
f 7631/121/5 7621/121/5 7630/121/5
f 7632/37/5 7623/37/5 7622/37/5
f 7632/50/5 7622/50/5 7631/50/5
f 7633/37/5 7623/37/5 7632/37/5
f 7634/202/5 7625/202/5 7624/202/5
f 7635/10/5 7626/10/5 7625/10/5
f 7635/202/5 7625/202/5 7634/202/5
f 7636/9/5 7627/9/5 7626/9/5
f 7636/10/5 7626/10/5 7635/10/5
f 7637/9/5 7627/9/5 7636/9/5
f 7641/134/5 7629/134/5 7628/134/5
f 7642/5/5 7630/5/5 7629/5/5
f 7642/134/5 7629/134/5 7641/134/5
f 7643/5/5 7630/5/5 7642/5/5
f 7644/66/5 7638/66/5 7637/66/5
f 7645/171/5 7639/171/5 7638/171/5
f 7645/66/5 7638/66/5 7644/66/5
f 7646/171/5 7639/171/5 7645/171/5
f 7649/197/5 7641/197/5 7640/197/5
f 7650/197/5 7641/197/5 7649/197/5
f 7651/177/5 7647/177/5 7646/177/5
f 7652/177/5 7647/177/5 7651/177/5
f 7655/53/5 7649/53/5 7648/53/5
f 7656/53/5 7649/53/5 7655/53/5
f 7657/27/5 7653/27/5 7652/27/5
f 7658/27/5 7653/27/5 7657/27/5
f 7661/158/5 7655/158/5 7654/158/5
f 7662/158/5 7655/158/5 7661/158/5
f 7663/54/5 7659/54/5 7658/54/5
f 7664/54/5 7659/54/5 7663/54/5
f 7666/21/5 7661/21/5 7660/21/5
f 7667/21/5 7661/21/5 7666/21/5
f 7668/73/5 7665/73/5 7664/73/5
f 7669/73/5 7665/73/5 7668/73/5
f 7671/93/5 7667/93/5 7666/93/5
f 7672/93/5 7667/93/5 7671/93/5
f 7673/247/5 7669/247/5 7668/247/5
f 7674/247/5 7669/247/5 7673/247/5
f 7676/185/5 7671/185/5 7670/185/5
f 7677/185/5 7671/185/5 7676/185/5
f 7678/129/5 7675/129/5 7674/129/5
f 7679/129/5 7675/129/5 7678/129/5
f 7680/37/5 7677/37/5 7676/37/5
f 7681/37/5 7677/37/5 7680/37/5
f 7682/77/5 7679/77/5 7678/77/5
f 7683/77/5 7679/77/5 7682/77/5
f 7684/26/5 7681/26/5 7680/26/5
f 7685/26/5 7681/26/5 7684/26/5
f 7686/90/5 7683/90/5 7682/90/5
f 7687/90/5 7683/90/5 7686/90/5
f 7692/46/5 7689/46/5 7688/46/5
f 7693/46/5 7689/46/5 7692/46/5
f 7694/197/5 7691/197/5 7690/197/5
f 7695/197/5 7691/197/5 7694/197/5
f 7696/248/5 7693/248/5 7692/248/5
f 7697/248/5 7693/248/5 7696/248/5
f 7698/34/5 7695/34/5 7694/34/5
f 7699/34/5 7695/34/5 7698/34/5
f 7700/130/5 7697/130/5 7696/130/5
f 7701/130/5 7697/130/5 7700/130/5
f 7704/207/5 7699/207/5 7698/207/5
f 7705/207/5 7699/207/5 7704/207/5
f 7706/166/5 7702/166/5 7701/166/5
f 7707/166/5 7702/166/5 7706/166/5
f 7708/136/5 7704/136/5 7703/136/5
f 7709/136/5 7704/136/5 7708/136/5
f 7710/73/5 7707/73/5 7706/73/5
f 7711/73/5 7707/73/5 7710/73/5
f 7714/134/5 7709/134/5 7708/134/5
f 7715/134/5 7709/134/5 7714/134/5
f 7716/157/5 7712/157/5 7711/157/5
f 7717/157/5 7712/157/5 7716/157/5
f 7720/13/5 7714/13/5 7713/13/5
f 7721/13/5 7714/13/5 7720/13/5
f 7722/2/5 7718/2/5 7717/2/5
f 7723/2/5 7718/2/5 7722/2/5
f 7726/143/5 7720/143/5 7719/143/5
f 7727/143/5 7720/143/5 7726/143/5
f 7728/49/5 7724/49/5 7723/49/5
f 7729/49/5 7724/49/5 7728/49/5
f 7734/142/5 7726/142/5 7725/142/5
f 7735/142/5 7726/142/5 7734/142/5
f 7736/110/5 7730/110/5 7729/110/5
f 7737/76/5 7731/76/5 7730/76/5
f 7737/110/5 7730/110/5 7736/110/5
f 7738/76/5 7731/76/5 7737/76/5
f 7745/218/5 7733/218/5 7732/218/5
f 7746/52/5 7734/52/5 7733/52/5
f 7746/218/5 7733/218/5 7745/218/5
f 7747/52/5 7734/52/5 7746/52/5
f 7748/47/5 7739/47/5 7738/47/5
f 7749/92/5 7740/92/5 7739/92/5
f 7749/47/5 7739/47/5 7748/47/5
f 7750/64/5 7741/64/5 7740/64/5
f 7750/92/5 7740/92/5 7749/92/5
f 7751/64/5 7741/64/5 7750/64/5
f 7752/57/5 7743/57/5 7742/57/5
f 7753/255/5 7744/255/5 7743/255/5
f 7753/57/5 7743/57/5 7752/57/5
f 7754/169/5 7745/169/5 7744/169/5
f 7754/255/5 7744/255/5 7753/255/5
f 7755/169/5 7745/169/5 7754/169/5
f 7767/60/5 7757/60/5 7756/60/5
f 7768/122/5 7758/122/5 7757/122/5
f 7768/60/5 7757/60/5 7767/60/5
f 7769/216/5 7759/216/5 7758/216/5
f 7769/122/5 7758/122/5 7768/122/5
f 7770/232/5 7760/232/5 7759/232/5
f 7770/216/5 7759/216/5 7769/216/5
f 7771/138/5 7761/138/5 7760/138/5
f 7771/232/5 7760/232/5 7770/232/5
f 7772/141/5 7762/141/5 7761/141/5
f 7772/138/5 7761/138/5 7771/138/5
f 7773/150/5 7763/150/5 7762/150/5
f 7773/141/5 7762/141/5 7772/141/5
f 7774/73/5 7764/73/5 7763/73/5
f 7774/150/5 7763/150/5 7773/150/5
f 7775/73/5 7764/73/5 7774/73/5
f 7780/155/5 7766/155/5 7765/155/5
f 7781/155/5 7766/155/5 7780/155/5
f 7782/156/5 7777/156/5 7776/156/5
f 7783/156/5 7777/156/5 7782/156/5
f 7787/40/5 7779/40/5 7778/40/5
f 7788/40/5 7779/40/5 7787/40/5
f 7789/84/5 7785/84/5 7784/84/5
f 7790/84/5 7785/84/5 7789/84/5
f 7793/30/5 7787/30/5 7786/30/5
f 7794/30/5 7787/30/5 7793/30/5
f 7795/97/5 7791/97/5 7790/97/5
f 7796/97/5 7791/97/5 7795/97/5
f 7799/47/5 7793/47/5 7792/47/5
f 7800/47/5 7793/47/5 7799/47/5
f 7801/239/5 7797/239/5 7796/239/5
f 7802/239/5 7797/239/5 7801/239/5
f 7804/94/5 7799/94/5 7798/94/5
f 7805/94/5 7799/94/5 7804/94/5
f 7806/50/5 7803/50/5 7802/50/5
f 7807/50/5 7803/50/5 7806/50/5
f 7812/250/5 7809/250/5 7808/250/5
f 7813/250/5 7809/250/5 7812/250/5
f 7814/137/5 7811/137/5 7810/137/5
f 7815/137/5 7811/137/5 7814/137/5
f 7820/101/5 7817/101/5 7816/101/5
f 7821/101/5 7817/101/5 7820/101/5
f 7822/29/5 7819/29/5 7818/29/5
f 7823/29/5 7819/29/5 7822/29/5
f 7824/156/5 7821/156/5 7820/156/5
f 7825/156/5 7821/156/5 7824/156/5
f 7826/85/5 7823/85/5 7822/85/5
f 7827/85/5 7823/85/5 7826/85/5
f 7828/54/5 7825/54/5 7824/54/5
f 7829/54/5 7825/54/5 7828/54/5
f 7830/29/5 7827/29/5 7826/29/5
f 7831/29/5 7827/29/5 7830/29/5
f 7832/161/5 7829/161/5 7828/161/5
f 7833/161/5 7829/161/5 7832/161/5
f 7834/248/5 7831/248/5 7830/248/5
f 7835/248/5 7831/248/5 7834/248/5
f 7836/171/5 7833/171/5 7832/171/5
f 7837/171/5 7833/171/5 7836/171/5
f 7838/18/5 7835/18/5 7834/18/5
f 7839/18/5 7835/18/5 7838/18/5
f 7840/34/5 7837/34/5 7836/34/5
f 7841/34/5 7837/34/5 7840/34/5
f 7842/164/5 7839/164/5 7838/164/5
f 7843/164/5 7839/164/5 7842/164/5
f 7844/30/5 7841/30/5 7840/30/5
f 7845/30/5 7841/30/5 7844/30/5
f 7846/83/5 7843/83/5 7842/83/5
f 7847/83/5 7843/83/5 7846/83/5
f 7848/116/5 7845/116/5 7844/116/5
f 7849/116/5 7845/116/5 7848/116/5
f 7850/114/5 7847/114/5 7846/114/5
f 7851/114/5 7847/114/5 7850/114/5
f 7856/137/5 7853/137/5 7852/137/5
f 7857/137/5 7853/137/5 7856/137/5
f 7858/98/5 7855/98/5 7854/98/5
f 7859/98/5 7855/98/5 7858/98/5
f 7864/244/5 7861/244/5 7860/244/5
f 7865/244/5 7861/244/5 7864/244/5
f 7868/134/5 7863/134/5 7862/134/5
f 7869/134/5 7863/134/5 7868/134/5
f 7870/123/5 7866/123/5 7865/123/5
f 7871/123/5 7866/123/5 7870/123/5
f 7874/228/5 7868/228/5 7867/228/5
f 7875/228/5 7868/228/5 7874/228/5
f 7876/254/5 7872/254/5 7871/254/5
f 7877/254/5 7872/254/5 7876/254/5
f 7880/244/5 7874/244/5 7873/244/5
f 7881/244/5 7874/244/5 7880/244/5
f 7882/146/5 7878/146/5 7877/146/5
f 7883/146/5 7878/146/5 7882/146/5
f 7888/21/5 7880/21/5 7879/21/5
f 7889/21/5 7880/21/5 7888/21/5
f 7890/171/5 7885/171/5 7884/171/5
f 7891/171/5 7885/171/5 7890/171/5
f 7901/131/5 7887/131/5 7886/131/5
f 7902/131/5 7887/131/5 7901/131/5
f 7903/114/5 7893/114/5 7892/114/5
f 7904/113/5 7894/113/5 7893/113/5
f 7904/114/5 7893/114/5 7903/114/5
f 7905/85/5 7895/85/5 7894/85/5
f 7905/113/5 7894/113/5 7904/113/5
f 7906/3/5 7896/3/5 7895/3/5
f 7906/85/5 7895/85/5 7905/85/5
f 7907/49/5 7897/49/5 7896/49/5
f 7907/3/5 7896/3/5 7906/3/5
f 7908/122/5 7898/122/5 7897/122/5
f 7908/49/5 7897/49/5 7907/49/5
f 7909/219/5 7899/219/5 7898/219/5
f 7909/122/5 7898/122/5 7908/122/5
f 7910/115/5 7900/115/5 7899/115/5
f 7910/219/5 7899/219/5 7909/219/5
f 7911/115/5 7900/115/5 7910/115/5
f 7917/206/5 7913/206/5 7912/206/5
f 7918/207/5 7914/207/5 7913/207/5
f 7918/206/5 7913/206/5 7917/206/5
f 7919/207/5 7914/207/5 7918/207/5
f 7924/39/5 7916/39/5 7915/39/5
f 7925/39/5 7916/39/5 7924/39/5
f 7926/60/5 7921/60/5 7920/60/5
f 7927/60/5 7921/60/5 7926/60/5
f 7932/84/5 7923/84/5 7922/84/5
f 7933/84/5 7923/84/5 7932/84/5
f 7934/137/5 7929/137/5 7928/137/5
f 7935/137/5 7929/137/5 7934/137/5
f 7939/239/5 7931/239/5 7930/239/5
f 7940/239/5 7931/239/5 7939/239/5
f 7941/92/5 7937/92/5 7936/92/5
f 7942/92/5 7937/92/5 7941/92/5
f 7945/27/5 7939/27/5 7938/27/5
f 7946/27/5 7939/27/5 7945/27/5
f 7947/163/5 7943/163/5 7942/163/5
f 7948/163/5 7943/163/5 7947/163/5
f 7950/222/5 7945/222/5 7944/222/5
f 7951/222/5 7945/222/5 7950/222/5
f 7952/43/5 7949/43/5 7948/43/5
f 7953/43/5 7949/43/5 7952/43/5
f 7958/50/5 7955/50/5 7954/50/5
f 7959/50/5 7955/50/5 7958/50/5
f 7960/33/5 7957/33/5 7956/33/5
f 7961/33/5 7957/33/5 7960/33/5
f 7966/2/5 7963/2/5 7962/2/5
f 7967/2/5 7963/2/5 7966/2/5
f 7968/78/5 7965/78/5 7964/78/5
f 7969/78/5 7965/78/5 7968/78/5
f 7974/169/5 7971/169/5 7970/169/5
f 7975/169/5 7971/169/5 7974/169/5
f 7976/176/5 7973/176/5 7972/176/5
f 7977/176/5 7973/176/5 7976/176/5
f 7978/12/5 7975/12/5 7974/12/5
f 7979/12/5 7975/12/5 7978/12/5
f 7980/138/5 7977/138/5 7976/138/5
f 7981/138/5 7977/138/5 7980/138/5
f 7986/215/5 7983/215/5 7982/215/5
f 7987/215/5 7983/215/5 7986/215/5
f 7988/239/5 7985/239/5 7984/239/5
f 7989/239/5 7985/239/5 7988/239/5
f 7994/235/5 7991/235/5 7990/235/5
f 7995/235/5 7991/235/5 7994/235/5
f 7996/35/5 7993/35/5 7992/35/5
f 7997/35/5 7993/35/5 7996/35/5
f 8002/1/5 7999/1/5 7998/1/5
f 8003/1/5 7999/1/5 8002/1/5
f 8006/251/5 8001/251/5 8000/251/5
f 8007/251/5 8001/251/5 8006/251/5
f 8008/173/5 8004/173/5 8003/173/5
f 8009/173/5 8004/173/5 8008/173/5
f 8012/255/5 8006/255/5 8005/255/5
f 8013/255/5 8006/255/5 8012/255/5
f 8014/134/5 8010/134/5 8009/134/5
f 8015/134/5 8010/134/5 8014/134/5
f 8020/242/5 8012/242/5 8011/242/5
f 8021/242/5 8012/242/5 8020/242/5
f 8022/1/5 8017/1/5 8016/1/5
f 8023/1/5 8017/1/5 8022/1/5
f 8028/11/5 8019/11/5 8018/11/5
f 8029/11/5 8019/11/5 8028/11/5
f 8030/91/5 8025/91/5 8024/91/5
f 8031/91/5 8025/91/5 8030/91/5
f 8035/250/5 8027/250/5 8026/250/5
f 8036/250/5 8027/250/5 8035/250/5
f 8037/235/5 8033/235/5 8032/235/5
f 8038/221/5 8034/221/5 8033/221/5
f 8038/235/5 8033/235/5 8037/235/5
f 8039/221/5 8034/221/5 8038/221/5
f 8050/234/5 8041/234/5 8040/234/5
f 8051/183/5 8042/183/5 8041/183/5
f 8051/234/5 8041/234/5 8050/234/5
f 8052/121/5 8043/121/5 8042/121/5
f 8052/183/5 8042/183/5 8051/183/5
f 8053/121/5 8043/121/5 8052/121/5
f 8054/141/5 8045/141/5 8044/141/5
f 8055/201/5 8046/201/5 8045/201/5
f 8055/141/5 8045/141/5 8054/141/5
f 8056/210/5 8047/210/5 8046/210/5
f 8056/201/5 8046/201/5 8055/201/5
f 8057/210/5 8047/210/5 8056/210/5
f 8062/146/5 8049/146/5 8048/146/5
f 8063/146/5 8049/146/5 8062/146/5
f 8064/173/5 8059/173/5 8058/173/5
f 8065/173/5 8059/173/5 8064/173/5
f 8068/174/5 8061/174/5 8060/174/5
f 8069/174/5 8061/174/5 8068/174/5
f 8070/24/5 8067/24/5 8066/24/5
f 8071/24/5 8067/24/5 8070/24/5
f 8076/195/5 8073/195/5 8072/195/5
f 8077/195/5 8073/195/5 8076/195/5
f 8078/81/5 8075/81/5 8074/81/5
f 8079/81/5 8075/81/5 8078/81/5
f 8084/60/5 8081/60/5 8080/60/5
f 8085/60/5 8081/60/5 8084/60/5
f 8086/43/5 8083/43/5 8082/43/5
f 8087/43/5 8083/43/5 8086/43/5
f 8092/191/5 8089/191/5 8088/191/5
f 8093/191/5 8089/191/5 8092/191/5
f 8094/65/5 8091/65/5 8090/65/5
f 8095/65/5 8091/65/5 8094/65/5
f 8096/12/5 8093/12/5 8092/12/5
f 8097/12/5 8093/12/5 8096/12/5
f 8098/112/5 8095/112/5 8094/112/5
f 8099/112/5 8095/112/5 8098/112/5
f 8100/153/5 8097/153/5 8096/153/5
f 8101/153/5 8097/153/5 8100/153/5
f 8102/90/5 8099/90/5 8098/90/5
f 8103/90/5 8099/90/5 8102/90/5
f 8108/191/5 8105/191/5 8104/191/5
f 8109/191/5 8105/191/5 8108/191/5
f 8110/85/5 8107/85/5 8106/85/5
f 8111/85/5 8107/85/5 8110/85/5
f 8112/216/5 8109/216/5 8108/216/5
f 8113/216/5 8109/216/5 8112/216/5
f 8114/227/5 8111/227/5 8110/227/5
f 8115/227/5 8111/227/5 8114/227/5
f 8116/152/5 8113/152/5 8112/152/5
f 8117/152/5 8113/152/5 8116/152/5
f 8118/127/5 8115/127/5 8114/127/5
f 8119/127/5 8115/127/5 8118/127/5
f 8124/221/5 8121/221/5 8120/221/5
f 8125/221/5 8121/221/5 8124/221/5
f 8126/34/5 8123/34/5 8122/34/5
f 8127/34/5 8123/34/5 8126/34/5
f 8132/154/5 8129/154/5 8128/154/5
f 8133/154/5 8129/154/5 8132/154/5
f 8134/21/5 8131/21/5 8130/21/5
f 8135/21/5 8131/21/5 8134/21/5
f 8140/24/5 8137/24/5 8136/24/5
f 8141/24/5 8137/24/5 8140/24/5
f 8146/121/5 8139/121/5 8138/121/5
f 8147/121/5 8139/121/5 8146/121/5
f 8148/102/5 8143/102/5 8142/102/5
f 8149/102/5 8143/102/5 8148/102/5
f 8158/175/5 8145/175/5 8144/175/5
f 8159/175/5 8145/175/5 8158/175/5
f 8160/209/5 8151/209/5 8150/209/5
f 8161/33/5 8152/33/5 8151/33/5
f 8161/209/5 8151/209/5 8160/209/5
f 8162/95/5 8153/95/5 8152/95/5
f 8162/33/5 8152/33/5 8161/33/5
f 8163/95/5 8153/95/5 8162/95/5
f 8164/24/5 8155/24/5 8154/24/5
f 8165/106/5 8156/106/5 8155/106/5
f 8165/24/5 8155/24/5 8164/24/5
f 8166/6/5 8157/6/5 8156/6/5
f 8166/106/5 8156/106/5 8165/106/5
f 8167/6/5 8157/6/5 8166/6/5
f 8174/94/5 8169/94/5 8168/94/5
f 8175/94/5 8169/94/5 8174/94/5
f 8176/41/5 8171/41/5 8170/41/5
f 8177/41/5 8171/41/5 8176/41/5
f 8182/118/5 8173/118/5 8172/118/5
f 8183/118/5 8173/118/5 8182/118/5
f 8184/146/5 8179/146/5 8178/146/5
f 8185/146/5 8179/146/5 8184/146/5
f 8189/22/5 8181/22/5 8180/22/5
f 8190/22/5 8181/22/5 8189/22/5
f 8191/84/5 8187/84/5 8186/84/5
f 8192/84/5 8187/84/5 8191/84/5
f 8195/56/5 8189/56/5 8188/56/5
f 8196/56/5 8189/56/5 8195/56/5
f 8197/248/5 8193/248/5 8192/248/5
f 8198/248/5 8193/248/5 8197/248/5
f 8201/177/5 8195/177/5 8194/177/5
f 8202/177/5 8195/177/5 8201/177/5
f 8203/29/5 8199/29/5 8198/29/5
f 8204/29/5 8199/29/5 8203/29/5
f 8206/56/5 8201/56/5 8200/56/5
f 8207/56/5 8201/56/5 8206/56/5
f 8208/183/5 8205/183/5 8204/183/5
f 8209/183/5 8205/183/5 8208/183/5
f 8214/136/5 8211/136/5 8210/136/5
f 8215/136/5 8211/136/5 8214/136/5
f 8216/66/5 8213/66/5 8212/66/5
f 8217/66/5 8213/66/5 8216/66/5
f 8222/247/5 8219/247/5 8218/247/5
f 8223/247/5 8219/247/5 8222/247/5
f 8224/3/5 8221/3/5 8220/3/5
f 8225/3/5 8221/3/5 8224/3/5
f 8230/116/5 8227/116/5 8226/116/5
f 8231/116/5 8227/116/5 8230/116/5
f 8232/25/5 8229/25/5 8228/25/5
f 8233/25/5 8229/25/5 8232/25/5
f 8238/185/5 8235/185/5 8234/185/5
f 8239/185/5 8235/185/5 8238/185/5
f 8240/162/5 8237/162/5 8236/162/5
f 8241/162/5 8237/162/5 8240/162/5
f 8246/15/5 8243/15/5 8242/15/5
f 8247/15/5 8243/15/5 8246/15/5
f 8250/180/5 8245/180/5 8244/180/5
f 8251/180/5 8245/180/5 8250/180/5
f 8252/22/5 8248/22/5 8247/22/5
f 8253/22/5 8248/22/5 8252/22/5
f 8256/223/5 8250/223/5 8249/223/5
f 8257/223/5 8250/223/5 8256/223/5
f 8258/237/5 8254/237/5 8253/237/5
f 8259/237/5 8254/237/5 8258/237/5
f 8262/243/5 8256/243/5 8255/243/5
f 8263/243/5 8256/243/5 8262/243/5
f 8264/1/5 8260/1/5 8259/1/5
f 8265/1/5 8260/1/5 8264/1/5
f 8270/151/5 8262/151/5 8261/151/5
f 8271/151/5 8262/151/5 8270/151/5
f 8272/92/5 8267/92/5 8266/92/5
f 8273/92/5 8267/92/5 8272/92/5
f 8278/65/5 8269/65/5 8268/65/5
f 8279/65/5 8269/65/5 8278/65/5
f 8280/60/5 8275/60/5 8274/60/5
f 8281/60/5 8275/60/5 8280/60/5
f 8282/109/5 8277/109/5 8276/109/5
f 8283/109/5 8277/109/5 8282/109/5
f 8291/127/5 8285/127/5 8284/127/5
f 8292/243/5 8286/243/5 8285/243/5
f 8292/127/5 8285/127/5 8291/127/5
f 8293/5/5 8287/5/5 8286/5/5
f 8293/243/5 8286/243/5 8292/243/5
f 8294/144/5 8288/144/5 8287/144/5
f 8294/5/5 8287/5/5 8293/5/5
f 8295/144/5 8288/144/5 8294/144/5
f 8300/142/5 8290/142/5 8289/142/5
f 8301/142/5 8290/142/5 8300/142/5
f 8302/177/5 8297/177/5 8296/177/5
f 8303/177/5 8297/177/5 8302/177/5
f 8306/182/5 8299/182/5 8298/182/5
f 8307/182/5 8299/182/5 8306/182/5
f 8308/117/5 8305/117/5 8304/117/5
f 8309/117/5 8305/117/5 8308/117/5
f 8314/195/5 8311/195/5 8310/195/5
f 8315/195/5 8311/195/5 8314/195/5
f 8316/246/5 8313/246/5 8312/246/5
f 8317/246/5 8313/246/5 8316/246/5
f 8322/185/5 8319/185/5 8318/185/5
f 8323/185/5 8319/185/5 8322/185/5
f 8324/123/5 8321/123/5 8320/123/5
f 8325/123/5 8321/123/5 8324/123/5
f 8330/43/5 8327/43/5 8326/43/5
f 8331/43/5 8327/43/5 8330/43/5
f 8332/152/5 8329/152/5 8328/152/5
f 8333/152/5 8329/152/5 8332/152/5
f 8334/159/5 8331/159/5 8330/159/5
f 8335/159/5 8331/159/5 8334/159/5
f 8336/36/5 8333/36/5 8332/36/5
f 8337/36/5 8333/36/5 8336/36/5
f 8338/35/5 8335/35/5 8334/35/5
f 8339/35/5 8335/35/5 8338/35/5
f 8340/202/5 8337/202/5 8336/202/5
f 8341/202/5 8337/202/5 8340/202/5
f 8342/134/5 8339/134/5 8338/134/5
f 8343/134/5 8339/134/5 8342/134/5
f 8344/153/5 8341/153/5 8340/153/5
f 8345/153/5 8341/153/5 8344/153/5
f 8350/123/5 8347/123/5 8346/123/5
f 8351/123/5 8347/123/5 8350/123/5
f 8352/243/5 8349/243/5 8348/243/5
f 8353/243/5 8349/243/5 8352/243/5
f 8358/97/5 8355/97/5 8354/97/5
f 8359/97/5 8355/97/5 8358/97/5
f 8360/9/5 8357/9/5 8356/9/5
f 8361/9/5 8357/9/5 8360/9/5
f 8366/48/5 8363/48/5 8362/48/5
f 8367/48/5 8363/48/5 8366/48/5
f 8372/33/5 8365/33/5 8364/33/5
f 8373/33/5 8365/33/5 8372/33/5
f 8374/247/5 8369/247/5 8368/247/5
f 8375/247/5 8369/247/5 8374/247/5
f 8381/161/5 8371/161/5 8370/161/5
f 8382/161/5 8371/161/5 8381/161/5
f 8383/50/5 8377/50/5 8376/50/5
f 8384/227/5 8378/227/5 8377/227/5
f 8384/50/5 8377/50/5 8383/50/5
f 8385/161/5 8379/161/5 8378/161/5
f 8385/227/5 8378/227/5 8384/227/5
f 8386/248/5 8380/248/5 8379/248/5
f 8386/161/5 8379/161/5 8385/161/5
f 8387/248/5 8380/248/5 8386/248/5
f 8392/65/5 8389/65/5 8388/65/5
f 8393/65/5 8389/65/5 8392/65/5
f 8394/219/5 8391/219/5 8390/219/5
f 8395/219/5 8391/219/5 8394/219/5
f 8400/37/5 8397/37/5 8396/37/5
f 8401/37/5 8397/37/5 8400/37/5
f 8402/217/5 8399/217/5 8398/217/5
f 8403/217/5 8399/217/5 8402/217/5
f 8408/104/5 8405/104/5 8404/104/5
f 8409/104/5 8405/104/5 8408/104/5
f 8410/253/5 8407/253/5 8406/253/5
f 8411/253/5 8407/253/5 8410/253/5
f 8416/97/5 8413/97/5 8412/97/5
f 8417/97/5 8413/97/5 8416/97/5
f 8418/135/5 8415/135/5 8414/135/5
f 8419/135/5 8415/135/5 8418/135/5
f 8424/128/5 8421/128/5 8420/128/5
f 8425/128/5 8421/128/5 8424/128/5
f 8426/91/5 8423/91/5 8422/91/5
f 8427/91/5 8423/91/5 8426/91/5
f 8433/136/5 8429/136/5 8428/136/5
f 8434/136/5 8429/136/5 8433/136/5
f 8435/45/5 8431/45/5 8430/45/5
f 8436/45/5 8431/45/5 8435/45/5
f 8439/156/5 8433/156/5 8432/156/5
f 8440/156/5 8433/156/5 8439/156/5
f 8441/65/5 8437/65/5 8436/65/5
f 8442/65/5 8437/65/5 8441/65/5
f 8444/76/5 8439/76/5 8438/76/5
f 8445/76/5 8439/76/5 8444/76/5
f 8446/45/5 8443/45/5 8442/45/5
f 8447/45/5 8443/45/5 8446/45/5
f 8452/205/5 8449/205/5 8448/205/5
f 8453/205/5 8449/205/5 8452/205/5
f 8454/95/5 8451/95/5 8450/95/5
f 8455/95/5 8451/95/5 8454/95/5
f 8460/89/5 8457/89/5 8456/89/5
f 8461/89/5 8457/89/5 8460/89/5
f 8462/177/5 8459/177/5 8458/177/5
f 8463/177/5 8459/177/5 8462/177/5
f 8468/234/5 8465/234/5 8464/234/5
f 8469/234/5 8465/234/5 8468/234/5
f 8472/67/5 8467/67/5 8466/67/5
f 8473/67/5 8467/67/5 8472/67/5
f 8474/71/5 8470/71/5 8469/71/5
f 8475/71/5 8470/71/5 8474/71/5
f 8478/21/5 8472/21/5 8471/21/5
f 8479/21/5 8472/21/5 8478/21/5
f 8480/68/5 8476/68/5 8475/68/5
f 8481/68/5 8476/68/5 8480/68/5
f 8482/30/5 8478/30/5 8477/30/5
f 8483/30/5 8478/30/5 8482/30/5
f 8488/70/5 8485/70/5 8484/70/5
f 8489/70/5 8485/70/5 8488/70/5
f 8490/127/5 8487/127/5 8486/127/5
f 8491/127/5 8487/127/5 8490/127/5
f 8496/137/5 8493/137/5 8492/137/5
f 8497/137/5 8493/137/5 8496/137/5
f 8498/19/5 8495/19/5 8494/19/5
f 8499/19/5 8495/19/5 8498/19/5
f 8504/129/5 8501/129/5 8500/129/5
f 8505/129/5 8501/129/5 8504/129/5
f 8506/14/5 8503/14/5 8502/14/5
f 8507/14/5 8503/14/5 8506/14/5
f 8512/67/5 8509/67/5 8508/67/5
f 8513/67/5 8509/67/5 8512/67/5
f 8514/95/5 8511/95/5 8510/95/5
f 8515/95/5 8511/95/5 8514/95/5
f 8520/39/5 8517/39/5 8516/39/5
f 8521/39/5 8517/39/5 8520/39/5
f 8522/53/5 8519/53/5 8518/53/5
f 8523/53/5 8519/53/5 8522/53/5
f 8524/232/6 8525/232/6 8528/232/6
f 8528/232/6 8525/232/6 8529/232/6
f 8526/56/6 8527/56/6 8530/56/6
f 8530/56/6 8527/56/6 8531/56/6
f 8532/103/6 8533/103/6 8536/103/6
f 8536/103/6 8533/103/6 8537/103/6
f 8534/108/6 8535/108/6 8538/108/6
f 8538/108/6 8535/108/6 8539/108/6
f 8540/98/6 8541/98/6 8544/98/6
f 8544/98/6 8541/98/6 8545/98/6
f 8542/156/6 8543/156/6 8546/156/6
f 8546/156/6 8543/156/6 8547/156/6
f 8548/169/6 8549/169/6 8552/169/6
f 8552/169/6 8549/169/6 8553/169/6
f 8550/143/6 8551/143/6 8554/143/6
f 8554/143/6 8551/143/6 8555/143/6
f 8556/24/6 8557/24/6 8560/24/6
f 8560/24/6 8557/24/6 8561/24/6
f 8558/228/6 8559/228/6 8562/228/6
f 8562/228/6 8559/228/6 8563/228/6
f 8564/43/6 8565/43/6 8569/43/6
f 8569/43/6 8565/43/6 8570/43/6
f 8566/80/6 8567/80/6 8571/80/6
f 8571/80/6 8567/80/6 8572/80/6
f 8568/9/6 8569/9/6 8575/9/6
f 8575/9/6 8569/9/6 8576/9/6
f 8572/190/6 8573/190/6 8577/190/6
f 8577/190/6 8573/190/6 8578/190/6
f 8574/160/6 8575/160/6 8580/160/6
f 8580/160/6 8575/160/6 8581/160/6
f 8578/162/6 8579/162/6 8582/162/6
f 8582/162/6 8579/162/6 8583/162/6
f 8584/48/6 8585/48/6 8588/48/6
f 8588/48/6 8585/48/6 8589/48/6
f 8586/13/6 8587/13/6 8590/13/6
f 8590/13/6 8587/13/6 8591/13/6
f 8592/33/6 8593/33/6 8596/33/6
f 8596/33/6 8593/33/6 8597/33/6
f 8594/88/6 8595/88/6 8598/88/6
f 8598/88/6 8595/88/6 8599/88/6
f 8600/28/6 8601/28/6 8604/28/6
f 8604/28/6 8601/28/6 8605/28/6
f 8602/241/6 8603/241/6 8608/241/6
f 8608/241/6 8603/241/6 8609/241/6
f 8605/144/6 8606/144/6 8610/144/6
f 8610/144/6 8606/144/6 8611/144/6
f 8607/242/6 8608/242/6 8614/242/6
f 8614/242/6 8608/242/6 8615/242/6
f 8611/200/6 8612/200/6 8616/200/6
f 8616/200/6 8612/200/6 8617/200/6
f 8613/226/6 8614/226/6 8618/226/6
f 8618/226/6 8614/226/6 8619/226/6
f 8620/75/6 8621/75/6 8624/75/6
f 8624/75/6 8621/75/6 8625/75/6
f 8622/225/6 8623/225/6 8626/225/6
f 8626/225/6 8623/225/6 8627/225/6
f 8628/212/6 8629/212/6 8632/212/6
f 8632/212/6 8629/212/6 8633/212/6
f 8630/201/6 8631/201/6 8634/201/6
f 8634/201/6 8631/201/6 8635/201/6
f 8636/99/6 8637/99/6 8640/99/6
f 8640/99/6 8637/99/6 8641/99/6
f 8638/56/6 8639/56/6 8642/56/6
f 8642/56/6 8639/56/6 8643/56/6
f 8644/223/6 8645/223/6 8648/223/6
f 8648/223/6 8645/223/6 8649/223/6
f 8646/86/6 8647/86/6 8650/86/6
f 8650/86/6 8647/86/6 8651/86/6
f 8652/43/6 8653/43/6 8656/43/6
f 8656/43/6 8653/43/6 8657/43/6
f 8654/183/6 8655/183/6 8658/183/6
f 8658/183/6 8655/183/6 8659/183/6
f 8660/216/6 8661/216/6 8667/216/6
f 8661/107/6 8662/107/6 8668/107/6
f 8667/216/6 8661/216/6 8668/216/6
f 8662/191/6 8663/191/6 8669/191/6
f 8668/107/6 8662/107/6 8669/107/6
f 8663/78/6 8664/78/6 8670/78/6
f 8669/191/6 8663/191/6 8670/191/6
f 8670/78/6 8664/78/6 8671/78/6
f 8665/47/6 8666/47/6 8676/47/6
f 8676/47/6 8666/47/6 8677/47/6
f 8672/16/6 8673/16/6 8678/16/6
f 8678/16/6 8673/16/6 8679/16/6
f 8674/151/6 8675/151/6 8682/151/6
f 8682/151/6 8675/151/6 8683/151/6
f 8680/63/6 8681/63/6 8684/63/6
f 8684/63/6 8681/63/6 8685/63/6
f 8686/143/6 8687/143/6 8690/143/6
f 8690/143/6 8687/143/6 8691/143/6
f 8688/224/6 8689/224/6 8692/224/6
f 8692/224/6 8689/224/6 8693/224/6
f 8694/149/6 8695/149/6 8698/149/6
f 8698/149/6 8695/149/6 8699/149/6
f 8696/187/6 8697/187/6 8700/187/6
f 8700/187/6 8697/187/6 8701/187/6
f 8702/228/6 8703/228/6 8706/228/6
f 8706/228/6 8703/228/6 8707/228/6
f 8704/225/6 8705/225/6 8708/225/6
f 8708/225/6 8705/225/6 8709/225/6
f 8706/243/6 8707/243/6 8710/243/6
f 8710/243/6 8707/243/6 8711/243/6
f 8708/184/6 8709/184/6 8712/184/6
f 8712/184/6 8709/184/6 8713/184/6
f 8710/171/6 8711/171/6 8714/171/6
f 8714/171/6 8711/171/6 8715/171/6
f 8712/207/6 8713/207/6 8716/207/6
f 8716/207/6 8713/207/6 8717/207/6
f 8714/43/6 8715/43/6 8718/43/6
f 8718/43/6 8715/43/6 8719/43/6
f 8716/202/6 8717/202/6 8720/202/6
f 8720/202/6 8717/202/6 8721/202/6
f 8722/23/6 8723/23/6 8726/23/6
f 8726/23/6 8723/23/6 8727/23/6
f 8724/123/6 8725/123/6 8728/123/6
f 8728/123/6 8725/123/6 8729/123/6
f 8730/73/6 8731/73/6 8734/73/6
f 8734/73/6 8731/73/6 8735/73/6
f 8732/8/6 8733/8/6 8736/8/6
f 8736/8/6 8733/8/6 8737/8/6
f 8738/36/6 8739/36/6 8742/36/6
f 8742/36/6 8739/36/6 8743/36/6
f 8740/129/6 8741/129/6 8748/129/6
f 8748/129/6 8741/129/6 8749/129/6
f 8744/18/6 8745/18/6 8750/18/6
f 8750/18/6 8745/18/6 8751/18/6
f 8746/167/6 8747/167/6 8757/167/6
f 8757/167/6 8747/167/6 8758/167/6
f 8752/101/6 8753/101/6 8759/101/6
f 8753/84/6 8754/84/6 8760/84/6
f 8759/101/6 8753/101/6 8760/101/6
f 8754/230/6 8755/230/6 8761/230/6
f 8760/84/6 8754/84/6 8761/84/6
f 8755/15/6 8756/15/6 8762/15/6
f 8761/230/6 8755/230/6 8762/230/6
f 8762/15/6 8756/15/6 8763/15/6
f 8764/155/6 8765/155/6 8770/155/6
f 8770/155/6 8765/155/6 8771/155/6
f 8766/222/6 8767/222/6 8772/222/6
f 8772/222/6 8767/222/6 8773/222/6
f 8768/25/6 8769/25/6 8778/25/6
f 8778/25/6 8769/25/6 8779/25/6
f 8774/47/6 8775/47/6 8780/47/6
f 8780/47/6 8775/47/6 8781/47/6
f 8776/19/6 8777/19/6 8785/19/6
f 8785/19/6 8777/19/6 8786/19/6
f 8782/88/6 8783/88/6 8787/88/6
f 8787/88/6 8783/88/6 8788/88/6
f 8784/36/6 8785/36/6 8791/36/6
f 8791/36/6 8785/36/6 8792/36/6
f 8788/25/6 8789/25/6 8793/25/6
f 8793/25/6 8789/25/6 8794/25/6
f 8790/129/6 8791/129/6 8797/129/6
f 8797/129/6 8791/129/6 8798/129/6
f 8794/148/6 8795/148/6 8799/148/6
f 8799/148/6 8795/148/6 8800/148/6
f 8796/210/6 8797/210/6 8802/210/6
f 8802/210/6 8797/210/6 8803/210/6
f 8800/23/6 8801/23/6 8804/23/6
f 8804/23/6 8801/23/6 8805/23/6
f 8806/193/6 8807/193/6 8810/193/6
f 8810/193/6 8807/193/6 8811/193/6
f 8808/121/6 8809/121/6 8812/121/6
f 8812/121/6 8809/121/6 8813/121/6
f 8814/161/6 8815/161/6 8818/161/6
f 8818/161/6 8815/161/6 8819/161/6
f 8816/16/6 8817/16/6 8820/16/6
f 8820/16/6 8817/16/6 8821/16/6
f 8822/75/6 8823/75/6 8826/75/6
f 8826/75/6 8823/75/6 8827/75/6
f 8824/36/6 8825/36/6 8828/36/6
f 8828/36/6 8825/36/6 8829/36/6
f 8830/50/6 8831/50/6 8834/50/6
f 8834/50/6 8831/50/6 8835/50/6
f 8832/173/6 8833/173/6 8836/173/6
f 8836/173/6 8833/173/6 8837/173/6
f 8838/44/6 8839/44/6 8842/44/6
f 8842/44/6 8839/44/6 8843/44/6
f 8840/196/6 8841/196/6 8846/196/6
f 8846/196/6 8841/196/6 8847/196/6
f 8843/168/6 8844/168/6 8848/168/6
f 8848/168/6 8844/168/6 8849/168/6
f 8845/103/6 8846/103/6 8852/103/6
f 8852/103/6 8846/103/6 8853/103/6
f 8849/180/6 8850/180/6 8854/180/6
f 8854/180/6 8850/180/6 8855/180/6
f 8851/190/6 8852/190/6 8858/190/6
f 8858/190/6 8852/190/6 8859/190/6
f 8855/134/6 8856/134/6 8860/134/6
f 8860/134/6 8856/134/6 8861/134/6
f 8857/117/6 8858/117/6 8866/117/6
f 8866/117/6 8858/117/6 8867/117/6
f 8862/81/6 8863/81/6 8868/81/6
f 8868/81/6 8863/81/6 8869/81/6
f 8864/123/6 8865/123/6 8874/123/6
f 8874/123/6 8865/123/6 8875/123/6
f 8870/140/6 8871/140/6 8876/140/6
f 8876/140/6 8871/140/6 8877/140/6
f 8872/147/6 8873/147/6 8878/147/6
f 8878/147/6 8873/147/6 8879/147/6
f 8880/67/6 8881/67/6 8890/67/6
f 8881/142/6 8882/142/6 8891/142/6
f 8890/67/6 8881/67/6 8891/67/6
f 8882/97/6 8883/97/6 8892/97/6
f 8891/142/6 8882/142/6 8892/142/6
f 8892/97/6 8883/97/6 8893/97/6
f 8884/81/6 8885/81/6 8894/81/6
f 8885/83/6 8886/83/6 8895/83/6
f 8894/81/6 8885/81/6 8895/81/6
f 8886/19/6 8887/19/6 8896/19/6
f 8895/83/6 8886/83/6 8896/83/6
f 8896/19/6 8887/19/6 8897/19/6
f 8888/13/6 8889/13/6 8902/13/6
f 8902/13/6 8889/13/6 8903/13/6
f 8898/87/6 8899/87/6 8904/87/6
f 8904/87/6 8899/87/6 8905/87/6
f 8900/127/6 8901/127/6 8908/127/6
f 8908/127/6 8901/127/6 8909/127/6
f 8906/88/6 8907/88/6 8910/88/6
f 8910/88/6 8907/88/6 8911/88/6
f 8912/2/6 8913/2/6 8916/2/6
f 8916/2/6 8913/2/6 8917/2/6
f 8914/246/6 8915/246/6 8918/246/6
f 8918/246/6 8915/246/6 8919/246/6
f 8920/216/6 8921/216/6 8924/216/6
f 8924/216/6 8921/216/6 8925/216/6
f 8922/116/6 8923/116/6 8926/116/6
f 8926/116/6 8923/116/6 8927/116/6
f 8928/244/6 8929/244/6 8932/244/6
f 8932/244/6 8929/244/6 8933/244/6
f 8930/227/6 8931/227/6 8934/227/6
f 8934/227/6 8931/227/6 8935/227/6
f 8932/14/6 8933/14/6 8936/14/6
f 8936/14/6 8933/14/6 8937/14/6
f 8934/143/6 8935/143/6 8938/143/6
f 8938/143/6 8935/143/6 8939/143/6
f 8936/29/6 8937/29/6 8940/29/6
f 8940/29/6 8937/29/6 8941/29/6
f 8938/92/6 8939/92/6 8942/92/6
f 8942/92/6 8939/92/6 8943/92/6
f 8944/151/6 8945/151/6 8948/151/6
f 8948/151/6 8945/151/6 8949/151/6
f 8946/146/6 8947/146/6 8950/146/6
f 8950/146/6 8947/146/6 8951/146/6
f 8948/254/6 8949/254/6 8952/254/6
f 8952/254/6 8949/254/6 8953/254/6
f 8950/100/6 8951/100/6 8954/100/6
f 8954/100/6 8951/100/6 8955/100/6
f 8952/96/6 8953/96/6 8956/96/6
f 8956/96/6 8953/96/6 8957/96/6
f 8954/175/6 8955/175/6 8958/175/6
f 8958/175/6 8955/175/6 8959/175/6
f 8960/62/6 8961/62/6 8964/62/6
f 8964/62/6 8961/62/6 8965/62/6
f 8962/146/6 8963/146/6 8966/146/6
f 8966/146/6 8963/146/6 8967/146/6
f 8968/138/6 8969/138/6 8972/138/6
f 8972/138/6 8969/138/6 8973/138/6
f 8970/45/6 8971/45/6 8974/45/6
f 8974/45/6 8971/45/6 8975/45/6
f 8976/224/6 8977/224/6 8980/224/6
f 8980/224/6 8977/224/6 8981/224/6
f 8978/164/6 8979/164/6 8986/164/6
f 8986/164/6 8979/164/6 8987/164/6
f 8982/133/6 8983/133/6 8988/133/6
f 8988/133/6 8983/133/6 8989/133/6
f 8984/242/6 8985/242/6 8998/242/6
f 8998/242/6 8985/242/6 8999/242/6
f 8990/220/6 8991/220/6 9000/220/6
f 8991/77/6 8992/77/6 9001/77/6
f 9000/220/6 8991/220/6 9001/220/6
f 8992/82/6 8993/82/6 9002/82/6
f 9001/77/6 8992/77/6 9002/77/6
f 9002/82/6 8993/82/6 9003/82/6
f 8994/157/6 8995/157/6 9004/157/6
f 8995/89/6 8996/89/6 9005/89/6
f 9004/157/6 8995/157/6 9005/157/6
f 8996/121/6 8997/121/6 9006/121/6
f 9005/89/6 8996/89/6 9006/89/6
f 9006/121/6 8997/121/6 9007/121/6
f 9008/97/6 9009/97/6 9013/97/6
f 9009/125/6 9010/125/6 9014/125/6
f 9013/97/6 9009/97/6 9014/97/6
f 9014/125/6 9010/125/6 9015/125/6
f 9011/50/6 9012/50/6 9020/50/6
f 9020/50/6 9012/50/6 9021/50/6
f 9016/148/6 9017/148/6 9022/148/6
f 9022/148/6 9017/148/6 9023/148/6
f 9018/238/6 9019/238/6 9028/238/6
f 9028/238/6 9019/238/6 9029/238/6
f 9024/236/6 9025/236/6 9030/236/6
f 9030/236/6 9025/236/6 9031/236/6
f 9026/46/6 9027/46/6 9035/46/6
f 9035/46/6 9027/46/6 9036/46/6
f 9032/41/6 9033/41/6 9037/41/6
f 9037/41/6 9033/41/6 9038/41/6
f 9034/4/6 9035/4/6 9041/4/6
f 9041/4/6 9035/4/6 9042/4/6
f 9038/132/6 9039/132/6 9043/132/6
f 9043/132/6 9039/132/6 9044/132/6
f 9040/205/6 9041/205/6 9046/205/6
f 9046/205/6 9041/205/6 9047/205/6
f 9044/63/6 9045/63/6 9048/63/6
f 9048/63/6 9045/63/6 9049/63/6
f 9050/186/6 9051/186/6 9054/186/6
f 9054/186/6 9051/186/6 9055/186/6
f 9052/28/6 9053/28/6 9056/28/6
f 9056/28/6 9053/28/6 9057/28/6
f 9058/136/6 9059/136/6 9062/136/6
f 9062/136/6 9059/136/6 9063/136/6
f 9060/140/6 9061/140/6 9064/140/6
f 9064/140/6 9061/140/6 9065/140/6
f 9066/152/6 9067/152/6 9070/152/6
f 9070/152/6 9067/152/6 9071/152/6
f 9068/116/6 9069/116/6 9072/116/6
f 9072/116/6 9069/116/6 9073/116/6
f 9070/184/6 9071/184/6 9074/184/6
f 9074/184/6 9071/184/6 9075/184/6
f 9072/82/6 9073/82/6 9076/82/6
f 9076/82/6 9073/82/6 9077/82/6
f 9078/194/6 9079/194/6 9082/194/6
f 9082/194/6 9079/194/6 9083/194/6
f 9080/186/6 9081/186/6 9084/186/6
f 9084/186/6 9081/186/6 9085/186/6
f 9086/130/6 9087/130/6 9090/130/6
f 9090/130/6 9087/130/6 9091/130/6
f 9088/109/6 9089/109/6 9092/109/6
f 9092/109/6 9089/109/6 9093/109/6
f 9094/135/6 9095/135/6 9098/135/6
f 9098/135/6 9095/135/6 9099/135/6
f 9096/174/6 9097/174/6 9102/174/6
f 9102/174/6 9097/174/6 9103/174/6
f 9099/233/6 9100/233/6 9104/233/6
f 9104/233/6 9100/233/6 9105/233/6
f 9101/73/6 9102/73/6 9108/73/6
f 9108/73/6 9102/73/6 9109/73/6
f 9105/73/6 9106/73/6 9110/73/6
f 9110/73/6 9106/73/6 9111/73/6
f 9107/100/6 9108/100/6 9116/100/6
f 9116/100/6 9108/100/6 9117/100/6
f 9112/18/6 9113/18/6 9118/18/6
f 9118/18/6 9113/18/6 9119/18/6
f 9114/119/6 9115/119/6 9124/119/6
f 9124/119/6 9115/119/6 9125/119/6
f 9120/191/6 9121/191/6 9126/191/6
f 9126/191/6 9121/191/6 9127/191/6
f 9122/69/6 9123/69/6 9131/69/6
f 9131/69/6 9123/69/6 9132/69/6
f 9128/176/6 9129/176/6 9133/176/6
f 9129/42/6 9130/42/6 9134/42/6
f 9133/176/6 9129/176/6 9134/176/6
f 9134/42/6 9130/42/6 9135/42/6
f 9136/245/6 9137/245/6 9147/245/6
f 9137/220/6 9138/220/6 9148/220/6
f 9147/245/6 9137/245/6 9148/245/6
f 9138/215/6 9139/215/6 9149/215/6
f 9148/220/6 9138/220/6 9149/220/6
f 9139/188/6 9140/188/6 9150/188/6
f 9149/215/6 9139/215/6 9150/215/6
f 9140/53/6 9141/53/6 9151/53/6
f 9150/188/6 9140/188/6 9151/188/6
f 9141/50/6 9142/50/6 9152/50/6
f 9151/53/6 9141/53/6 9152/53/6
f 9142/106/6 9143/106/6 9153/106/6
f 9152/50/6 9142/50/6 9153/50/6
f 9143/211/6 9144/211/6 9154/211/6
f 9153/106/6 9143/106/6 9154/106/6
f 9154/211/6 9144/211/6 9155/211/6
f 9145/231/6 9146/231/6 9160/231/6
f 9160/231/6 9146/231/6 9161/231/6
f 9156/25/6 9157/25/6 9162/25/6
f 9162/25/6 9157/25/6 9163/25/6
f 9158/51/6 9159/51/6 9167/51/6
f 9167/51/6 9159/51/6 9168/51/6
f 9164/252/6 9165/252/6 9169/252/6
f 9169/252/6 9165/252/6 9170/252/6
f 9166/233/6 9167/233/6 9173/233/6
f 9173/233/6 9167/233/6 9174/233/6
f 9170/232/6 9171/232/6 9175/232/6
f 9175/232/6 9171/232/6 9176/232/6
f 9172/39/6 9173/39/6 9179/39/6
f 9179/39/6 9173/39/6 9180/39/6
f 9176/220/6 9177/220/6 9181/220/6
f 9181/220/6 9177/220/6 9182/220/6
f 9178/236/6 9179/236/6 9184/236/6
f 9184/236/6 9179/236/6 9185/236/6
f 9182/78/6 9183/78/6 9186/78/6
f 9186/78/6 9183/78/6 9187/78/6
f 9188/5/6 9189/5/6 9192/5/6
f 9192/5/6 9189/5/6 9193/5/6
f 9190/176/6 9191/176/6 9194/176/6
f 9194/176/6 9191/176/6 9195/176/6
f 9196/181/6 9197/181/6 9200/181/6
f 9200/181/6 9197/181/6 9201/181/6
f 9198/240/6 9199/240/6 9202/240/6
f 9202/240/6 9199/240/6 9203/240/6
f 9200/100/6 9201/100/6 9204/100/6
f 9204/100/6 9201/100/6 9205/100/6
f 9202/225/6 9203/225/6 9206/225/6
f 9206/225/6 9203/225/6 9207/225/6
f 9204/103/6 9205/103/6 9208/103/6
f 9208/103/6 9205/103/6 9209/103/6
f 9206/43/6 9207/43/6 9210/43/6
f 9210/43/6 9207/43/6 9211/43/6
f 9208/14/6 9209/14/6 9212/14/6
f 9212/14/6 9209/14/6 9213/14/6
f 9210/216/6 9211/216/6 9214/216/6
f 9214/216/6 9211/216/6 9215/216/6
f 9212/186/6 9213/186/6 9216/186/6
f 9216/186/6 9213/186/6 9217/186/6
f 9214/191/6 9215/191/6 9218/191/6
f 9218/191/6 9215/191/6 9219/191/6
f 9216/192/6 9217/192/6 9220/192/6
f 9220/192/6 9217/192/6 9221/192/6
f 9218/22/6 9219/22/6 9222/22/6
f 9222/22/6 9219/22/6 9223/22/6
f 9220/49/6 9221/49/6 9224/49/6
f 9224/49/6 9221/49/6 9225/49/6
f 9222/159/6 9223/159/6 9226/159/6
f 9226/159/6 9223/159/6 9227/159/6
f 9224/235/6 9225/235/6 9228/235/6
f 9228/235/6 9225/235/6 9229/235/6
f 9226/235/6 9227/235/6 9230/235/6
f 9230/235/6 9227/235/6 9231/235/6
f 9232/151/6 9233/151/6 9236/151/6
f 9236/151/6 9233/151/6 9237/151/6
f 9234/210/6 9235/210/6 9238/210/6
f 9238/210/6 9235/210/6 9239/210/6
f 9240/4/6 9241/4/6 9244/4/6
f 9244/4/6 9241/4/6 9245/4/6
f 9242/115/6 9243/115/6 9248/115/6
f 9248/115/6 9243/115/6 9249/115/6
f 9245/20/6 9246/20/6 9250/20/6
f 9250/20/6 9246/20/6 9251/20/6
f 9247/228/6 9248/228/6 9254/228/6
f 9254/228/6 9248/228/6 9255/228/6
f 9251/61/6 9252/61/6 9256/61/6
f 9256/61/6 9252/61/6 9257/61/6
f 9253/90/6 9254/90/6 9260/90/6
f 9260/90/6 9254/90/6 9261/90/6
f 9257/108/6 9258/108/6 9262/108/6
f 9262/108/6 9258/108/6 9263/108/6
f 9259/96/6 9260/96/6 9268/96/6
f 9268/96/6 9260/96/6 9269/96/6
f 9264/32/6 9265/32/6 9270/32/6
f 9270/32/6 9265/32/6 9271/32/6
f 9266/241/6 9267/241/6 9281/241/6
f 9281/241/6 9267/241/6 9282/241/6
f 9272/213/6 9273/213/6 9283/213/6
f 9273/117/6 9274/117/6 9284/117/6
f 9283/213/6 9273/213/6 9284/213/6
f 9274/108/6 9275/108/6 9285/108/6
f 9284/117/6 9274/117/6 9285/117/6
f 9275/229/6 9276/229/6 9286/229/6
f 9285/108/6 9275/108/6 9286/108/6
f 9276/112/6 9277/112/6 9287/112/6
f 9286/229/6 9276/229/6 9287/229/6
f 9277/32/6 9278/32/6 9288/32/6
f 9287/112/6 9277/112/6 9288/112/6
f 9278/33/6 9279/33/6 9289/33/6
f 9288/32/6 9278/32/6 9289/32/6
f 9279/201/6 9280/201/6 9290/201/6
f 9289/33/6 9279/33/6 9290/33/6
f 9290/201/6 9280/201/6 9291/201/6
f 9292/182/6 9293/182/6 9302/182/6
f 9293/219/6 9294/219/6 9303/219/6
f 9302/182/6 9293/182/6 9303/182/6
f 9294/163/6 9295/163/6 9304/163/6
f 9303/219/6 9294/219/6 9304/219/6
f 9304/163/6 9295/163/6 9305/163/6
f 9296/74/6 9297/74/6 9306/74/6
f 9297/162/6 9298/162/6 9307/162/6
f 9306/74/6 9297/74/6 9307/74/6
f 9298/89/6 9299/89/6 9308/89/6
f 9307/162/6 9298/162/6 9308/162/6
f 9308/89/6 9299/89/6 9309/89/6
f 9300/255/6 9301/255/6 9313/255/6
f 9301/169/6 9302/169/6 9314/169/6
f 9313/255/6 9301/255/6 9314/255/6
f 9314/169/6 9302/169/6 9315/169/6
f 9309/238/6 9310/238/6 9316/238/6
f 9310/14/6 9311/14/6 9317/14/6
f 9316/238/6 9310/238/6 9317/238/6
f 9317/14/6 9311/14/6 9318/14/6
f 9312/28/6 9313/28/6 9321/28/6
f 9321/28/6 9313/28/6 9322/28/6
f 9318/249/6 9319/249/6 9323/249/6
f 9323/249/6 9319/249/6 9324/249/6
f 9320/207/6 9321/207/6 9327/207/6
f 9327/207/6 9321/207/6 9328/207/6
f 9324/50/6 9325/50/6 9329/50/6
f 9329/50/6 9325/50/6 9330/50/6
f 9326/30/6 9327/30/6 9333/30/6
f 9333/30/6 9327/30/6 9334/30/6
f 9330/244/6 9331/244/6 9335/244/6
f 9335/244/6 9331/244/6 9336/244/6
f 9332/37/6 9333/37/6 9338/37/6
f 9338/37/6 9333/37/6 9339/37/6
f 9336/90/6 9337/90/6 9340/90/6
f 9340/90/6 9337/90/6 9341/90/6
f 9338/100/6 9339/100/6 9343/100/6
f 9343/100/6 9339/100/6 9344/100/6
f 9340/82/6 9341/82/6 9345/82/6
f 9345/82/6 9341/82/6 9346/82/6
f 9342/179/6 9343/179/6 9348/179/6
f 9348/179/6 9343/179/6 9349/179/6
f 9346/233/6 9347/233/6 9350/233/6
f 9350/233/6 9347/233/6 9351/233/6
f 9348/83/6 9349/83/6 9352/83/6
f 9352/83/6 9349/83/6 9353/83/6
f 9350/114/6 9351/114/6 9354/114/6
f 9354/114/6 9351/114/6 9355/114/6
f 9352/65/6 9353/65/6 9356/65/6
f 9356/65/6 9353/65/6 9357/65/6
f 9354/138/6 9355/138/6 9358/138/6
f 9358/138/6 9355/138/6 9359/138/6
f 9360/239/6 9361/239/6 9364/239/6
f 9364/239/6 9361/239/6 9365/239/6
f 9362/136/6 9363/136/6 9366/136/6
f 9366/136/6 9363/136/6 9367/136/6
f 9364/143/6 9365/143/6 9368/143/6
f 9368/143/6 9365/143/6 9369/143/6
f 9366/102/6 9367/102/6 9370/102/6
f 9370/102/6 9367/102/6 9371/102/6
f 9368/124/6 9369/124/6 9372/124/6
f 9372/124/6 9369/124/6 9373/124/6
f 9370/104/6 9371/104/6 9376/104/6
f 9376/104/6 9371/104/6 9377/104/6
f 9373/48/6 9374/48/6 9378/48/6
f 9378/48/6 9374/48/6 9379/48/6
f 9375/189/6 9376/189/6 9380/189/6
f 9380/189/6 9376/189/6 9381/189/6
f 9378/187/6 9379/187/6 9382/187/6
f 9382/187/6 9379/187/6 9383/187/6
f 9380/239/6 9381/239/6 9386/239/6
f 9386/239/6 9381/239/6 9387/239/6
f 9383/7/6 9384/7/6 9388/7/6
f 9388/7/6 9384/7/6 9389/7/6
f 9385/89/6 9386/89/6 9392/89/6
f 9392/89/6 9386/89/6 9393/89/6
f 9389/109/6 9390/109/6 9394/109/6
f 9394/109/6 9390/109/6 9395/109/6
f 9391/185/6 9392/185/6 9398/185/6
f 9398/185/6 9392/185/6 9399/185/6
f 9395/150/6 9396/150/6 9400/150/6
f 9400/150/6 9396/150/6 9401/150/6
f 9397/127/6 9398/127/6 9406/127/6
f 9406/127/6 9398/127/6 9407/127/6
f 9401/156/6 9402/156/6 9408/156/6
f 9402/97/6 9403/97/6 9409/97/6
f 9408/156/6 9402/156/6 9409/156/6
f 9409/97/6 9403/97/6 9410/97/6
f 9404/97/6 9405/97/6 9417/97/6
f 9405/64/6 9406/64/6 9418/64/6
f 9417/97/6 9405/97/6 9418/97/6
f 9418/64/6 9406/64/6 9419/64/6
f 9410/185/6 9411/185/6 9420/185/6
f 9411/95/6 9412/95/6 9421/95/6
f 9420/185/6 9411/185/6 9421/185/6
f 9412/137/6 9413/137/6 9422/137/6
f 9421/95/6 9412/95/6 9422/95/6
f 9422/137/6 9413/137/6 9423/137/6
f 9414/230/6 9415/230/6 9424/230/6
f 9415/64/6 9416/64/6 9425/64/6
f 9424/230/6 9415/230/6 9425/230/6
f 9416/16/6 9417/16/6 9426/16/6
f 9425/64/6 9416/64/6 9426/64/6
f 9426/16/6 9417/16/6 9427/16/6
f 9428/170/6 9429/170/6 9436/170/6
f 9429/172/6 9430/172/6 9437/172/6
f 9436/170/6 9429/170/6 9437/170/6
f 9430/203/6 9431/203/6 9438/203/6
f 9437/172/6 9430/172/6 9438/172/6
f 9431/62/6 9432/62/6 9439/62/6
f 9438/203/6 9431/203/6 9439/203/6
f 9439/62/6 9432/62/6 9440/62/6
f 9433/165/6 9434/165/6 9446/165/6
f 9434/234/6 9435/234/6 9447/234/6
f 9446/165/6 9434/165/6 9447/165/6
f 9435/210/6 9436/210/6 9448/210/6
f 9447/234/6 9435/234/6 9448/234/6
f 9448/210/6 9436/210/6 9449/210/6
f 9440/166/6 9441/166/6 9450/166/6
f 9441/29/6 9442/29/6 9451/29/6
f 9450/166/6 9441/166/6 9451/166/6
f 9442/241/6 9443/241/6 9452/241/6
f 9451/29/6 9442/29/6 9452/29/6
f 9452/241/6 9443/241/6 9453/241/6
f 9444/221/6 9445/221/6 9457/221/6
f 9445/177/6 9446/177/6 9458/177/6
f 9457/221/6 9445/221/6 9458/221/6
f 9458/177/6 9446/177/6 9459/177/6
f 9453/173/6 9454/173/6 9460/173/6
f 9454/164/6 9455/164/6 9461/164/6
f 9460/173/6 9454/173/6 9461/173/6
f 9461/164/6 9455/164/6 9462/164/6
f 9456/3/6 9457/3/6 9465/3/6
f 9465/3/6 9457/3/6 9466/3/6
f 9462/56/6 9463/56/6 9467/56/6
f 9467/56/6 9463/56/6 9468/56/6
f 9464/193/6 9465/193/6 9471/193/6
f 9471/193/6 9465/193/6 9472/193/6
f 9468/3/6 9469/3/6 9473/3/6
f 9473/3/6 9469/3/6 9474/3/6
f 9470/212/6 9471/212/6 9476/212/6
f 9476/212/6 9471/212/6 9477/212/6
f 9474/104/6 9475/104/6 9478/104/6
f 9478/104/6 9475/104/6 9479/104/6
f 9476/110/6 9477/110/6 9481/110/6
f 9481/110/6 9477/110/6 9482/110/6
f 9478/1/6 9479/1/6 9483/1/6
f 9483/1/6 9479/1/6 9484/1/6
f 9480/205/6 9481/205/6 9486/205/6
f 9486/205/6 9481/205/6 9487/205/6
f 9484/67/6 9485/67/6 9488/67/6
f 9488/67/6 9485/67/6 9489/67/6
f 9486/12/6 9487/12/6 9490/12/6
f 9490/12/6 9487/12/6 9491/12/6
f 9488/99/6 9489/99/6 9492/99/6
f 9492/99/6 9489/99/6 9493/99/6
f 9490/115/6 9491/115/6 9495/115/6
f 9495/115/6 9491/115/6 9496/115/6
f 9492/181/6 9493/181/6 9497/181/6
f 9497/181/6 9493/181/6 9498/181/6
f 9494/229/6 9495/229/6 9500/229/6
f 9500/229/6 9495/229/6 9501/229/6
f 9498/80/6 9499/80/6 9502/80/6
f 9502/80/6 9499/80/6 9503/80/6
f 9500/34/6 9501/34/6 9504/34/6
f 9504/34/6 9501/34/6 9505/34/6
f 9502/186/6 9503/186/6 9506/186/6
f 9506/186/6 9503/186/6 9507/186/6
f 9504/152/6 9505/152/6 9508/152/6
f 9508/152/6 9505/152/6 9509/152/6
f 9506/13/6 9507/13/6 9510/13/6
f 9510/13/6 9507/13/6 9511/13/6
f 9508/249/6 9509/249/6 9512/249/6
f 9512/249/6 9509/249/6 9513/249/6
f 9510/206/6 9511/206/6 9516/206/6
f 9516/206/6 9511/206/6 9517/206/6
f 9513/187/6 9514/187/6 9518/187/6
f 9518/187/6 9514/187/6 9519/187/6
f 9515/4/6 9516/4/6 9520/4/6
f 9520/4/6 9516/4/6 9521/4/6
f 9518/116/6 9519/116/6 9522/116/6
f 9522/116/6 9519/116/6 9523/116/6
f 9520/202/6 9521/202/6 9524/202/6
f 9524/202/6 9521/202/6 9525/202/6
f 9522/174/6 9523/174/6 9526/174/6
f 9526/174/6 9523/174/6 9527/174/6
f 9524/20/6 9525/20/6 9530/20/6
f 9530/20/6 9525/20/6 9531/20/6
f 9527/61/6 9528/61/6 9532/61/6
f 9532/61/6 9528/61/6 9533/61/6
f 9529/240/6 9530/240/6 9534/240/6
f 9534/240/6 9530/240/6 9535/240/6
f 9532/92/6 9533/92/6 9536/92/6
f 9536/92/6 9533/92/6 9537/92/6
f 9534/58/6 9535/58/6 9540/58/6
f 9540/58/6 9535/58/6 9541/58/6
f 9537/90/6 9538/90/6 9542/90/6
f 9542/90/6 9538/90/6 9543/90/6
f 9539/17/6 9540/17/6 9546/17/6
f 9546/17/6 9540/17/6 9547/17/6
f 9543/236/6 9544/236/6 9548/236/6
f 9548/236/6 9544/236/6 9549/236/6
f 9545/197/6 9546/197/6 9554/197/6
f 9554/197/6 9546/197/6 9555/197/6
f 9549/117/6 9550/117/6 9556/117/6
f 9550/1/6 9551/1/6 9557/1/6
f 9556/117/6 9550/117/6 9557/117/6
f 9557/1/6 9551/1/6 9558/1/6
f 9552/240/6 9553/240/6 9565/240/6
f 9553/178/6 9554/178/6 9566/178/6
f 9565/240/6 9553/240/6 9566/240/6
f 9566/178/6 9554/178/6 9567/178/6
f 9558/143/6 9559/143/6 9568/143/6
f 9559/64/6 9560/64/6 9569/64/6
f 9568/143/6 9559/143/6 9569/143/6
f 9560/86/6 9561/86/6 9570/86/6
f 9569/64/6 9560/64/6 9570/64/6
f 9570/86/6 9561/86/6 9571/86/6
f 9562/179/6 9563/179/6 9575/179/6
f 9563/237/6 9564/237/6 9576/237/6
f 9575/179/6 9563/179/6 9576/179/6
f 9564/18/6 9565/18/6 9577/18/6
f 9576/237/6 9564/237/6 9577/237/6
f 9577/18/6 9565/18/6 9578/18/6
f 9571/178/6 9572/178/6 9579/178/6
f 9572/68/6 9573/68/6 9580/68/6
f 9579/178/6 9572/178/6 9580/178/6
f 9573/133/6 9574/133/6 9581/133/6
f 9580/68/6 9573/68/6 9581/68/6
f 9574/152/6 9575/152/6 9582/152/6
f 9581/133/6 9574/133/6 9582/133/6
f 9582/152/6 9575/152/6 9583/152/6
f 9584/105/6 9585/105/6 9592/105/6
f 9585/121/6 9586/121/6 9593/121/6
f 9592/105/6 9585/105/6 9593/105/6
f 9586/12/6 9587/12/6 9594/12/6
f 9593/121/6 9586/121/6 9594/121/6
f 9587/31/6 9588/31/6 9595/31/6
f 9594/12/6 9587/12/6 9595/12/6
f 9595/31/6 9588/31/6 9596/31/6
f 9589/222/6 9590/222/6 9602/222/6
f 9590/7/6 9591/7/6 9603/7/6
f 9602/222/6 9590/222/6 9603/222/6
f 9591/87/6 9592/87/6 9604/87/6
f 9603/7/6 9591/7/6 9604/7/6
f 9604/87/6 9592/87/6 9605/87/6
f 9596/132/6 9597/132/6 9606/132/6
f 9597/77/6 9598/77/6 9607/77/6
f 9606/132/6 9597/132/6 9607/132/6
f 9598/124/6 9599/124/6 9608/124/6
f 9607/77/6 9598/77/6 9608/77/6
f 9608/124/6 9599/124/6 9609/124/6
f 9600/40/6 9601/40/6 9613/40/6
f 9601/207/6 9602/207/6 9614/207/6
f 9613/40/6 9601/40/6 9614/40/6
f 9614/207/6 9602/207/6 9615/207/6
f 9609/49/6 9610/49/6 9616/49/6
f 9610/42/6 9611/42/6 9617/42/6
f 9616/49/6 9610/49/6 9617/49/6
f 9617/42/6 9611/42/6 9618/42/6
f 9612/255/6 9613/255/6 9621/255/6
f 9613/144/6 9614/144/6 9622/144/6
f 9621/255/6 9613/255/6 9622/255/6
f 9622/144/6 9614/144/6 9623/144/6
f 9617/28/6 9618/28/6 9624/28/6
f 9618/14/6 9619/14/6 9625/14/6
f 9624/28/6 9618/28/6 9625/28/6
f 9625/14/6 9619/14/6 9626/14/6
f 9620/55/6 9621/55/6 9628/55/6
f 9621/182/6 9622/182/6 9629/182/6
f 9628/55/6 9621/55/6 9629/55/6
f 9629/182/6 9622/182/6 9630/182/6
f 9625/73/6 9626/73/6 9631/73/6
f 9626/241/6 9627/241/6 9632/241/6
f 9631/73/6 9626/73/6 9632/73/6
f 9632/241/6 9627/241/6 9633/241/6
f 9628/84/6 9629/84/6 9635/84/6
f 9635/84/6 9629/84/6 9636/84/6
f 9632/147/6 9633/147/6 9637/147/6
f 9637/147/6 9633/147/6 9638/147/6
f 9634/16/6 9635/16/6 9640/16/6
f 9640/16/6 9635/16/6 9641/16/6
f 9638/165/6 9639/165/6 9642/165/6
f 9642/165/6 9639/165/6 9643/165/6
f 9640/48/6 9641/48/6 9644/48/6
f 9644/48/6 9641/48/6 9645/48/6
f 9642/235/6 9643/235/6 9646/235/6
f 9646/235/6 9643/235/6 9647/235/6
f 9644/25/6 9645/25/6 9649/25/6
f 9649/25/6 9645/25/6 9650/25/6
f 9646/187/6 9647/187/6 9651/187/6
f 9651/187/6 9647/187/6 9652/187/6
f 9648/200/6 9649/200/6 9654/200/6
f 9654/200/6 9649/200/6 9655/200/6
f 9652/14/6 9653/14/6 9656/14/6
f 9656/14/6 9653/14/6 9657/14/6
f 9654/219/6 9655/219/6 9658/219/6
f 9658/219/6 9655/219/6 9659/219/6
f 9656/81/6 9657/81/6 9660/81/6
f 9660/81/6 9657/81/6 9661/81/6
f 9658/196/6 9659/196/6 9662/196/6
f 9662/196/6 9659/196/6 9663/196/6
f 9660/52/6 9661/52/6 9664/52/6
f 9664/52/6 9661/52/6 9665/52/6
f 9662/59/6 9663/59/6 9666/59/6
f 9666/59/6 9663/59/6 9667/59/6
f 9664/149/6 9665/149/6 9670/149/6
f 9670/149/6 9665/149/6 9671/149/6
f 9667/164/6 9668/164/6 9672/164/6
f 9672/164/6 9668/164/6 9673/164/6
f 9669/27/6 9670/27/6 9674/27/6
f 9674/27/6 9670/27/6 9675/27/6
f 9672/210/6 9673/210/6 9676/210/6
f 9676/210/6 9673/210/6 9677/210/6
f 9674/6/6 9675/6/6 9678/6/6
f 9678/6/6 9675/6/6 9679/6/6
f 9676/7/6 9677/7/6 9680/7/6
f 9680/7/6 9677/7/6 9681/7/6
f 9678/26/6 9679/26/6 9684/26/6
f 9684/26/6 9679/26/6 9685/26/6
f 9681/23/6 9682/23/6 9686/23/6
f 9686/23/6 9682/23/6 9687/23/6
f 9683/244/6 9684/244/6 9690/244/6
f 9690/244/6 9684/244/6 9691/244/6
f 9686/18/6 9687/18/6 9692/18/6
f 9687/85/6 9688/85/6 9693/85/6
f 9692/18/6 9687/18/6 9693/18/6
f 9693/85/6 9688/85/6 9694/85/6
f 9689/126/6 9690/126/6 9697/126/6
f 9690/229/6 9691/229/6 9698/229/6
f 9697/126/6 9690/126/6 9698/126/6
f 9698/229/6 9691/229/6 9699/229/6
f 9693/47/6 9694/47/6 9700/47/6
f 9694/154/6 9695/154/6 9701/154/6
f 9700/47/6 9694/47/6 9701/47/6
f 9701/154/6 9695/154/6 9702/154/6
f 9696/205/6 9697/205/6 9705/205/6
f 9697/92/6 9698/92/6 9706/92/6
f 9705/205/6 9697/205/6 9706/205/6
f 9706/92/6 9698/92/6 9707/92/6
f 9701/120/6 9702/120/6 9708/120/6
f 9702/94/6 9703/94/6 9709/94/6
f 9708/120/6 9702/120/6 9709/120/6
f 9709/94/6 9703/94/6 9710/94/6
f 9704/109/6 9705/109/6 9717/109/6
f 9705/255/6 9706/255/6 9718/255/6
f 9717/109/6 9705/109/6 9718/109/6
f 9718/255/6 9706/255/6 9719/255/6
f 9710/95/6 9711/95/6 9720/95/6
f 9711/88/6 9712/88/6 9721/88/6
f 9720/95/6 9711/95/6 9721/95/6
f 9712/181/6 9713/181/6 9722/181/6
f 9721/88/6 9712/88/6 9722/88/6
f 9722/181/6 9713/181/6 9723/181/6
f 9714/5/6 9715/5/6 9727/5/6
f 9715/153/6 9716/153/6 9728/153/6
f 9727/5/6 9715/5/6 9728/5/6
f 9716/33/6 9717/33/6 9729/33/6
f 9728/153/6 9716/153/6 9729/153/6
f 9729/33/6 9717/33/6 9730/33/6
f 9723/167/6 9724/167/6 9731/167/6
f 9724/80/6 9725/80/6 9732/80/6
f 9731/167/6 9724/167/6 9732/167/6
f 9725/200/6 9726/200/6 9733/200/6
f 9732/80/6 9725/80/6 9733/80/6
f 9726/155/6 9727/155/6 9734/155/6
f 9733/200/6 9726/200/6 9734/200/6
f 9734/155/6 9727/155/6 9735/155/6
f 9736/95/6 9737/95/6 9744/95/6
f 9737/155/6 9738/155/6 9745/155/6
f 9744/95/6 9737/95/6 9745/95/6
f 9738/223/6 9739/223/6 9746/223/6
f 9745/155/6 9738/155/6 9746/155/6
f 9739/127/6 9740/127/6 9747/127/6
f 9746/223/6 9739/223/6 9747/223/6
f 9747/127/6 9740/127/6 9748/127/6
f 9741/21/6 9742/21/6 9753/21/6
f 9742/176/6 9743/176/6 9754/176/6
f 9753/21/6 9742/21/6 9754/21/6
f 9743/131/6 9744/131/6 9755/131/6
f 9754/176/6 9743/176/6 9755/176/6
f 9744/70/6 9745/70/6 9756/70/6
f 9755/131/6 9744/131/6 9756/131/6
f 9745/234/6 9746/234/6 9757/234/6
f 9756/70/6 9745/70/6 9757/70/6
f 9746/191/6 9747/191/6 9758/191/6
f 9757/234/6 9746/234/6 9758/234/6
f 9747/54/6 9748/54/6 9759/54/6
f 9758/191/6 9747/191/6 9759/191/6
f 9748/174/6 9749/174/6 9760/174/6
f 9759/54/6 9748/54/6 9760/54/6
f 9749/1/6 9750/1/6 9761/1/6
f 9760/174/6 9749/174/6 9761/174/6
f 9750/204/6 9751/204/6 9762/204/6
f 9761/1/6 9750/1/6 9762/1/6
f 9762/204/6 9751/204/6 9763/204/6
f 9752/53/6 9753/53/6 9766/53/6
f 9753/149/6 9754/149/6 9767/149/6
f 9766/53/6 9753/53/6 9767/53/6
f 9767/149/6 9754/149/6 9768/149/6
f 9762/82/6 9763/82/6 9769/82/6
f 9763/18/6 9764/18/6 9770/18/6
f 9769/82/6 9763/82/6 9770/82/6
f 9770/18/6 9764/18/6 9771/18/6
f 9765/146/6 9766/146/6 9774/146/6
f 9766/99/6 9767/99/6 9775/99/6
f 9774/146/6 9766/146/6 9775/146/6
f 9775/99/6 9767/99/6 9776/99/6
f 9770/46/6 9771/46/6 9777/46/6
f 9771/243/6 9772/243/6 9778/243/6
f 9777/46/6 9771/46/6 9778/46/6
f 9778/243/6 9772/243/6 9779/243/6
f 9773/131/6 9774/131/6 9782/131/6
f 9774/49/6 9775/49/6 9783/49/6
f 9782/131/6 9774/131/6 9783/131/6
f 9783/49/6 9775/49/6 9784/49/6
f 9778/64/6 9779/64/6 9785/64/6
f 9779/43/6 9780/43/6 9786/43/6
f 9785/64/6 9779/64/6 9786/64/6
f 9786/43/6 9780/43/6 9787/43/6
f 9781/122/6 9782/122/6 9789/122/6
f 9782/230/6 9783/230/6 9790/230/6
f 9789/122/6 9782/122/6 9790/122/6
f 9790/230/6 9783/230/6 9791/230/6
f 9786/199/6 9787/199/6 9792/199/6
f 9787/100/6 9788/100/6 9793/100/6
f 9792/199/6 9787/199/6 9793/199/6
f 9793/100/6 9788/100/6 9794/100/6
f 9789/66/6 9790/66/6 9795/66/6
f 9795/66/6 9790/66/6 9796/66/6
f 9793/22/6 9794/22/6 9797/22/6
f 9797/22/6 9794/22/6 9798/22/6
f 9795/249/6 9796/249/6 9800/249/6
f 9800/249/6 9796/249/6 9801/249/6
f 9797/52/6 9798/52/6 9802/52/6
f 9802/52/6 9798/52/6 9803/52/6
f 9799/247/6 9800/247/6 9805/247/6
f 9800/1/6 9801/1/6 9806/1/6
f 9805/247/6 9800/247/6 9806/247/6
f 9806/1/6 9801/1/6 9807/1/6
f 9802/192/6 9803/192/6 9808/192/6
f 9803/157/6 9804/157/6 9809/157/6
f 9808/192/6 9803/192/6 9809/192/6
f 9809/157/6 9804/157/6 9810/157/6
f 9805/161/6 9806/161/6 9811/161/6
f 9806/102/6 9807/102/6 9812/102/6
f 9811/161/6 9806/161/6 9812/161/6
f 9812/102/6 9807/102/6 9813/102/6
f 9808/230/6 9809/230/6 9814/230/6
f 9809/86/6 9810/86/6 9815/86/6
f 9814/230/6 9809/230/6 9815/230/6
f 9815/86/6 9810/86/6 9816/86/6
f 9811/145/6 9812/145/6 9817/145/6
f 9812/196/6 9813/196/6 9818/196/6
f 9817/145/6 9812/145/6 9818/145/6
f 9818/196/6 9813/196/6 9819/196/6
f 9814/235/6 9815/235/6 9820/235/6
f 9815/28/6 9816/28/6 9821/28/6
f 9820/235/6 9815/235/6 9821/235/6
f 9821/28/6 9816/28/6 9822/28/6
f 9817/128/6 9818/128/6 9823/128/6
f 9818/32/6 9819/32/6 9824/32/6
f 9823/128/6 9818/128/6 9824/128/6
f 9824/32/6 9819/32/6 9825/32/6
f 9820/226/6 9821/226/6 9826/226/6
f 9821/100/6 9822/100/6 9827/100/6
f 9826/226/6 9821/226/6 9827/226/6
f 9827/100/6 9822/100/6 9828/100/6
f 9824/40/6 9825/40/6 9829/40/6
f 9829/40/6 9825/40/6 9830/40/6
f 9826/175/6 9827/175/6 9831/175/6
f 9831/175/6 9827/175/6 9832/175/6
f 9829/2/6 9830/2/6 9833/2/6
f 9833/2/6 9830/2/6 9834/2/6
f 9831/152/6 9832/152/6 9837/152/6
f 9837/152/6 9832/152/6 9838/152/6
f 9833/192/6 9834/192/6 9839/192/6
f 9834/226/6 9835/226/6 9840/226/6
f 9839/192/6 9834/192/6 9840/192/6
f 9840/226/6 9835/226/6 9841/226/6
f 9836/144/6 9837/144/6 9844/144/6
f 9837/85/6 9838/85/6 9845/85/6
f 9844/144/6 9837/144/6 9845/144/6
f 9845/85/6 9838/85/6 9846/85/6
f 9840/112/6 9841/112/6 9847/112/6
f 9841/38/6 9842/38/6 9848/38/6
f 9847/112/6 9841/112/6 9848/112/6
f 9848/38/6 9842/38/6 9849/38/6
f 9843/102/6 9844/102/6 9852/102/6
f 9844/67/6 9845/67/6 9853/67/6
f 9852/102/6 9844/102/6 9853/102/6
f 9853/67/6 9845/67/6 9854/67/6
f 9848/27/6 9849/27/6 9855/27/6
f 9849/52/6 9850/52/6 9856/52/6
f 9855/27/6 9849/27/6 9856/27/6
f 9856/52/6 9850/52/6 9857/52/6
f 9851/137/6 9852/137/6 9860/137/6
f 9852/46/6 9853/46/6 9861/46/6
f 9860/137/6 9852/137/6 9861/137/6
f 9861/46/6 9853/46/6 9862/46/6
f 9856/143/6 9857/143/6 9863/143/6
f 9857/1/6 9858/1/6 9864/1/6
f 9863/143/6 9857/143/6 9864/143/6
f 9864/1/6 9858/1/6 9865/1/6
f 9859/13/6 9860/13/6 9873/13/6
f 9860/246/6 9861/246/6 9874/246/6
f 9873/13/6 9860/13/6 9874/13/6
f 9874/246/6 9861/246/6 9875/246/6
f 9864/138/6 9865/138/6 9876/138/6
f 9865/255/6 9866/255/6 9877/255/6
f 9876/138/6 9865/138/6 9877/138/6
f 9866/4/6 9867/4/6 9878/4/6
f 9877/255/6 9866/255/6 9878/255/6
f 9867/153/6 9868/153/6 9879/153/6
f 9878/4/6 9867/4/6 9879/4/6
f 9868/96/6 9869/96/6 9880/96/6
f 9879/153/6 9868/153/6 9880/153/6
f 9869/174/6 9870/174/6 9881/174/6
f 9880/96/6 9869/96/6 9881/96/6
f 9870/78/6 9871/78/6 9882/78/6
f 9881/174/6 9870/174/6 9882/174/6
f 9871/116/6 9872/116/6 9883/116/6
f 9882/78/6 9871/78/6 9883/78/6
f 9872/175/6 9873/175/6 9884/175/6
f 9883/116/6 9872/116/6 9884/116/6
f 9873/152/6 9874/152/6 9885/152/6
f 9884/175/6 9873/175/6 9885/175/6
f 9885/152/6 9874/152/6 9886/152/6
f 9879/154/6 9880/154/6 9887/154/6
f 9880/52/6 9881/52/6 9888/52/6
f 9887/154/6 9880/154/6 9888/154/6
f 9881/134/6 9882/134/6 9889/134/6
f 9888/52/6 9881/52/6 9889/52/6
f 9882/231/6 9883/231/6 9890/231/6
f 9889/134/6 9882/134/6 9890/134/6
f 9890/231/6 9883/231/6 9891/231/6
f 9892/225/6 9893/225/6 9902/225/6
f 9893/9/6 9894/9/6 9903/9/6
f 9902/225/6 9893/225/6 9903/225/6
f 9894/31/6 9895/31/6 9904/31/6
f 9903/9/6 9894/9/6 9904/9/6
f 9895/239/6 9896/239/6 9905/239/6
f 9904/31/6 9895/31/6 9905/31/6
f 9896/168/6 9897/168/6 9906/168/6
f 9905/239/6 9896/239/6 9906/239/6
f 9897/137/6 9898/137/6 9907/137/6
f 9906/168/6 9897/168/6 9907/168/6
f 9898/179/6 9899/179/6 9908/179/6
f 9907/137/6 9898/137/6 9908/137/6
f 9899/42/6 9900/42/6 9909/42/6
f 9908/179/6 9899/179/6 9909/179/6
f 9909/42/6 9900/42/6 9910/42/6
f 9901/80/6 9902/80/6 9913/80/6
f 9902/47/6 9903/47/6 9914/47/6
f 9913/80/6 9902/80/6 9914/80/6
f 9903/51/6 9904/51/6 9915/51/6
f 9914/47/6 9903/47/6 9915/47/6
f 9904/51/6 9905/51/6 9915/51/6
f 9915/51/6 9905/51/6 9916/51/6
f 9916/51/6 9905/51/6 9917/51/6
f 9907/104/6 9908/104/6 9918/104/6
f 9908/220/6 9909/220/6 9919/220/6
f 9918/104/6 9908/104/6 9919/104/6
f 9909/221/6 9910/221/6 9920/221/6
f 9919/220/6 9909/220/6 9920/220/6
f 9910/46/6 9911/46/6 9921/46/6
f 9920/221/6 9910/221/6 9921/221/6
f 9921/46/6 9911/46/6 9922/46/6
f 9912/188/6 9913/188/6 9925/188/6
f 9913/105/6 9914/105/6 9926/105/6
f 9925/188/6 9913/188/6 9926/188/6
f 9926/105/6 9914/105/6 9927/105/6
f 9921/127/6 9922/127/6 9928/127/6
f 9922/58/6 9923/58/6 9929/58/6
f 9928/127/6 9922/127/6 9929/127/6
f 9929/58/6 9923/58/6 9930/58/6
f 9924/4/6 9925/4/6 9933/4/6
f 9925/155/6 9926/155/6 9934/155/6
f 9933/4/6 9925/4/6 9934/4/6
f 9934/155/6 9926/155/6 9935/155/6
f 9929/62/6 9930/62/6 9936/62/6
f 9930/198/6 9931/198/6 9937/198/6
f 9936/62/6 9930/62/6 9937/62/6
f 9937/198/6 9931/198/6 9938/198/6
f 9932/238/6 9933/238/6 9940/238/6
f 9933/109/6 9934/109/6 9941/109/6
f 9940/238/6 9933/238/6 9941/238/6
f 9941/109/6 9934/109/6 9942/109/6
f 9937/168/6 9938/168/6 9943/168/6
f 9938/46/6 9939/46/6 9944/46/6
f 9943/168/6 9938/168/6 9944/168/6
f 9944/46/6 9939/46/6 9945/46/6
f 9940/12/6 9941/12/6 9946/12/6
f 9941/36/6 9942/36/6 9947/36/6
f 9946/12/6 9941/12/6 9947/12/6
f 9947/36/6 9942/36/6 9948/36/6
f 9943/54/6 9944/54/6 9949/54/6
f 9944/244/6 9945/244/6 9950/244/6
f 9949/54/6 9944/54/6 9950/54/6
f 9950/244/6 9945/244/6 9951/244/6
f 9946/31/6 9947/31/6 9952/31/6
f 9947/26/6 9948/26/6 9953/26/6
f 9952/31/6 9947/31/6 9953/31/6
f 9953/26/6 9948/26/6 9954/26/6
f 9949/143/6 9950/143/6 9955/143/6
f 9950/239/6 9951/239/6 9956/239/6
f 9955/143/6 9950/143/6 9956/143/6
f 9956/239/6 9951/239/6 9957/239/6
f 9952/39/6 9953/39/6 9958/39/6
f 9958/39/6 9953/39/6 9959/39/6
f 9956/108/6 9957/108/6 9960/108/6
f 9960/108/6 9957/108/6 9961/108/6
f 9958/199/6 9959/199/6 9962/199/6
f 9962/199/6 9959/199/6 9963/199/6
f 9960/14/6 9961/14/6 9966/14/6
f 9966/14/6 9961/14/6 9967/14/6
f 9962/197/6 9963/197/6 9968/197/6
f 9963/94/6 9964/94/6 9969/94/6
f 9968/197/6 9963/197/6 9969/197/6
f 9969/94/6 9964/94/6 9970/94/6
f 9965/159/6 9966/159/6 9971/159/6
f 9966/230/6 9967/230/6 9972/230/6
f 9971/159/6 9966/159/6 9972/159/6
f 9972/230/6 9967/230/6 9973/230/6
f 9968/212/6 9969/212/6 9974/212/6
f 9969/5/6 9970/5/6 9975/5/6
f 9974/212/6 9969/212/6 9975/212/6
f 9975/5/6 9970/5/6 9976/5/6
f 9971/237/6 9972/237/6 9977/237/6
f 9972/63/6 9973/63/6 9978/63/6
f 9977/237/6 9972/237/6 9978/237/6
f 9978/63/6 9973/63/6 9979/63/6
f 9974/124/6 9975/124/6 9980/124/6
f 9975/189/6 9976/189/6 9981/189/6
f 9980/124/6 9975/124/6 9981/124/6
f 9981/189/6 9976/189/6 9982/189/6
f 9977/141/6 9978/141/6 9985/141/6
f 9978/172/6 9979/172/6 9986/172/6
f 9985/141/6 9978/141/6 9986/141/6
f 9986/172/6 9979/172/6 9987/172/6
f 9981/126/6 9982/126/6 9988/126/6
f 9982/154/6 9983/154/6 9989/154/6
f 9988/126/6 9982/126/6 9989/126/6
f 9989/154/6 9983/154/6 9990/154/6
f 9984/74/6 9985/74/6 9993/74/6
f 9985/27/6 9986/27/6 9994/27/6
f 9993/74/6 9985/74/6 9994/74/6
f 9994/27/6 9986/27/6 9995/27/6
f 9989/51/6 9990/51/6 9996/51/6
f 9990/244/6 9991/244/6 9997/244/6
f 9996/51/6 9990/51/6 9997/51/6
f 9997/244/6 9991/244/6 9998/244/6
f 9992/156/6 9993/156/6 10005/156/6
f 9993/185/6 9994/185/6 10006/185/6
f 10005/156/6 9993/156/6 10006/156/6
f 10006/185/6 9994/185/6 10007/185/6
f 9997/56/6 9998/56/6 10008/56/6
f 9998/61/6 9999/61/6 10009/61/6
f 10008/56/6 9998/56/6 10009/56/6
f 9999/247/6 10000/247/6 10010/247/6
f 10009/61/6 9999/61/6 10010/61/6
f 10000/7/6 10001/7/6 10011/7/6
f 10010/247/6 10000/247/6 10011/247/6
f 10011/7/6 10001/7/6 10012/7/6
f 10002/11/6 10003/11/6 10014/11/6
f 10003/141/6 10004/141/6 10015/141/6
f 10014/11/6 10003/11/6 10015/11/6
f 10004/234/6 10005/234/6 10016/234/6
f 10015/141/6 10004/141/6 10016/141/6
f 10005/45/6 10006/45/6 10017/45/6
f 10016/234/6 10005/234/6 10017/234/6
f 10017/45/6 10006/45/6 10018/45/6
f 10009/200/6 10010/200/6 10019/200/6
f 10010/235/6 10011/235/6 10020/235/6
f 10019/200/6 10010/200/6 10020/200/6
f 10011/124/6 10012/124/6 10021/124/6
f 10020/235/6 10011/235/6 10021/235/6
f 10012/126/6 10013/126/6 10022/126/6
f 10021/124/6 10012/124/6 10022/124/6
f 10013/211/6 10014/211/6 10023/211/6
f 10022/126/6 10013/126/6 10023/126/6
f 10014/16/6 10015/16/6 10024/16/6
f 10023/211/6 10014/211/6 10024/211/6
f 10015/12/6 10016/12/6 10025/12/6
f 10024/16/6 10015/16/6 10025/16/6
f 10016/214/6 10017/214/6 10026/214/6
f 10025/12/6 10016/12/6 10026/12/6
f 10026/214/6 10017/214/6 10027/214/6
f 10028/148/6 10029/148/6 10034/148/6
f 10029/34/6 10030/34/6 10035/34/6
f 10034/148/6 10029/148/6 10035/148/6
f 10035/34/6 10030/34/6 10036/34/6
f 10031/6/6 10032/6/6 10041/6/6
f 10032/158/6 10033/158/6 10042/158/6
f 10041/6/6 10032/6/6 10042/6/6
f 10033/4/6 10034/4/6 10043/4/6
f 10042/158/6 10033/158/6 10043/158/6
f 10034/46/6 10035/46/6 10044/46/6
f 10043/4/6 10034/4/6 10044/4/6
f 10035/104/6 10036/104/6 10045/104/6
f 10044/46/6 10035/46/6 10045/46/6
f 10036/153/6 10037/153/6 10046/153/6
f 10045/104/6 10036/104/6 10046/104/6
f 10037/83/6 10038/83/6 10047/83/6
f 10046/153/6 10037/153/6 10047/153/6
f 10038/33/6 10039/33/6 10048/33/6
f 10047/83/6 10038/83/6 10048/83/6
f 10048/33/6 10039/33/6 10049/33/6
f 10040/107/6 10041/107/6 10052/107/6
f 10041/111/6 10042/111/6 10053/111/6
f 10052/107/6 10041/107/6 10053/107/6
f 10042/223/6 10043/223/6 10054/223/6
f 10053/111/6 10042/111/6 10054/111/6
f 10043/222/6 10044/222/6 10055/222/6
f 10054/223/6 10043/223/6 10055/223/6
f 10044/146/6 10045/146/6 10056/146/6
f 10055/222/6 10044/222/6 10056/222/6
f 10045/237/6 10046/237/6 10057/237/6
f 10056/146/6 10045/146/6 10057/146/6
f 10046/137/6 10047/137/6 10058/137/6
f 10057/237/6 10046/237/6 10058/237/6
f 10047/35/6 10048/35/6 10059/35/6
f 10058/137/6 10047/137/6 10059/137/6
f 10048/105/6 10049/105/6 10060/105/6
f 10059/35/6 10048/35/6 10060/35/6
f 10049/106/6 10050/106/6 10061/106/6
f 10060/105/6 10049/105/6 10061/105/6
f 10061/106/6 10050/106/6 10062/106/6
f 10051/231/6 10052/231/6 10064/231/6
f 10052/28/6 10053/28/6 10065/28/6
f 10064/231/6 10052/231/6 10065/231/6
f 10053/192/6 10054/192/6 10066/192/6
f 10065/28/6 10053/28/6 10066/28/6
f 10054/166/6 10055/166/6 10067/166/6
f 10066/192/6 10054/192/6 10067/192/6
f 10067/166/6 10055/166/6 10068/166/6
f 10059/126/6 10060/126/6 10069/126/6
f 10060/3/6 10061/3/6 10070/3/6
f 10069/126/6 10060/126/6 10070/126/6
f 10061/54/6 10062/54/6 10071/54/6
f 10070/3/6 10061/3/6 10071/3/6
f 10062/86/6 10063/86/6 10072/86/6
f 10071/54/6 10062/54/6 10072/54/6
f 10072/86/6 10063/86/6 10073/86/6
f 10064/236/6 10065/236/6 10074/236/6
f 10065/240/6 10066/240/6 10075/240/6
f 10074/236/6 10065/236/6 10075/236/6
f 10066/86/6 10067/86/6 10076/86/6
f 10075/240/6 10066/240/6 10076/240/6
f 10076/86/6 10067/86/6 10077/86/6
f 10070/236/6 10071/236/6 10078/236/6
f 10071/247/6 10072/247/6 10079/247/6
f 10078/236/6 10071/236/6 10079/236/6
f 10072/147/6 10073/147/6 10080/147/6
f 10079/247/6 10072/247/6 10080/247/6
f 10080/147/6 10073/147/6 10081/147/6
f 10074/178/6 10075/178/6 10083/178/6
f 10075/122/6 10076/122/6 10084/122/6
f 10083/178/6 10075/178/6 10084/178/6
f 10084/122/6 10076/122/6 10085/122/6
f 10079/54/6 10080/54/6 10086/54/6
f 10080/96/6 10081/96/6 10087/96/6
f 10086/54/6 10080/54/6 10087/54/6
f 10087/96/6 10081/96/6 10088/96/6
f 10082/49/6 10083/49/6 10090/49/6
f 10083/235/6 10084/235/6 10091/235/6
f 10090/49/6 10083/49/6 10091/49/6
f 10084/16/6 10085/16/6 10092/16/6
f 10091/235/6 10084/235/6 10092/235/6
f 10092/16/6 10085/16/6 10093/16/6
f 10086/207/6 10087/207/6 10094/207/6
f 10087/212/6 10088/212/6 10095/212/6
f 10094/207/6 10087/207/6 10095/207/6
f 10088/17/6 10089/17/6 10096/17/6
f 10095/212/6 10088/212/6 10096/212/6
f 10096/17/6 10089/17/6 10097/17/6
f 10090/58/6 10091/58/6 10098/58/6
f 10091/49/6 10092/49/6 10099/49/6
f 10098/58/6 10091/58/6 10099/58/6
f 10092/13/6 10093/13/6 10100/13/6
f 10099/49/6 10092/49/6 10100/49/6
f 10100/13/6 10093/13/6 10101/13/6
f 10094/200/6 10095/200/6 10102/200/6
f 10095/229/6 10096/229/6 10103/229/6
f 10102/200/6 10095/200/6 10103/200/6
f 10096/146/6 10097/146/6 10104/146/6
f 10103/229/6 10096/229/6 10104/229/6
f 10104/146/6 10097/146/6 10105/146/6
f 10099/64/6 10100/64/6 10106/64/6
f 10100/216/6 10101/216/6 10107/216/6
f 10106/64/6 10100/64/6 10107/64/6
f 10107/216/6 10101/216/6 10108/216/6
f 10102/252/6 10103/252/6 10111/252/6
f 10103/131/6 10104/131/6 10112/131/6
f 10111/252/6 10103/252/6 10112/252/6
f 10112/131/6 10104/131/6 10113/131/6
f 10106/179/6 10107/179/6 10114/179/6
f 10107/67/6 10108/67/6 10115/67/6
f 10114/179/6 10107/179/6 10115/179/6
f 10108/213/6 10109/213/6 10116/213/6
f 10115/67/6 10108/67/6 10116/67/6
f 10116/213/6 10109/213/6 10117/213/6
f 10110/140/6 10111/140/6 10120/140/6
f 10111/235/6 10112/235/6 10121/235/6
f 10120/140/6 10111/140/6 10121/140/6
f 10112/199/6 10113/199/6 10122/199/6
f 10121/235/6 10112/235/6 10122/235/6
f 10122/199/6 10113/199/6 10123/199/6
f 10114/43/6 10115/43/6 10124/43/6
f 10115/182/6 10116/182/6 10125/182/6
f 10124/43/6 10115/43/6 10125/43/6
f 10116/103/6 10117/103/6 10126/103/6
f 10125/182/6 10116/182/6 10126/182/6
f 10117/231/6 10118/231/6 10127/231/6
f 10126/103/6 10117/103/6 10127/103/6
f 10127/231/6 10118/231/6 10128/231/6
f 10119/65/6 10120/65/6 10132/65/6
f 10120/7/6 10121/7/6 10133/7/6
f 10132/65/6 10120/65/6 10133/65/6
f 10121/218/6 10122/218/6 10134/218/6
f 10133/7/6 10121/7/6 10134/7/6
f 10122/240/6 10123/240/6 10135/240/6
f 10134/218/6 10122/218/6 10135/218/6
f 10135/240/6 10123/240/6 10136/240/6
f 10125/15/6 10126/15/6 10137/15/6
f 10126/89/6 10127/89/6 10138/89/6
f 10137/15/6 10126/15/6 10138/15/6
f 10127/93/6 10128/93/6 10139/93/6
f 10138/89/6 10127/89/6 10139/89/6
f 10128/116/6 10129/116/6 10140/116/6
f 10139/93/6 10128/93/6 10140/93/6
f 10129/79/6 10130/79/6 10141/79/6
f 10140/116/6 10129/116/6 10141/116/6
f 10130/136/6 10131/136/6 10142/136/6
f 10141/79/6 10130/79/6 10142/79/6
f 10131/53/6 10132/53/6 10143/53/6
f 10142/136/6 10131/136/6 10143/136/6
f 10132/137/6 10133/137/6 10144/137/6
f 10143/53/6 10132/53/6 10144/53/6
f 10133/250/6 10134/250/6 10145/250/6
f 10144/137/6 10133/137/6 10145/137/6
f 10134/220/6 10135/220/6 10146/220/6
f 10145/250/6 10134/250/6 10146/250/6
f 10146/220/6 10135/220/6 10147/220/6
f 10138/96/6 10139/96/6 10148/96/6
f 10139/38/6 10140/38/6 10149/38/6
f 10148/96/6 10139/96/6 10149/96/6
f 10140/147/6 10141/147/6 10150/147/6
f 10149/38/6 10140/38/6 10150/38/6
f 10141/68/6 10142/68/6 10151/68/6
f 10150/147/6 10141/147/6 10151/147/6
f 10142/114/6 10143/114/6 10152/114/6
f 10151/68/6 10142/68/6 10152/68/6
f 10143/162/6 10144/162/6 10153/162/6
f 10152/114/6 10143/114/6 10153/114/6
f 10144/229/6 10145/229/6 10154/229/6
f 10153/162/6 10144/162/6 10154/162/6
f 10145/23/6 10146/23/6 10155/23/6
f 10154/229/6 10145/229/6 10155/229/6
f 10155/23/6 10146/23/6 10156/23/6
f 10151/169/6 10152/169/6 10157/169/6
f 10152/23/6 10153/23/6 10158/23/6
f 10157/169/6 10152/169/6 10158/169/6
f 10158/23/6 10153/23/6 10159/23/6
f 10160/121/6 10161/121/6 10166/121/6
f 10161/21/6 10162/21/6 10167/21/6
f 10166/121/6 10161/121/6 10167/121/6
f 10162/194/6 10163/194/6 10168/194/6
f 10167/21/6 10162/21/6 10168/21/6
f 10163/173/6 10164/173/6 10169/173/6
f 10168/194/6 10163/194/6 10169/194/6
f 10169/173/6 10164/173/6 10170/173/6
f 10165/31/6 10166/31/6 10173/31/6
f 10166/228/6 10167/228/6 10174/228/6
f 10173/31/6 10166/31/6 10174/31/6
f 10167/22/6 10168/22/6 10175/22/6
f 10174/228/6 10167/228/6 10175/228/6
f 10168/73/6 10169/73/6 10176/73/6
f 10175/22/6 10168/22/6 10176/22/6
f 10169/245/6 10170/245/6 10177/245/6
f 10176/73/6 10169/73/6 10177/73/6
f 10170/3/6 10171/3/6 10178/3/6
f 10177/245/6 10170/245/6 10178/245/6
f 10178/3/6 10171/3/6 10179/3/6
f 10172/17/6 10173/17/6 10181/17/6
f 10173/238/6 10174/238/6 10182/238/6
f 10181/17/6 10173/17/6 10182/17/6
f 10174/191/6 10175/191/6 10183/191/6
f 10182/238/6 10174/238/6 10183/238/6
f 10176/175/6 10177/175/6 10184/175/6
f 10183/191/6 10175/191/6 10184/191/6
f 10175/175/6 10176/175/6 10184/175/6
f 10184/175/6 10177/175/6 10185/175/6
f 10177/43/6 10178/43/6 10186/43/6
f 10185/175/6 10177/175/6 10186/175/6
f 10178/29/6 10179/29/6 10187/29/6
f 10186/43/6 10178/43/6 10187/43/6
f 10179/238/6 10180/238/6 10188/238/6
f 10187/29/6 10179/29/6 10188/29/6
f 10188/238/6 10180/238/6 10189/238/6
f 10181/141/6 10182/141/6 10190/141/6
f 10182/142/6 10183/142/6 10191/142/6
f 10190/141/6 10182/141/6 10191/141/6
f 10183/73/6 10184/73/6 10192/73/6
f 10191/142/6 10183/142/6 10192/142/6
f 10184/161/6 10185/161/6 10193/161/6
f 10192/73/6 10184/73/6 10193/73/6
f 10185/108/6 10186/108/6 10194/108/6
f 10193/161/6 10185/161/6 10194/161/6
f 10186/167/6 10187/167/6 10195/167/6
f 10194/108/6 10186/108/6 10195/108/6
f 10187/39/6 10188/39/6 10196/39/6
f 10195/167/6 10187/167/6 10196/167/6
f 10188/43/6 10189/43/6 10197/43/6
f 10196/39/6 10188/39/6 10197/39/6
f 10197/43/6 10189/43/6 10198/43/6
f 10190/26/6 10191/26/6 10199/26/6
f 10191/113/6 10192/113/6 10200/113/6
f 10199/26/6 10191/26/6 10200/26/6
f 10192/145/6 10193/145/6 10201/145/6
f 10200/113/6 10192/113/6 10201/113/6
f 10193/93/6 10194/93/6 10202/93/6
f 10201/145/6 10193/145/6 10202/145/6
f 10194/3/6 10195/3/6 10203/3/6
f 10202/93/6 10194/93/6 10203/93/6
f 10195/126/6 10196/126/6 10204/126/6
f 10203/3/6 10195/3/6 10204/3/6
f 10196/101/6 10197/101/6 10205/101/6
f 10204/126/6 10196/126/6 10205/126/6
f 10197/72/6 10198/72/6 10206/72/6
f 10205/101/6 10197/101/6 10206/101/6
f 10206/72/6 10198/72/6 10207/72/6
f 10199/44/6 10200/44/6 10208/44/6
f 10200/128/6 10201/128/6 10209/128/6
f 10208/44/6 10200/44/6 10209/44/6
f 10201/135/6 10202/135/6 10210/135/6
f 10209/128/6 10201/128/6 10210/128/6
f 10202/168/6 10203/168/6 10211/168/6
f 10210/135/6 10202/135/6 10211/135/6
f 10203/37/6 10204/37/6 10212/37/6
f 10211/168/6 10203/168/6 10212/168/6
f 10204/176/6 10205/176/6 10213/176/6
f 10212/37/6 10204/37/6 10213/37/6
f 10205/74/6 10206/74/6 10214/74/6
f 10213/176/6 10205/176/6 10214/176/6
f 10206/93/6 10207/93/6 10215/93/6
f 10214/74/6 10206/74/6 10215/74/6
f 10215/93/6 10207/93/6 10216/93/6
f 10209/186/6 10210/186/6 10217/186/6
f 10210/236/6 10211/236/6 10218/236/6
f 10217/186/6 10210/186/6 10218/186/6
f 10211/207/6 10212/207/6 10219/207/6
f 10218/236/6 10211/236/6 10219/236/6
f 10212/3/6 10213/3/6 10220/3/6
f 10219/207/6 10212/207/6 10220/207/6
f 10213/252/6 10214/252/6 10221/252/6
f 10220/3/6 10213/3/6 10221/3/6
f 10214/159/6 10215/159/6 10222/159/6
f 10221/252/6 10214/252/6 10222/252/6
f 10222/159/6 10215/159/6 10223/159/6
f 10218/154/6 10219/154/6 10224/154/6
f 10219/7/6 10220/7/6 10225/7/6
f 10224/154/6 10219/154/6 10225/154/6
f 10220/55/6 10221/55/6 10226/55/6
f 10225/7/6 10220/7/6 10226/7/6
f 10221/26/6 10222/26/6 10227/26/6
f 10226/55/6 10221/55/6 10227/55/6
f 10227/26/6 10222/26/6 10228/26/6
